#-----------------------------------------------------------
# Vivado v2019.2 (64-bit)
# SW Build 2708876 on Wed Nov  6 21:40:23 MST 2019
# IP Build 2700528 on Thu Nov  7 00:09:20 MST 2019
# Start of session at: Tue Dec 30 00:50:24 2025
# Process ID: 27576
# Current directory: D:/FPGA/Vivaldo Project/PUCCH-FORMAT-0/pucch0
# Command line: vivado.exe -gui_launcher_event rodinguilauncherevent21308 D:\FPGA\Vivaldo Project\PUCCH-FORMAT-0\pucch0\pucch0.xpr
# Log file: D:/FPGA/Vivaldo Project/PUCCH-FORMAT-0/pucch0/vivado.log
# Journal file: D:/FPGA/Vivaldo Project/PUCCH-FORMAT-0/pucch0\vivado.jou
#-----------------------------------------------------------
start_gui
open_project {D:/FPGA/Vivaldo Project/PUCCH-FORMAT-0/pucch0/pucch0.xpr}
INFO: [Project 1-313] Project file moved from 'D:/FPGA/Vivaldo Project/PUCCH-FORMAT-0/PUCCH0_IP/pucch0' since last save.
Scanning sources...
Finished scanning sources
INFO: [filemgmt 56-1] IP Repository Path: Directory not found as 'D:/FPGA/PUCCH-FORMAT-0'; using path 'D:/FPGA/Vivaldo Project/PUCCH-FORMAT-0' instead.
WARNING: [filemgmt 56-2] IPUserFilesDir: Could not find the directory 'D:/FPGA/Vivaldo Project/PUCCH-FORMAT-0/pucch0/pucch0.ip_user_files', nor could it be found using path 'D:/FPGA/Vivaldo Project/PUCCH-FORMAT-0/PUCCH0_IP/pucch0/pucch0_integra.ip_user_files'.
INFO: [IP_Flow 19-234] Refreshing IP repositories
INFO: [IP_Flow 19-1700] Loaded user IP repository 'd:/FPGA/Vivaldo Project/PUCCH-FORMAT-0'.
WARNING: [IP_Flow 19-3656] If you move the project, the path for repository 'd:/FPGA/Vivaldo Project/PUCCH-FORMAT-0' may become invalid. A better location for the repository would be in a path adjacent to the project. (Current project location is 'd:/FPGA/Vivaldo Project/PUCCH-FORMAT-0/pucch0'.)
INFO: [IP_Flow 19-2313] Loaded Vivado IP repository 'D:/Xilinx/Vivado/2019.2/data/ip'.
WARNING: [IP_Flow 19-1663] Duplicate IP found for 'xilinx.com:user:ctr_fft:1.0'. The one found in IP location 'd:/FPGA/Vivaldo Project/PUCCH-FORMAT-0/all_sub_ips/ctr_pre_fft' will take precedence over the same IP in location d:/FPGA/Vivaldo Project/PUCCH-FORMAT-0/ofdm_demodulation/OFDM_Demodulation_v0/ctr_ofdm/ctr_ofdm
WARNING: [BD 41-1661] One or more IPs have been locked in the design 'pucch0.bd'. Please run report_ip_status for more details and recommendations on how to fix this issue.
List of locked IPs:
pucch0_frame_sync_0_4
pucch0_cyclic_0_0
pucch0_sync_cyclic_0_0
pucch0_demapping_0_0
pucch0_rx_duplication_0_0
pucch0_combine_rx_sym_0_0
pucch0_correlation_0_0
pucch0_frame_sync_0_3
pucch0_cyclic_0_1
pucch0_ofdm_demodulation_v2_0_0

open_project: Time (s): cpu = 00:00:15 ; elapsed = 00:00:09 . Memory (MB): peak = 958.785 ; gain = 275.637
update_compile_order -fileset sources_1
report_ip_status -name ip_status 
upgrade_ip [get_ips  {pucch0_frame_sync_0_4 pucch0_combine_rx_sym_0_0 pucch0_correlation_0_0 pucch0_frame_sync_0_3 pucch0_rx_duplication_0_0 pucch0_demapping_0_0}] -log ip_upgrade.log
Adding component instance block -- xilinx.com:user:physical_control:1.0 - physical_control_0
Adding component instance block -- xilinx.com:user:demapping:1.0 - demapping_0
Adding component instance block -- xilinx.com:user:peak_search:1.0 - peak_search_0
Adding component instance block -- xilinx.com:user:correlation:1.0 - correlation_0
Adding component instance block -- xilinx.com:user:frame_sync:1.0 - frame_sync_0
Adding component instance block -- xilinx.com:user:layer2_parameter:1.0 - layer2_parameter_0
Adding component instance block -- xilinx.com:ip:xlconstant:1.1 - xlconstant_0
Adding component instance block -- xilinx.com:ip:xlconstant:1.1 - xlconstant_1
Adding component instance block -- xilinx.com:user:frame_sync:1.0 - frame_sync_1
Adding component instance block -- xilinx.com:ip:xlconcat:2.1 - xlconcat_0
Adding component instance block -- xilinx.com:user:sync_cyclic:1.0 - sync_cyclic_0
Adding component instance block -- xilinx.com:ip:xlconstant:1.1 - xlconstant_2
Adding component instance block -- xilinx.com:ip:xlslice:1.0 - xlslice_0
Adding component instance block -- xilinx.com:user:combine_rx_sym:1.0 - combine_rx_sym_0
Adding component instance block -- xilinx.com:user:ofdm_demodulation_v2:2 - ofdm_demodulation_v2_0
Adding component instance block -- xilinx.com:user:rx_duplication:1.0 - rx_duplication_0
Adding component instance block -- xilinx.com:user:cyclic:1.0 - cyclic_0
Adding component instance block -- xilinx.com:user:cyclic:1.0 - cyclic_1
WARNING: [BD 41-1731] Type mismatch between connected pins: /clk(clk) and /physical_control_0/clk(undef)
WARNING: [BD 41-1731] Type mismatch between connected pins: /clk(clk) and /frame_sync_0/clk(undef)
WARNING: [BD 41-1731] Type mismatch between connected pins: /clk(clk) and /demapping_0/clk(undef)
WARNING: [BD 41-1731] Type mismatch between connected pins: /clk(clk) and /layer2_parameter_0/clk(undef)
WARNING: [BD 41-1731] Type mismatch between connected pins: /clk(clk) and /correlation_0/clk(undef)
WARNING: [BD 41-1731] Type mismatch between connected pins: /clk(clk) and /peak_search_0/clk(undef)
WARNING: [BD 41-1731] Type mismatch between connected pins: /clk(clk) and /frame_sync_1/clk(undef)
WARNING: [BD 41-1731] Type mismatch between connected pins: /clk(clk) and /sync_cyclic_0/clk(undef)
WARNING: [BD 41-1731] Type mismatch between connected pins: /clk(clk) and /combine_rx_sym_0/clk(undef)
WARNING: [BD 41-1731] Type mismatch between connected pins: /clk(clk) and /ofdm_demodulation_v2_0/clk(undef)
WARNING: [BD 41-1731] Type mismatch between connected pins: /clk(clk) and /rx_duplication_0/clk(undef)
WARNING: [BD 41-1731] Type mismatch between connected pins: /clk(clk) and /cyclic_0/clk(undef)
WARNING: [BD 41-1731] Type mismatch between connected pins: /clk(clk) and /cyclic_1/clk(undef)
WARNING: [BD 41-1731] Type mismatch between connected pins: /rst(rst) and /physical_control_0/rst(undef)
WARNING: [BD 41-1731] Type mismatch between connected pins: /rst(rst) and /frame_sync_0/rst(undef)
WARNING: [BD 41-1731] Type mismatch between connected pins: /rst(rst) and /demapping_0/rst(undef)
WARNING: [BD 41-1731] Type mismatch between connected pins: /rst(rst) and /layer2_parameter_0/rst(undef)
WARNING: [BD 41-1731] Type mismatch between connected pins: /rst(rst) and /correlation_0/rst(undef)
WARNING: [BD 41-1731] Type mismatch between connected pins: /rst(rst) and /peak_search_0/rst(undef)
WARNING: [BD 41-1731] Type mismatch between connected pins: /rst(rst) and /frame_sync_1/rst(undef)
WARNING: [BD 41-1731] Type mismatch between connected pins: /rst(rst) and /sync_cyclic_0/rst(undef)
WARNING: [BD 41-1731] Type mismatch between connected pins: /rst(rst) and /combine_rx_sym_0/rst(undef)
WARNING: [BD 41-1731] Type mismatch between connected pins: /rst(rst) and /ofdm_demodulation_v2_0/rst(undef)
WARNING: [BD 41-1731] Type mismatch between connected pins: /rst(rst) and /rx_duplication_0/rst(undef)
WARNING: [BD 41-1731] Type mismatch between connected pins: /rst(rst) and /cyclic_0/rst(undef)
WARNING: [BD 41-1731] Type mismatch between connected pins: /rst(rst) and /cyclic_1/rst(undef)
Successfully read diagram <pucch0> from BD file <D:/FPGA/Vivaldo Project/PUCCH-FORMAT-0/pucch0/pucch0.srcs/sources_1/bd/pucch0/pucch0.bd>
Upgrading 'D:/FPGA/Vivaldo Project/PUCCH-FORMAT-0/pucch0/pucch0.srcs/sources_1/bd/pucch0/pucch0.bd'
INFO: [IP_Flow 19-3422] Upgraded pucch0_combine_rx_sym_0_0 (combine_rx_sym_v1_0 1.0) from revision 3 to revision 2
WARNING: [BD 41-1731] Type mismatch between connected pins: /clk(clk) and /combine_rx_sym_0_upgraded_ipi/clk(undef)
WARNING: [BD 41-1731] Type mismatch between connected pins: /rst(rst) and /combine_rx_sym_0_upgraded_ipi/rst(undef)
INFO: [IP_Flow 19-3422] Upgraded pucch0_correlation_0_0 (correlation_v1_0 1.0) from revision 5 to revision 2
WARNING: [BD 41-1731] Type mismatch between connected pins: /clk(clk) and /correlation_0_upgraded_ipi/clk(undef)
WARNING: [BD 41-1731] Type mismatch between connected pins: /rst(rst) and /correlation_0_upgraded_ipi/rst(undef)
INFO: [IP_Flow 19-1972] Upgraded pucch0_demapping_0_0 from demapping_v1_0 1.0 to demapping_v1_0 1.0
WARNING: [BD 41-1731] Type mismatch between connected pins: /clk(clk) and /demapping_0_upgraded_ipi/clk(undef)
WARNING: [BD 41-1731] Type mismatch between connected pins: /rst(rst) and /demapping_0_upgraded_ipi/rst(undef)
INFO: [IP_Flow 19-3422] Upgraded pucch0_frame_sync_0_3 (frame_sync_v1_0 1.0) from revision 4 to revision 2
WARNING: [BD 41-1731] Type mismatch between connected pins: /clk(clk) and /frame_sync_0_upgraded_ipi/clk(undef)
WARNING: [BD 41-1731] Type mismatch between connected pins: /rst(rst) and /frame_sync_0_upgraded_ipi/rst(undef)
INFO: [IP_Flow 19-3422] Upgraded pucch0_frame_sync_0_4 (frame_sync_v1_0 1.0) from revision 4 to revision 2
WARNING: [BD 41-1731] Type mismatch between connected pins: /clk(clk) and /frame_sync_1_upgraded_ipi/clk(undef)
WARNING: [BD 41-1731] Type mismatch between connected pins: /rst(rst) and /frame_sync_1_upgraded_ipi/rst(undef)
INFO: [IP_Flow 19-3422] Upgraded pucch0_rx_duplication_0_0 (rx_duplication_v1_0 1.0) from revision 4 to revision 2
WARNING: [BD 41-1731] Type mismatch between connected pins: /clk(clk) and /rx_duplication_0_upgraded_ipi/clk(undef)
WARNING: [BD 41-1731] Type mismatch between connected pins: /rst(rst) and /rx_duplication_0_upgraded_ipi/rst(undef)
Wrote  : <D:\FPGA\Vivaldo Project\PUCCH-FORMAT-0\pucch0\pucch0.srcs\sources_1\bd\pucch0\pucch0.bd> 
Wrote  : <D:/FPGA/Vivaldo Project/PUCCH-FORMAT-0/pucch0/pucch0.srcs/sources_1/bd/pucch0/ui/bd_f85decd.ui> 
INFO: [Coretcl 2-1525] Wrote upgrade log to 'D:/FPGA/Vivaldo Project/PUCCH-FORMAT-0/pucch0/ip_upgrade.log'.
upgrade_ip: Time (s): cpu = 00:00:09 ; elapsed = 00:00:09 . Memory (MB): peak = 1032.371 ; gain = 73.586
export_ip_user_files -of_objects [get_ips {pucch0_frame_sync_0_4 pucch0_combine_rx_sym_0_0 pucch0_correlation_0_0 pucch0_frame_sync_0_3 pucch0_rx_duplication_0_0 pucch0_demapping_0_0}] -no_script -sync -force -quiet
report_ip_status -name ip_status 
update_ip_catalog -rebuild
INFO: [IP_Flow 19-234] Refreshing IP repositories
INFO: [IP_Flow 19-1700] Loaded user IP repository 'd:/FPGA/Vivaldo Project/PUCCH-FORMAT-0'.
WARNING: [IP_Flow 19-3656] If you move the project, the path for repository 'd:/FPGA/Vivaldo Project/PUCCH-FORMAT-0' may become invalid. A better location for the repository would be in a path adjacent to the project. (Current project location is 'd:/FPGA/Vivaldo Project/PUCCH-FORMAT-0/pucch0'.)
WARNING: [IP_Flow 19-1663] Duplicate IP found for 'xilinx.com:user:ctr_fft:1.0'. The one found in IP location 'd:/FPGA/Vivaldo Project/PUCCH-FORMAT-0/all_sub_ips/ctr_pre_fft' will take precedence over the same IP in location d:/FPGA/Vivaldo Project/PUCCH-FORMAT-0/ofdm_demodulation/OFDM_Demodulation_v0/ctr_ofdm/ctr_ofdm
report_ip_status -name ip_status 
validate_bd_design
ERROR: [BD 5-336] This command cannot be run, as the BD-design is locked. Locked reason(s):
* Block design contains locked IPs. Please run report_ip_status for more details and recommendations on how to fix this issue. 
List of locked IPs: 
pucch0_cyclic_0_0
pucch0_sync_cyclic_0_0
pucch0_cyclic_0_1
pucch0_ofdm_demodulation_v2_0_0

ERROR: [Common 17-39] 'validate_bd_design' failed due to earlier errors.
report_ip_status -name ip_status 
startgroup
create_bd_cell -type ip -vlnv xilinx.com:user:ofdm_demodulation_ip:1.0 ofdm_demodulation_ip_0
endgroup
delete_bd_objs [get_bd_cells ofdm_demodulation_ip_0]
report_ip_status -name ip_status 
report_ip_status -name ip_status 
update_ip_catalog -rebuild
INFO: [IP_Flow 19-234] Refreshing IP repositories
INFO: [IP_Flow 19-1700] Loaded user IP repository 'd:/FPGA/Vivaldo Project/PUCCH-FORMAT-0'.
WARNING: [IP_Flow 19-3656] If you move the project, the path for repository 'd:/FPGA/Vivaldo Project/PUCCH-FORMAT-0' may become invalid. A better location for the repository would be in a path adjacent to the project. (Current project location is 'd:/FPGA/Vivaldo Project/PUCCH-FORMAT-0/pucch0'.)
WARNING: [IP_Flow 19-1663] Duplicate IP found for 'xilinx.com:user:ctr_fft:1.0'. The one found in IP location 'd:/FPGA/Vivaldo Project/PUCCH-FORMAT-0/all_sub_ips/ctr_pre_fft' will take precedence over the same IP in location d:/FPGA/Vivaldo Project/PUCCH-FORMAT-0/ofdm_demodulation/OFDM_Demodulation_v0/ctr_ofdm/ctr_ofdm
report_ip_status -name ip_status 
WARNING: [IP_Flow 19-4318] IP-XACT file does not exist: d:/FPGA/Vivaldo Project/PUCCH-FORMAT-0/ofdm_demodulation/OFDM_Demodulation_v0/ofdm_demodulation/project_1/component.xml. It will be created.
update_ip_catalog -rebuild -scan_changes
INFO: [IP_Flow 19-234] Refreshing IP repositories
INFO: [IP_Flow 19-1700] Loaded user IP repository 'd:/FPGA/Vivaldo Project/PUCCH-FORMAT-0'.
WARNING: [IP_Flow 19-3656] If you move the project, the path for repository 'd:/FPGA/Vivaldo Project/PUCCH-FORMAT-0' may become invalid. A better location for the repository would be in a path adjacent to the project. (Current project location is 'd:/FPGA/Vivaldo Project/PUCCH-FORMAT-0/pucch0'.)
WARNING: [IP_Flow 19-1663] Duplicate IP found for 'xilinx.com:user:ctr_fft:1.0'. The one found in IP location 'd:/FPGA/Vivaldo Project/PUCCH-FORMAT-0/all_sub_ips/ctr_pre_fft' will take precedence over the same IP in location d:/FPGA/Vivaldo Project/PUCCH-FORMAT-0/ofdm_demodulation/OFDM_Demodulation_v0/ctr_ofdm/ctr_ofdm
report_ip_status -name ip_status
update_ip_catalog -rebuild
INFO: [IP_Flow 19-234] Refreshing IP repositories
INFO: [IP_Flow 19-1700] Loaded user IP repository 'd:/FPGA/Vivaldo Project/PUCCH-FORMAT-0'.
WARNING: [IP_Flow 19-3656] If you move the project, the path for repository 'd:/FPGA/Vivaldo Project/PUCCH-FORMAT-0' may become invalid. A better location for the repository would be in a path adjacent to the project. (Current project location is 'd:/FPGA/Vivaldo Project/PUCCH-FORMAT-0/pucch0'.)
WARNING: [IP_Flow 19-1663] Duplicate IP found for 'xilinx.com:user:ctr_fft:1.0'. The one found in IP location 'd:/FPGA/Vivaldo Project/PUCCH-FORMAT-0/all_sub_ips/ctr_pre_fft' will take precedence over the same IP in location d:/FPGA/Vivaldo Project/PUCCH-FORMAT-0/ofdm_demodulation/OFDM_Demodulation_v0/ctr_ofdm/ctr_ofdm
update_ip_catalog -rebuild
INFO: [IP_Flow 19-234] Refreshing IP repositories
INFO: [IP_Flow 19-1700] Loaded user IP repository 'd:/FPGA/Vivaldo Project/PUCCH-FORMAT-0'.
WARNING: [IP_Flow 19-3656] If you move the project, the path for repository 'd:/FPGA/Vivaldo Project/PUCCH-FORMAT-0' may become invalid. A better location for the repository would be in a path adjacent to the project. (Current project location is 'd:/FPGA/Vivaldo Project/PUCCH-FORMAT-0/pucch0'.)
WARNING: [IP_Flow 19-1663] Duplicate IP found for 'xilinx.com:user:ctr_fft:1.0'. The one found in IP location 'd:/FPGA/Vivaldo Project/PUCCH-FORMAT-0/all_sub_ips/ctr_pre_fft' will take precedence over the same IP in location d:/FPGA/Vivaldo Project/PUCCH-FORMAT-0/ofdm_demodulation/OFDM_Demodulation_v0/ctr_ofdm/ctr_ofdm
startgroup
create_bd_cell -type ip -vlnv xilinx.com:user:cyclic_gen:1.0 cyclic_gen_0
endgroup
set_property location {9 3033 918} [get_bd_cells cyclic_gen_0]
delete_bd_objs [get_bd_nets cyclic_1_cyclic_shift_valid] [get_bd_nets xlconstant_1_dout] [get_bd_nets cyclic_1_cyclic_shift] [get_bd_cells cyclic_1]
undo
INFO: [Common 17-17] undo 'delete_bd_objs [get_bd_nets cyclic_1_cyclic_shift_valid] [get_bd_nets xlconstant_1_dout] [get_bd_nets cyclic_1_cyclic_shift] [get_bd_cells cyclic_1]'
WARNING: [BD 41-1731] Type mismatch between connected pins: /rst(rst) and /cyclic_1/rst(undef)
WARNING: [BD 41-1731] Type mismatch between connected pins: /clk(clk) and /cyclic_1/clk(undef)
connect_bd_net [get_bd_ports clk] [get_bd_pins cyclic_gen_0/clk]
WARNING: [BD 41-1731] Type mismatch between connected pins: /clk(clk) and /cyclic_gen_0/clk(undef)
connect_bd_net [get_bd_ports rst] [get_bd_pins cyclic_gen_0/rst]
WARNING: [BD 41-1731] Type mismatch between connected pins: /rst(rst) and /cyclic_gen_0/rst(undef)
connect_bd_net [get_bd_pins cyclic_gen_0/in_valid] [get_bd_pins layer2_parameter_0/uci_valid]
connect_bd_net [get_bd_pins cyclic_gen_0/uci_nID] [get_bd_pins layer2_parameter_0/uci_nid]
connect_bd_net [get_bd_ports slot_ind] [get_bd_pins cyclic_gen_0/uci_slot]
connect_bd_net [get_bd_pins cyclic_gen_0/uci_first_symbol] [get_bd_pins layer2_parameter_0/uci_frist_symbol]
connect_bd_net [get_bd_pins cyclic_gen_0/uci_sym_alloc] [get_bd_pins xlconstant_1/dout]
connect_bd_net [get_bd_pins cyclic_gen_0/uci_m0] [get_bd_pins layer2_parameter_0/uci_m0]
connect_bd_net [get_bd_pins cyclic_gen_0/uci_ack] [get_bd_pins layer2_parameter_0/uci_ack]
connect_bd_net [get_bd_ports group_hopping] [get_bd_pins cyclic_gen_0/uci_grouphopping]
connect_bd_net [get_bd_pins cyclic_gen_0/uci_nhop] [get_bd_pins xlconstant_1/dout]
delete_bd_objs [get_bd_nets cyclic_1_cyclic_shift_valid] [get_bd_nets cyclic_1_cyclic_shift] [get_bd_cells cyclic_1]
connect_bd_net [get_bd_pins cyclic_gen_0/cyclic_shift_valid] [get_bd_pins sync_cyclic_0/valid_1]
connect_bd_net [get_bd_pins cyclic_gen_0/cyclic_shift] [get_bd_pins sync_cyclic_0/cyclic_1]
copy_bd_objs /  [get_bd_cells {cyclic_gen_0}]
set_property location {9 3115 575} [get_bd_cells cyclic_gen_1]
connect_bd_net [get_bd_ports clk] [get_bd_pins cyclic_gen_1/clk]
WARNING: [BD 41-1731] Type mismatch between connected pins: /clk(clk) and /cyclic_gen_1/clk(undef)
connect_bd_net [get_bd_ports rst] [get_bd_pins cyclic_gen_1/rst]
WARNING: [BD 41-1731] Type mismatch between connected pins: /rst(rst) and /cyclic_gen_1/rst(undef)
connect_bd_net [get_bd_pins cyclic_gen_1/in_valid] [get_bd_pins layer2_parameter_0/uci_valid]
connect_bd_net [get_bd_pins cyclic_gen_1/uci_nID] [get_bd_pins layer2_parameter_0/uci_nid]
connect_bd_net [get_bd_ports slot_ind] [get_bd_pins cyclic_gen_1/uci_slot]
connect_bd_net [get_bd_pins cyclic_gen_1/uci_first_symbol] [get_bd_pins layer2_parameter_0/uci_frist_symbol]
connect_bd_net [get_bd_pins cyclic_gen_1/uci_sym_alloc] [get_bd_pins xlconstant_0/dout]
connect_bd_net [get_bd_pins cyclic_gen_1/uci_m0] [get_bd_pins layer2_parameter_0/uci_m0]
connect_bd_net [get_bd_pins cyclic_gen_1/uci_ack] [get_bd_pins layer2_parameter_0/uci_ack]
connect_bd_net [get_bd_ports group_hopping] [get_bd_pins cyclic_gen_1/uci_grouphopping]
connect_bd_net [get_bd_pins cyclic_gen_1/uci_nhop] [get_bd_pins xlconstant_0/dout]
delete_bd_objs [get_bd_nets cyclic_0_cyclic_shift_valid]
delete_bd_objs [get_bd_nets cyclic_0_cyclic_shift]
connect_bd_net [get_bd_pins cyclic_gen_1/cyclic_shift_valid] [get_bd_pins sync_cyclic_0/valid_0]
connect_bd_net [get_bd_pins cyclic_gen_1/cyclic_shift] [get_bd_pins sync_cyclic_0/cyclic_0]
delete_bd_objs [get_bd_cells cyclic_0]
save_bd_design
Wrote  : <D:\FPGA\Vivaldo Project\PUCCH-FORMAT-0\pucch0\pucch0.srcs\sources_1\bd\pucch0\pucch0.bd> 
Wrote  : <D:/FPGA/Vivaldo Project/PUCCH-FORMAT-0/pucch0/pucch0.srcs/sources_1/bd/pucch0/ui/bd_f85decd.ui> 
report_ip_status -name ip_status 
update_ip_catalog -rebuild -scan_changes
INFO: [IP_Flow 19-234] Refreshing IP repositories
INFO: [IP_Flow 19-1700] Loaded user IP repository 'd:/FPGA/Vivaldo Project/PUCCH-FORMAT-0'.
WARNING: [IP_Flow 19-3656] If you move the project, the path for repository 'd:/FPGA/Vivaldo Project/PUCCH-FORMAT-0' may become invalid. A better location for the repository would be in a path adjacent to the project. (Current project location is 'd:/FPGA/Vivaldo Project/PUCCH-FORMAT-0/pucch0'.)
WARNING: [IP_Flow 19-1663] Duplicate IP found for 'xilinx.com:user:ctr_fft:1.0'. The one found in IP location 'd:/FPGA/Vivaldo Project/PUCCH-FORMAT-0/all_sub_ips/ctr_pre_fft' will take precedence over the same IP in location d:/FPGA/Vivaldo Project/PUCCH-FORMAT-0/ofdm_demodulation/OFDM_Demodulation_v0/ctr_ofdm/ctr_ofdm
report_ip_status -name ip_status
report_ip_status -name ip_status 
startgroup
create_bd_cell -type ip -vlnv xilinx.com:user:cyclic_gen:1.0 cyclic_gen_2
endgroup
delete_bd_objs [get_bd_cells cyclic_gen_2]
report_ip_status -name ip_status 
update_ip_catalog -rebuild
INFO: [IP_Flow 19-234] Refreshing IP repositories
INFO: [IP_Flow 19-1700] Loaded user IP repository 'd:/FPGA/Vivaldo Project/PUCCH-FORMAT-0'.
WARNING: [IP_Flow 19-3656] If you move the project, the path for repository 'd:/FPGA/Vivaldo Project/PUCCH-FORMAT-0' may become invalid. A better location for the repository would be in a path adjacent to the project. (Current project location is 'd:/FPGA/Vivaldo Project/PUCCH-FORMAT-0/pucch0'.)
WARNING: [IP_Flow 19-1663] Duplicate IP found for 'xilinx.com:user:ctr_fft:1.0'. The one found in IP location 'd:/FPGA/Vivaldo Project/PUCCH-FORMAT-0/all_sub_ips/ctr_pre_fft' will take precedence over the same IP in location d:/FPGA/Vivaldo Project/PUCCH-FORMAT-0/ofdm_demodulation/OFDM_Demodulation_v0/ctr_ofdm/ctr_ofdm
WARNING: [IP_Flow 19-4318] IP-XACT file does not exist: d:/FPGA/Vivaldo Project/PUCCH-FORMAT-0/sync_cyclic/component.xml. It will be created.
update_ip_catalog -rebuild -scan_changes
INFO: [IP_Flow 19-234] Refreshing IP repositories
INFO: [IP_Flow 19-1700] Loaded user IP repository 'd:/FPGA/Vivaldo Project/PUCCH-FORMAT-0'.
WARNING: [IP_Flow 19-3656] If you move the project, the path for repository 'd:/FPGA/Vivaldo Project/PUCCH-FORMAT-0' may become invalid. A better location for the repository would be in a path adjacent to the project. (Current project location is 'd:/FPGA/Vivaldo Project/PUCCH-FORMAT-0/pucch0'.)
WARNING: [IP_Flow 19-1663] Duplicate IP found for 'xilinx.com:user:ctr_fft:1.0'. The one found in IP location 'd:/FPGA/Vivaldo Project/PUCCH-FORMAT-0/all_sub_ips/ctr_pre_fft' will take precedence over the same IP in location d:/FPGA/Vivaldo Project/PUCCH-FORMAT-0/ofdm_demodulation/OFDM_Demodulation_v0/ctr_ofdm/ctr_ofdm
report_ip_status -name ip_status
set_property  ip_repo_paths  {} [current_project]
update_ip_catalog
INFO: [IP_Flow 19-234] Refreshing IP repositories
INFO: [IP_Flow 19-1704] No user IP repositories specified
set_property  ip_repo_paths  {{D:/FPGA/Vivaldo Project/PUCCH-FORMAT-0}} [current_project]
update_ip_catalog
INFO: [IP_Flow 19-234] Refreshing IP repositories
INFO: [IP_Flow 19-1700] Loaded user IP repository 'd:/FPGA/Vivaldo Project/PUCCH-FORMAT-0'.
WARNING: [IP_Flow 19-3656] If you move the project, the path for repository 'd:/FPGA/Vivaldo Project/PUCCH-FORMAT-0' may become invalid. A better location for the repository would be in a path adjacent to the project. (Current project location is 'd:/FPGA/Vivaldo Project/PUCCH-FORMAT-0/pucch0'.)
WARNING: [IP_Flow 19-1663] Duplicate IP found for 'xilinx.com:user:ctr_fft:1.0'. The one found in IP location 'd:/FPGA/Vivaldo Project/PUCCH-FORMAT-0/all_sub_ips/ctr_pre_fft' will take precedence over the same IP in location d:/FPGA/Vivaldo Project/PUCCH-FORMAT-0/ofdm_demodulation/OFDM_Demodulation_v0/ctr_ofdm/ctr_ofdm
report_ip_status -name ip_status 
update_ip_catalog -rebuild -scan_changes
INFO: [IP_Flow 19-234] Refreshing IP repositories
INFO: [IP_Flow 19-1700] Loaded user IP repository 'd:/FPGA/Vivaldo Project/PUCCH-FORMAT-0'.
WARNING: [IP_Flow 19-3656] If you move the project, the path for repository 'd:/FPGA/Vivaldo Project/PUCCH-FORMAT-0' may become invalid. A better location for the repository would be in a path adjacent to the project. (Current project location is 'd:/FPGA/Vivaldo Project/PUCCH-FORMAT-0/pucch0'.)
WARNING: [IP_Flow 19-1663] Duplicate IP found for 'xilinx.com:user:ctr_fft:1.0'. The one found in IP location 'd:/FPGA/Vivaldo Project/PUCCH-FORMAT-0/all_sub_ips/ctr_pre_fft' will take precedence over the same IP in location d:/FPGA/Vivaldo Project/PUCCH-FORMAT-0/ofdm_demodulation/OFDM_Demodulation_v0/ctr_ofdm/ctr_ofdm
report_ip_status -name ip_status
upgrade_ip -vlnv xilinx.com:user:sync_cyclic:1.0 [get_ips  pucch0_sync_cyclic_0_0] -log ip_upgrade.log
Upgrading 'D:/FPGA/Vivaldo Project/PUCCH-FORMAT-0/pucch0/pucch0.srcs/sources_1/bd/pucch0/pucch0.bd'
INFO: [IP_Flow 19-3422] Upgraded pucch0_sync_cyclic_0_0 (sync_cyclic_v1_0 1.0) from revision 4 to revision 3
WARNING: [BD 41-1731] Type mismatch between connected pins: /clk(clk) and /sync_cyclic_0_upgraded_ipi/clk(undef)
WARNING: [BD 41-1731] Type mismatch between connected pins: /rst(rst) and /sync_cyclic_0_upgraded_ipi/rst(undef)
Wrote  : <D:\FPGA\Vivaldo Project\PUCCH-FORMAT-0\pucch0\pucch0.srcs\sources_1\bd\pucch0\pucch0.bd> 
Wrote  : <D:/FPGA/Vivaldo Project/PUCCH-FORMAT-0/pucch0/pucch0.srcs/sources_1/bd/pucch0/ui/bd_f85decd.ui> 
INFO: [Coretcl 2-1525] Wrote upgrade log to 'D:/FPGA/Vivaldo Project/PUCCH-FORMAT-0/pucch0/ip_upgrade.log'.
export_ip_user_files -of_objects [get_ips pucch0_sync_cyclic_0_0] -no_script -sync -force -quiet
report_ip_status -name ip_status 
report_ip_status -name ip_status 
report_ip_status -name ip_status 
report_ip_status -name ip_status 
update_ip_catalog -rebuild
INFO: [IP_Flow 19-234] Refreshing IP repositories
INFO: [IP_Flow 19-1700] Loaded user IP repository 'd:/FPGA/Vivaldo Project/PUCCH-FORMAT-0'.
WARNING: [IP_Flow 19-3656] If you move the project, the path for repository 'd:/FPGA/Vivaldo Project/PUCCH-FORMAT-0' may become invalid. A better location for the repository would be in a path adjacent to the project. (Current project location is 'd:/FPGA/Vivaldo Project/PUCCH-FORMAT-0/pucch0'.)
WARNING: [IP_Flow 19-1663] Duplicate IP found for 'xilinx.com:user:ctr_fft:1.0'. The one found in IP location 'd:/FPGA/Vivaldo Project/PUCCH-FORMAT-0/all_sub_ips/ctr_pre_fft' will take precedence over the same IP in location d:/FPGA/Vivaldo Project/PUCCH-FORMAT-0/ofdm_demodulation/OFDM_Demodulation_v0/ctr_ofdm/ctr_ofdm
report_ip_status -name ip_status 
upgrade_ip -vlnv xilinx.com:user:ofdm_demodulation_v2:2 [get_ips  pucch0_ofdm_demodulation_v2_0_0] -log ip_upgrade.log
Upgrading 'D:/FPGA/Vivaldo Project/PUCCH-FORMAT-0/pucch0/pucch0.srcs/sources_1/bd/pucch0/pucch0.bd'
INFO: [IP_Flow 19-3422] Upgraded pucch0_ofdm_demodulation_v2_0_0 (ofdm_demodulation_v2 2) from revision 5 to revision 6
WARNING: [BD 41-1731] Type mismatch between connected pins: /clk(clk) and /ofdm_demodulation_v2_0_upgraded_ipi/clk(undef)
WARNING: [BD 41-1731] Type mismatch between connected pins: /rst(rst) and /ofdm_demodulation_v2_0_upgraded_ipi/rst(undef)
Wrote  : <D:\FPGA\Vivaldo Project\PUCCH-FORMAT-0\pucch0\pucch0.srcs\sources_1\bd\pucch0\pucch0.bd> 
Wrote  : <D:/FPGA/Vivaldo Project/PUCCH-FORMAT-0/pucch0/pucch0.srcs/sources_1/bd/pucch0/ui/bd_f85decd.ui> 
INFO: [Coretcl 2-1525] Wrote upgrade log to 'D:/FPGA/Vivaldo Project/PUCCH-FORMAT-0/pucch0/ip_upgrade.log'.
export_ip_user_files -of_objects [get_ips pucch0_ofdm_demodulation_v2_0_0] -no_script -sync -force -quiet
generate_target all [get_files  {{D:/FPGA/Vivaldo Project/PUCCH-FORMAT-0/pucch0/pucch0.srcs/sources_1/bd/pucch0/pucch0.bd}}]
CRITICAL WARNING: [BD 41-759] The input pins (listed below) are either not connected or do not have a source port, and they don't have a tie-off specified. These pins are tied-off to all 0's to avoid error in Implementation flow.
Please check your design and connect them as needed: 
/combine_rx_sym_0/in_sqrt
/correlation_0/resourcesetresourceset

Wrote  : <D:\FPGA\Vivaldo Project\PUCCH-FORMAT-0\pucch0\pucch0.srcs\sources_1\bd\pucch0\pucch0.bd> 
CRITICAL WARNING: [BD 41-1228] Width mismatch when connecting input pin '/demapping_0/uci_slot'(5) to net 'slot_ind_1'(8) - Only lower order bits will be connected, and other input bits of this pin will be left unconnected.
CRITICAL WARNING: [BD 41-1228] Width mismatch when connecting input pin '/cyclic_gen_0/uci_slot'(5) to net 'slot_ind_1'(8) - Only lower order bits will be connected, and other input bits of this pin will be left unconnected.
CRITICAL WARNING: [BD 41-1228] Width mismatch when connecting input pin '/cyclic_gen_1/uci_slot'(5) to net 'slot_ind_1'(8) - Only lower order bits will be connected, and other input bits of this pin will be left unconnected.
CRITICAL WARNING: [BD 41-1228] Width mismatch when connecting input pin '/demapping_0/uci_first_symbol_idx'(4) to net 'layer2_parameter_0_uci_frist_symbol'(8) - Only lower order bits will be connected, and other input bits of this pin will be left unconnected.
CRITICAL WARNING: [BD 41-1228] Width mismatch when connecting input pin '/cyclic_gen_0/uci_first_symbol'(4) to net 'layer2_parameter_0_uci_frist_symbol'(8) - Only lower order bits will be connected, and other input bits of this pin will be left unconnected.
CRITICAL WARNING: [BD 41-1228] Width mismatch when connecting input pin '/cyclic_gen_1/uci_first_symbol'(4) to net 'layer2_parameter_0_uci_frist_symbol'(8) - Only lower order bits will be connected, and other input bits of this pin will be left unconnected.
CRITICAL WARNING: [BD 41-1228] Width mismatch when connecting input pin '/demapping_0/uci_nsymbols'(2) to net 'layer2_parameter_0_uci_symbol'(8) - Only lower order bits will be connected, and other input bits of this pin will be left unconnected.
CRITICAL WARNING: [BD 41-1228] Width mismatch when connecting input pin '/demapping_0/uci_prbsoffset'(2) to net 'layer2_parameter_0_uci_pbr_offset'(16) - Only lower order bits will be connected, and other input bits of this pin will be left unconnected.
CRITICAL WARNING: [BD 41-1228] Width mismatch when connecting input pin '/demapping_0/uci_secondhop_prb'(10) to net 'layer2_parameter_0_uci_second_prb'(16) - Only lower order bits will be connected, and other input bits of this pin will be left unconnected.
CRITICAL WARNING: [BD 41-1228] Width mismatch when connecting input pin '/cyclic_gen_0/uci_nID'(11) to net 'layer2_parameter_0_uci_nid'(16) - Only lower order bits will be connected, and other input bits of this pin will be left unconnected.
CRITICAL WARNING: [BD 41-1228] Width mismatch when connecting input pin '/cyclic_gen_1/uci_nID'(11) to net 'layer2_parameter_0_uci_nid'(16) - Only lower order bits will be connected, and other input bits of this pin will be left unconnected.
CRITICAL WARNING: [BD 41-1228] Width mismatch when connecting input pin '/cyclic_gen_0/uci_m0'(4) to net 'layer2_parameter_0_uci_m0'(16) - Only lower order bits will be connected, and other input bits of this pin will be left unconnected.
CRITICAL WARNING: [BD 41-1228] Width mismatch when connecting input pin '/cyclic_gen_1/uci_m0'(4) to net 'layer2_parameter_0_uci_m0'(16) - Only lower order bits will be connected, and other input bits of this pin will be left unconnected.
CRITICAL WARNING: [BD 41-1228] Width mismatch when connecting input pin '/peak_search_0/uci_ack'(2) to net 'layer2_parameter_0_uci_ack'(16) - Only lower order bits will be connected, and other input bits of this pin will be left unconnected.
CRITICAL WARNING: [BD 41-1228] Width mismatch when connecting input pin '/cyclic_gen_0/uci_ack'(2) to net 'layer2_parameter_0_uci_ack'(16) - Only lower order bits will be connected, and other input bits of this pin will be left unconnected.
CRITICAL WARNING: [BD 41-1228] Width mismatch when connecting input pin '/cyclic_gen_1/uci_ack'(2) to net 'layer2_parameter_0_uci_ack'(16) - Only lower order bits will be connected, and other input bits of this pin will be left unconnected.
CRITICAL WARNING: [BD 41-1228] Width mismatch when connecting input pin '/cyclic_gen_0/uci_grouphopping'(2) to net 'group_hopping_1'(8) - Only lower order bits will be connected, and other input bits of this pin will be left unconnected.
CRITICAL WARNING: [BD 41-1228] Width mismatch when connecting input pin '/cyclic_gen_1/uci_grouphopping'(2) to net 'group_hopping_1'(8) - Only lower order bits will be connected, and other input bits of this pin will be left unconnected.
CRITICAL WARNING: [BD 41-1228] Width mismatch when connecting input pin '/ofdm_demodulation_v2_0/scale_factor'(4) to net 'xlconstant_2_dout'(3) - Only lower order bits will be connected, and other input bits of this pin will be left unconnected.
CRITICAL WARNING: [BD 41-1228] Width mismatch when connecting input pin '/ofdm_demodulation_v2_0/ant_input'(32) to net 'xlslice_0_Dout'(16) - Only lower order bits will be connected, and other input bits of this pin will be left unconnected.
VHDL Output written to : D:/FPGA/Vivaldo Project/PUCCH-FORMAT-0/pucch0/pucch0.srcs/sources_1/bd/pucch0/synth/pucch0.v
CRITICAL WARNING: [BD 41-1228] Width mismatch when connecting input pin '/demapping_0/uci_slot'(5) to net 'slot_ind_1'(8) - Only lower order bits will be connected, and other input bits of this pin will be left unconnected.
CRITICAL WARNING: [BD 41-1228] Width mismatch when connecting input pin '/cyclic_gen_0/uci_slot'(5) to net 'slot_ind_1'(8) - Only lower order bits will be connected, and other input bits of this pin will be left unconnected.
CRITICAL WARNING: [BD 41-1228] Width mismatch when connecting input pin '/cyclic_gen_1/uci_slot'(5) to net 'slot_ind_1'(8) - Only lower order bits will be connected, and other input bits of this pin will be left unconnected.
CRITICAL WARNING: [BD 41-1228] Width mismatch when connecting input pin '/demapping_0/uci_first_symbol_idx'(4) to net 'layer2_parameter_0_uci_frist_symbol'(8) - Only lower order bits will be connected, and other input bits of this pin will be left unconnected.
CRITICAL WARNING: [BD 41-1228] Width mismatch when connecting input pin '/cyclic_gen_0/uci_first_symbol'(4) to net 'layer2_parameter_0_uci_frist_symbol'(8) - Only lower order bits will be connected, and other input bits of this pin will be left unconnected.
CRITICAL WARNING: [BD 41-1228] Width mismatch when connecting input pin '/cyclic_gen_1/uci_first_symbol'(4) to net 'layer2_parameter_0_uci_frist_symbol'(8) - Only lower order bits will be connected, and other input bits of this pin will be left unconnected.
CRITICAL WARNING: [BD 41-1228] Width mismatch when connecting input pin '/demapping_0/uci_nsymbols'(2) to net 'layer2_parameter_0_uci_symbol'(8) - Only lower order bits will be connected, and other input bits of this pin will be left unconnected.
CRITICAL WARNING: [BD 41-1228] Width mismatch when connecting input pin '/demapping_0/uci_prbsoffset'(2) to net 'layer2_parameter_0_uci_pbr_offset'(16) - Only lower order bits will be connected, and other input bits of this pin will be left unconnected.
CRITICAL WARNING: [BD 41-1228] Width mismatch when connecting input pin '/demapping_0/uci_secondhop_prb'(10) to net 'layer2_parameter_0_uci_second_prb'(16) - Only lower order bits will be connected, and other input bits of this pin will be left unconnected.
CRITICAL WARNING: [BD 41-1228] Width mismatch when connecting input pin '/cyclic_gen_0/uci_nID'(11) to net 'layer2_parameter_0_uci_nid'(16) - Only lower order bits will be connected, and other input bits of this pin will be left unconnected.
CRITICAL WARNING: [BD 41-1228] Width mismatch when connecting input pin '/cyclic_gen_1/uci_nID'(11) to net 'layer2_parameter_0_uci_nid'(16) - Only lower order bits will be connected, and other input bits of this pin will be left unconnected.
CRITICAL WARNING: [BD 41-1228] Width mismatch when connecting input pin '/cyclic_gen_0/uci_m0'(4) to net 'layer2_parameter_0_uci_m0'(16) - Only lower order bits will be connected, and other input bits of this pin will be left unconnected.
CRITICAL WARNING: [BD 41-1228] Width mismatch when connecting input pin '/cyclic_gen_1/uci_m0'(4) to net 'layer2_parameter_0_uci_m0'(16) - Only lower order bits will be connected, and other input bits of this pin will be left unconnected.
CRITICAL WARNING: [BD 41-1228] Width mismatch when connecting input pin '/peak_search_0/uci_ack'(2) to net 'layer2_parameter_0_uci_ack'(16) - Only lower order bits will be connected, and other input bits of this pin will be left unconnected.
CRITICAL WARNING: [BD 41-1228] Width mismatch when connecting input pin '/cyclic_gen_0/uci_ack'(2) to net 'layer2_parameter_0_uci_ack'(16) - Only lower order bits will be connected, and other input bits of this pin will be left unconnected.
CRITICAL WARNING: [BD 41-1228] Width mismatch when connecting input pin '/cyclic_gen_1/uci_ack'(2) to net 'layer2_parameter_0_uci_ack'(16) - Only lower order bits will be connected, and other input bits of this pin will be left unconnected.
CRITICAL WARNING: [BD 41-1228] Width mismatch when connecting input pin '/cyclic_gen_0/uci_grouphopping'(2) to net 'group_hopping_1'(8) - Only lower order bits will be connected, and other input bits of this pin will be left unconnected.
CRITICAL WARNING: [BD 41-1228] Width mismatch when connecting input pin '/cyclic_gen_1/uci_grouphopping'(2) to net 'group_hopping_1'(8) - Only lower order bits will be connected, and other input bits of this pin will be left unconnected.
CRITICAL WARNING: [BD 41-1228] Width mismatch when connecting input pin '/ofdm_demodulation_v2_0/scale_factor'(4) to net 'xlconstant_2_dout'(3) - Only lower order bits will be connected, and other input bits of this pin will be left unconnected.
CRITICAL WARNING: [BD 41-1228] Width mismatch when connecting input pin '/ofdm_demodulation_v2_0/ant_input'(32) to net 'xlslice_0_Dout'(16) - Only lower order bits will be connected, and other input bits of this pin will be left unconnected.
VHDL Output written to : D:/FPGA/Vivaldo Project/PUCCH-FORMAT-0/pucch0/pucch0.srcs/sources_1/bd/pucch0/sim/pucch0.v
VHDL Output written to : D:/FPGA/Vivaldo Project/PUCCH-FORMAT-0/pucch0/pucch0.srcs/sources_1/bd/pucch0/hdl/pucch0_wrapper.v
INFO: [BD 41-1029] Generation completed for the IP Integrator block physical_control_0 .
INFO: [BD 41-1029] Generation completed for the IP Integrator block demapping_0 .
INFO: [BD 41-1029] Generation completed for the IP Integrator block rx_duplication_0 .
INFO: [IP_Flow 19-3422] Upgraded correlation_xcorr_12_0 (xcorr_12_v1_0 1.0) from revision 5 to revision 2
INFO: [BD 41-1029] Generation completed for the IP Integrator block correlation_0 .
INFO: [BD 41-1029] Generation completed for the IP Integrator block combine_rx_sym_0 .
INFO: [BD 41-1029] Generation completed for the IP Integrator block peak_search_0 .
INFO: [BD 41-1029] Generation completed for the IP Integrator block frame_sync_0 .
INFO: [BD 41-1029] Generation completed for the IP Integrator block layer2_parameter_0 .
INFO: [BD 41-1029] Generation completed for the IP Integrator block xlconstant_0 .
INFO: [BD 41-1029] Generation completed for the IP Integrator block xlconstant_1 .
INFO: [IP_Flow 19-3420] Updated cycliic_fifo_0 to use current project options
INFO: [BD 41-1029] Generation completed for the IP Integrator block sync_cyclic_0 .
INFO: [BD 41-1029] Generation completed for the IP Integrator block frame_sync_1 .
INFO: [BD 41-1029] Generation completed for the IP Integrator block xlconcat_0 .
CRITICAL WARNING: [IP_Flow 19-4965] IP xfft_0 was packaged with board value 'xilinx.com:vcu108:part0:1.6'. Current project's board value is 'xilinx.com:vcu118:part0:2.3'. Please update the project settings to match the packaged IP.
INFO: [IP_Flow 19-3420] Updated xfft_0 to use current project options
CRITICAL WARNING: [IP_Flow 19-4965] IP ctr_fft_0 was packaged with board value 'xilinx.com:vcu108:part0:1.6'. Current project's board value is 'xilinx.com:vcu118:part0:2.3'. Please update the project settings to match the packaged IP.
INFO: [IP_Flow 19-3422] Upgraded ctr_fft_0 (ctr_fft_v1_0 1.0) from revision 16 to revision 2
INFO: [BD 41-1029] Generation completed for the IP Integrator block ofdm_demodulation_v2_0 .
INFO: [BD 41-1029] Generation completed for the IP Integrator block xlconstant_2 .
INFO: [BD 41-1029] Generation completed for the IP Integrator block xlslice_0 .
INFO: [IP_Flow 19-3422] Upgraded scramble_sequence_8bits_0 (scramble_sequence_8bits_v1_0 1.0) from revision 4 to revision 2
INFO: [IP_Flow 19-3422] Upgraded phi_matrix_0 (phi_matrix_v1_0 1.0) from revision 3 to revision 2
ERROR: [Common 17-680] Path length exceeds 260-Byte maximum allowed by Windows: d:/FPGA/Vivaldo Project/PUCCH-FORMAT-0/pucch0/pucch0.srcs/sources_1/bd/pucch0/ip/pucch0_cyclic_gen_0_0/cyclic_shift.srcs/sources_1/ip/base_sequence_0_1/base_seq.srcs/sources_1/ip/phi_matrix_0/phi_matrix.srcs/sources_1/ip/blk_mem_gen_0/hdl/blk_mem_gen_v8_4_vhsyn_rfs.vhd
Please consider using the OS subst command to shorten the path length by mapping part of the path to a virtual drive letter. See Answer Record AR52787 for more information.
Resolution: In Windows 7 or later, the mklink command can also be used to create a symbolic link and shorten the path.
ERROR: [BD 41-1030] Generation failed for the IP Integrator block cyclic_gen_0 
ERROR: [Common 17-680] Path length exceeds 260-Byte maximum allowed by Windows: d:/FPGA/Vivaldo Project/PUCCH-FORMAT-0/pucch0/pucch0.srcs/sources_1/bd/pucch0/ip/pucch0_cyclic_gen_0_1/cyclic_shift.srcs/sources_1/ip/base_sequence_0_1/base_seq.srcs/sources_1/ip/phi_matrix_0/phi_matrix.srcs/sources_1/ip/blk_mem_gen_0/hdl/blk_mem_gen_v8_4_vhsyn_rfs.vhd
Please consider using the OS subst command to shorten the path length by mapping part of the path to a virtual drive letter. See Answer Record AR52787 for more information.
Resolution: In Windows 7 or later, the mklink command can also be used to create a symbolic link and shorten the path.
ERROR: [BD 41-1030] Generation failed for the IP Integrator block cyclic_gen_1 
Exporting to file D:/FPGA/Vivaldo Project/PUCCH-FORMAT-0/pucch0/pucch0.srcs/sources_1/bd/pucch0/hw_handoff/pucch0.hwh
Generated Block Design Tcl file D:/FPGA/Vivaldo Project/PUCCH-FORMAT-0/pucch0/pucch0.srcs/sources_1/bd/pucch0/hw_handoff/pucch0_bd.tcl
Generated Hardware Definition File D:/FPGA/Vivaldo Project/PUCCH-FORMAT-0/pucch0/pucch0.srcs/sources_1/bd/pucch0/synth/pucch0.hwdef
generate_target: Time (s): cpu = 00:00:28 ; elapsed = 00:00:29 . Memory (MB): peak = 1462.367 ; gain = 290.875
ERROR: [Common 17-39] 'generate_target' failed due to earlier errors.
update_ip_catalog -rebuild -scan_changes
INFO: [IP_Flow 19-234] Refreshing IP repositories
INFO: [IP_Flow 19-1700] Loaded user IP repository 'd:/FPGA/Vivaldo Project/PUCCH-FORMAT-0'.
WARNING: [IP_Flow 19-3656] If you move the project, the path for repository 'd:/FPGA/Vivaldo Project/PUCCH-FORMAT-0' may become invalid. A better location for the repository would be in a path adjacent to the project. (Current project location is 'd:/FPGA/Vivaldo Project/PUCCH-FORMAT-0/pucch0'.)
WARNING: [IP_Flow 19-1663] Duplicate IP found for 'xilinx.com:user:ctr_fft:1.0'. The one found in IP location 'd:/FPGA/Vivaldo Project/PUCCH-FORMAT-0/all_sub_ips/ctr_pre_fft' will take precedence over the same IP in location d:/FPGA/Vivaldo Project/PUCCH-FORMAT-0/ofdm_demodulation/OFDM_Demodulation_v0/ctr_ofdm/ctr_ofdm
report_ip_status -name ip_status
upgrade_ip [get_ips  {pucch0_cyclic_gen_0_1 pucch0_cyclic_gen_0_0}] -log ip_upgrade.log
Upgrading 'D:/FPGA/Vivaldo Project/PUCCH-FORMAT-0/pucch0/pucch0.srcs/sources_1/bd/pucch0/pucch0.bd'
INFO: [IP_Flow 19-3422] Upgraded pucch0_cyclic_gen_0_0 (cyclic_gen_v1_0 1.0) from revision 2 to revision 3
WARNING: [BD 41-1731] Type mismatch between connected pins: /clk(clk) and /cyclic_gen_0_upgraded_ipi/clk(undef)
WARNING: [BD 41-1731] Type mismatch between connected pins: /rst(rst) and /cyclic_gen_0_upgraded_ipi/rst(undef)
INFO: [IP_Flow 19-3422] Upgraded pucch0_cyclic_gen_0_1 (cyclic_gen_v1_0 1.0) from revision 2 to revision 3
WARNING: [BD 41-1731] Type mismatch between connected pins: /clk(clk) and /cyclic_gen_1_upgraded_ipi/clk(undef)
WARNING: [BD 41-1731] Type mismatch between connected pins: /rst(rst) and /cyclic_gen_1_upgraded_ipi/rst(undef)
Wrote  : <D:\FPGA\Vivaldo Project\PUCCH-FORMAT-0\pucch0\pucch0.srcs\sources_1\bd\pucch0\pucch0.bd> 
Wrote  : <D:/FPGA/Vivaldo Project/PUCCH-FORMAT-0/pucch0/pucch0.srcs/sources_1/bd/pucch0/ui/bd_f85decd.ui> 
INFO: [Coretcl 2-1525] Wrote upgrade log to 'D:/FPGA/Vivaldo Project/PUCCH-FORMAT-0/pucch0/ip_upgrade.log'.
export_ip_user_files -of_objects [get_ips {pucch0_cyclic_gen_0_1 pucch0_cyclic_gen_0_0}] -no_script -sync -force -quiet
generate_target all [get_files  {{D:/FPGA/Vivaldo Project/PUCCH-FORMAT-0/pucch0/pucch0.srcs/sources_1/bd/pucch0/pucch0.bd}}]
CRITICAL WARNING: [BD 41-759] The input pins (listed below) are either not connected or do not have a source port, and they don't have a tie-off specified. These pins are tied-off to all 0's to avoid error in Implementation flow.
Please check your design and connect them as needed: 
/combine_rx_sym_0/in_sqrt
/correlation_0/resourcesetresourceset

Wrote  : <D:\FPGA\Vivaldo Project\PUCCH-FORMAT-0\pucch0\pucch0.srcs\sources_1\bd\pucch0\pucch0.bd> 
CRITICAL WARNING: [BD 41-1228] Width mismatch when connecting input pin '/demapping_0/uci_slot'(5) to net 'slot_ind_1'(8) - Only lower order bits will be connected, and other input bits of this pin will be left unconnected.
CRITICAL WARNING: [BD 41-1228] Width mismatch when connecting input pin '/cyclic_gen_0/uci_slot'(5) to net 'slot_ind_1'(8) - Only lower order bits will be connected, and other input bits of this pin will be left unconnected.
CRITICAL WARNING: [BD 41-1228] Width mismatch when connecting input pin '/cyclic_gen_1/uci_slot'(5) to net 'slot_ind_1'(8) - Only lower order bits will be connected, and other input bits of this pin will be left unconnected.
CRITICAL WARNING: [BD 41-1228] Width mismatch when connecting input pin '/demapping_0/uci_first_symbol_idx'(4) to net 'layer2_parameter_0_uci_frist_symbol'(8) - Only lower order bits will be connected, and other input bits of this pin will be left unconnected.
CRITICAL WARNING: [BD 41-1228] Width mismatch when connecting input pin '/cyclic_gen_0/uci_first_symbol'(4) to net 'layer2_parameter_0_uci_frist_symbol'(8) - Only lower order bits will be connected, and other input bits of this pin will be left unconnected.
CRITICAL WARNING: [BD 41-1228] Width mismatch when connecting input pin '/cyclic_gen_1/uci_first_symbol'(4) to net 'layer2_parameter_0_uci_frist_symbol'(8) - Only lower order bits will be connected, and other input bits of this pin will be left unconnected.
CRITICAL WARNING: [BD 41-1228] Width mismatch when connecting input pin '/demapping_0/uci_nsymbols'(2) to net 'layer2_parameter_0_uci_symbol'(8) - Only lower order bits will be connected, and other input bits of this pin will be left unconnected.
CRITICAL WARNING: [BD 41-1228] Width mismatch when connecting input pin '/demapping_0/uci_prbsoffset'(2) to net 'layer2_parameter_0_uci_pbr_offset'(16) - Only lower order bits will be connected, and other input bits of this pin will be left unconnected.
CRITICAL WARNING: [BD 41-1228] Width mismatch when connecting input pin '/demapping_0/uci_secondhop_prb'(10) to net 'layer2_parameter_0_uci_second_prb'(16) - Only lower order bits will be connected, and other input bits of this pin will be left unconnected.
CRITICAL WARNING: [BD 41-1228] Width mismatch when connecting input pin '/cyclic_gen_0/uci_nID'(11) to net 'layer2_parameter_0_uci_nid'(16) - Only lower order bits will be connected, and other input bits of this pin will be left unconnected.
CRITICAL WARNING: [BD 41-1228] Width mismatch when connecting input pin '/cyclic_gen_1/uci_nID'(11) to net 'layer2_parameter_0_uci_nid'(16) - Only lower order bits will be connected, and other input bits of this pin will be left unconnected.
CRITICAL WARNING: [BD 41-1228] Width mismatch when connecting input pin '/cyclic_gen_0/uci_m0'(4) to net 'layer2_parameter_0_uci_m0'(16) - Only lower order bits will be connected, and other input bits of this pin will be left unconnected.
CRITICAL WARNING: [BD 41-1228] Width mismatch when connecting input pin '/cyclic_gen_1/uci_m0'(4) to net 'layer2_parameter_0_uci_m0'(16) - Only lower order bits will be connected, and other input bits of this pin will be left unconnected.
CRITICAL WARNING: [BD 41-1228] Width mismatch when connecting input pin '/peak_search_0/uci_ack'(2) to net 'layer2_parameter_0_uci_ack'(16) - Only lower order bits will be connected, and other input bits of this pin will be left unconnected.
CRITICAL WARNING: [BD 41-1228] Width mismatch when connecting input pin '/cyclic_gen_0/uci_ack'(2) to net 'layer2_parameter_0_uci_ack'(16) - Only lower order bits will be connected, and other input bits of this pin will be left unconnected.
CRITICAL WARNING: [BD 41-1228] Width mismatch when connecting input pin '/cyclic_gen_1/uci_ack'(2) to net 'layer2_parameter_0_uci_ack'(16) - Only lower order bits will be connected, and other input bits of this pin will be left unconnected.
CRITICAL WARNING: [BD 41-1228] Width mismatch when connecting input pin '/cyclic_gen_0/uci_grouphopping'(2) to net 'group_hopping_1'(8) - Only lower order bits will be connected, and other input bits of this pin will be left unconnected.
CRITICAL WARNING: [BD 41-1228] Width mismatch when connecting input pin '/cyclic_gen_1/uci_grouphopping'(2) to net 'group_hopping_1'(8) - Only lower order bits will be connected, and other input bits of this pin will be left unconnected.
CRITICAL WARNING: [BD 41-1228] Width mismatch when connecting input pin '/ofdm_demodulation_v2_0/scale_factor'(4) to net 'xlconstant_2_dout'(3) - Only lower order bits will be connected, and other input bits of this pin will be left unconnected.
CRITICAL WARNING: [BD 41-1228] Width mismatch when connecting input pin '/ofdm_demodulation_v2_0/ant_input'(32) to net 'xlslice_0_Dout'(16) - Only lower order bits will be connected, and other input bits of this pin will be left unconnected.
VHDL Output written to : D:/FPGA/Vivaldo Project/PUCCH-FORMAT-0/pucch0/pucch0.srcs/sources_1/bd/pucch0/synth/pucch0.v
CRITICAL WARNING: [BD 41-1228] Width mismatch when connecting input pin '/demapping_0/uci_slot'(5) to net 'slot_ind_1'(8) - Only lower order bits will be connected, and other input bits of this pin will be left unconnected.
CRITICAL WARNING: [BD 41-1228] Width mismatch when connecting input pin '/cyclic_gen_0/uci_slot'(5) to net 'slot_ind_1'(8) - Only lower order bits will be connected, and other input bits of this pin will be left unconnected.
CRITICAL WARNING: [BD 41-1228] Width mismatch when connecting input pin '/cyclic_gen_1/uci_slot'(5) to net 'slot_ind_1'(8) - Only lower order bits will be connected, and other input bits of this pin will be left unconnected.
CRITICAL WARNING: [BD 41-1228] Width mismatch when connecting input pin '/demapping_0/uci_first_symbol_idx'(4) to net 'layer2_parameter_0_uci_frist_symbol'(8) - Only lower order bits will be connected, and other input bits of this pin will be left unconnected.
CRITICAL WARNING: [BD 41-1228] Width mismatch when connecting input pin '/cyclic_gen_0/uci_first_symbol'(4) to net 'layer2_parameter_0_uci_frist_symbol'(8) - Only lower order bits will be connected, and other input bits of this pin will be left unconnected.
CRITICAL WARNING: [BD 41-1228] Width mismatch when connecting input pin '/cyclic_gen_1/uci_first_symbol'(4) to net 'layer2_parameter_0_uci_frist_symbol'(8) - Only lower order bits will be connected, and other input bits of this pin will be left unconnected.
CRITICAL WARNING: [BD 41-1228] Width mismatch when connecting input pin '/demapping_0/uci_nsymbols'(2) to net 'layer2_parameter_0_uci_symbol'(8) - Only lower order bits will be connected, and other input bits of this pin will be left unconnected.
CRITICAL WARNING: [BD 41-1228] Width mismatch when connecting input pin '/demapping_0/uci_prbsoffset'(2) to net 'layer2_parameter_0_uci_pbr_offset'(16) - Only lower order bits will be connected, and other input bits of this pin will be left unconnected.
CRITICAL WARNING: [BD 41-1228] Width mismatch when connecting input pin '/demapping_0/uci_secondhop_prb'(10) to net 'layer2_parameter_0_uci_second_prb'(16) - Only lower order bits will be connected, and other input bits of this pin will be left unconnected.
CRITICAL WARNING: [BD 41-1228] Width mismatch when connecting input pin '/cyclic_gen_0/uci_nID'(11) to net 'layer2_parameter_0_uci_nid'(16) - Only lower order bits will be connected, and other input bits of this pin will be left unconnected.
CRITICAL WARNING: [BD 41-1228] Width mismatch when connecting input pin '/cyclic_gen_1/uci_nID'(11) to net 'layer2_parameter_0_uci_nid'(16) - Only lower order bits will be connected, and other input bits of this pin will be left unconnected.
CRITICAL WARNING: [BD 41-1228] Width mismatch when connecting input pin '/cyclic_gen_0/uci_m0'(4) to net 'layer2_parameter_0_uci_m0'(16) - Only lower order bits will be connected, and other input bits of this pin will be left unconnected.
CRITICAL WARNING: [BD 41-1228] Width mismatch when connecting input pin '/cyclic_gen_1/uci_m0'(4) to net 'layer2_parameter_0_uci_m0'(16) - Only lower order bits will be connected, and other input bits of this pin will be left unconnected.
CRITICAL WARNING: [BD 41-1228] Width mismatch when connecting input pin '/peak_search_0/uci_ack'(2) to net 'layer2_parameter_0_uci_ack'(16) - Only lower order bits will be connected, and other input bits of this pin will be left unconnected.
CRITICAL WARNING: [BD 41-1228] Width mismatch when connecting input pin '/cyclic_gen_0/uci_ack'(2) to net 'layer2_parameter_0_uci_ack'(16) - Only lower order bits will be connected, and other input bits of this pin will be left unconnected.
CRITICAL WARNING: [BD 41-1228] Width mismatch when connecting input pin '/cyclic_gen_1/uci_ack'(2) to net 'layer2_parameter_0_uci_ack'(16) - Only lower order bits will be connected, and other input bits of this pin will be left unconnected.
CRITICAL WARNING: [BD 41-1228] Width mismatch when connecting input pin '/cyclic_gen_0/uci_grouphopping'(2) to net 'group_hopping_1'(8) - Only lower order bits will be connected, and other input bits of this pin will be left unconnected.
CRITICAL WARNING: [BD 41-1228] Width mismatch when connecting input pin '/cyclic_gen_1/uci_grouphopping'(2) to net 'group_hopping_1'(8) - Only lower order bits will be connected, and other input bits of this pin will be left unconnected.
CRITICAL WARNING: [BD 41-1228] Width mismatch when connecting input pin '/ofdm_demodulation_v2_0/scale_factor'(4) to net 'xlconstant_2_dout'(3) - Only lower order bits will be connected, and other input bits of this pin will be left unconnected.
CRITICAL WARNING: [BD 41-1228] Width mismatch when connecting input pin '/ofdm_demodulation_v2_0/ant_input'(32) to net 'xlslice_0_Dout'(16) - Only lower order bits will be connected, and other input bits of this pin will be left unconnected.
VHDL Output written to : D:/FPGA/Vivaldo Project/PUCCH-FORMAT-0/pucch0/pucch0.srcs/sources_1/bd/pucch0/sim/pucch0.v
VHDL Output written to : D:/FPGA/Vivaldo Project/PUCCH-FORMAT-0/pucch0/pucch0.srcs/sources_1/bd/pucch0/hdl/pucch0_wrapper.v
INFO: [BD 41-1029] Generation completed for the IP Integrator block physical_control_0 .
INFO: [BD 41-1029] Generation completed for the IP Integrator block demapping_0 .
INFO: [BD 41-1029] Generation completed for the IP Integrator block rx_duplication_0 .
INFO: [BD 41-1029] Generation completed for the IP Integrator block correlation_0 .
INFO: [BD 41-1029] Generation completed for the IP Integrator block combine_rx_sym_0 .
INFO: [BD 41-1029] Generation completed for the IP Integrator block peak_search_0 .
INFO: [BD 41-1029] Generation completed for the IP Integrator block frame_sync_0 .
INFO: [BD 41-1029] Generation completed for the IP Integrator block layer2_parameter_0 .
INFO: [BD 41-1029] Generation completed for the IP Integrator block xlconstant_0 .
INFO: [BD 41-1029] Generation completed for the IP Integrator block xlconstant_1 .
INFO: [BD 41-1029] Generation completed for the IP Integrator block sync_cyclic_0 .
INFO: [BD 41-1029] Generation completed for the IP Integrator block frame_sync_1 .
INFO: [BD 41-1029] Generation completed for the IP Integrator block xlconcat_0 .
INFO: [BD 41-1029] Generation completed for the IP Integrator block ofdm_demodulation_v2_0 .
INFO: [BD 41-1029] Generation completed for the IP Integrator block xlconstant_2 .
INFO: [BD 41-1029] Generation completed for the IP Integrator block xlslice_0 .
INFO: [IP_Flow 19-3422] Upgraded scramble_sequence_8bits_0 (scramble_sequence_8bits_v1_0 1.0) from revision 4 to revision 2
INFO: [IP_Flow 19-3422] Upgraded phi_matrix_0 (phi_matrix_v1_0 1.0) from revision 3 to revision 2
ERROR: [Common 17-680] Path length exceeds 260-Byte maximum allowed by Windows: d:/FPGA/Vivaldo Project/PUCCH-FORMAT-0/pucch0/pucch0.srcs/sources_1/bd/pucch0/ip/pucch0_cyclic_gen_0_0/cyclic_shift.srcs/sources_1/ip/ba_se_0/base_seq.srcs/sources_1/ip/modulo_30_2/modulo_n.srcs/sources_1/ip/modulo30_mult_gen_1/hdl/xbip_bram18k_v3_0_vh_rfs.vhd
Please consider using the OS subst command to shorten the path length by mapping part of the path to a virtual drive letter. See Answer Record AR52787 for more information.
Resolution: In Windows 7 or later, the mklink command can also be used to create a symbolic link and shorten the path.
ERROR: [BD 41-1030] Generation failed for the IP Integrator block cyclic_gen_0 
ERROR: [Common 17-680] Path length exceeds 260-Byte maximum allowed by Windows: d:/FPGA/Vivaldo Project/PUCCH-FORMAT-0/pucch0/pucch0.srcs/sources_1/bd/pucch0/ip/pucch0_cyclic_gen_0_1/cyclic_shift.srcs/sources_1/ip/ba_se_0/base_seq.srcs/sources_1/ip/modulo_30_2/modulo_n.srcs/sources_1/ip/modulo30_mult_gen_1/hdl/xbip_bram18k_v3_0_vh_rfs.vhd
Please consider using the OS subst command to shorten the path length by mapping part of the path to a virtual drive letter. See Answer Record AR52787 for more information.
Resolution: In Windows 7 or later, the mklink command can also be used to create a symbolic link and shorten the path.
ERROR: [BD 41-1030] Generation failed for the IP Integrator block cyclic_gen_1 
Exporting to file D:/FPGA/Vivaldo Project/PUCCH-FORMAT-0/pucch0/pucch0.srcs/sources_1/bd/pucch0/hw_handoff/pucch0.hwh
Generated Block Design Tcl file D:/FPGA/Vivaldo Project/PUCCH-FORMAT-0/pucch0/pucch0.srcs/sources_1/bd/pucch0/hw_handoff/pucch0_bd.tcl
Generated Hardware Definition File D:/FPGA/Vivaldo Project/PUCCH-FORMAT-0/pucch0/pucch0.srcs/sources_1/bd/pucch0/synth/pucch0.hwdef
generate_target: Time (s): cpu = 00:00:07 ; elapsed = 00:00:08 . Memory (MB): peak = 2457.680 ; gain = 7.016
ERROR: [Common 17-39] 'generate_target' failed due to earlier errors.
reset_target all [get_files  {{D:/FPGA/Vivaldo Project/PUCCH-FORMAT-0/pucch0/pucch0.srcs/sources_1/bd/pucch0/pucch0.bd}}]
export_ip_user_files -of_objects  [get_files  {{D:/FPGA/Vivaldo Project/PUCCH-FORMAT-0/pucch0/pucch0.srcs/sources_1/bd/pucch0/pucch0.bd}}] -sync -no_script -force -quiet
generate_target all [get_files  {{D:/FPGA/Vivaldo Project/PUCCH-FORMAT-0/pucch0/pucch0.srcs/sources_1/bd/pucch0/pucch0.bd}}]
INFO: [BD 41-1662] The design 'pucch0.bd' is already validated. Therefore parameter propagation will not be re-run.
CRITICAL WARNING: [BD 41-759] The input pins (listed below) are either not connected or do not have a source port, and they don't have a tie-off specified. These pins are tied-off to all 0's to avoid error in Implementation flow.
Please check your design and connect them as needed: 
/combine_rx_sym_0/in_sqrt
/correlation_0/resourcesetresourceset

Wrote  : <D:\FPGA\Vivaldo Project\PUCCH-FORMAT-0\pucch0\pucch0.srcs\sources_1\bd\pucch0\pucch0.bd> 
CRITICAL WARNING: [BD 41-1228] Width mismatch when connecting input pin '/demapping_0/uci_slot'(5) to net 'slot_ind_1'(8) - Only lower order bits will be connected, and other input bits of this pin will be left unconnected.
CRITICAL WARNING: [BD 41-1228] Width mismatch when connecting input pin '/cyclic_gen_0/uci_slot'(5) to net 'slot_ind_1'(8) - Only lower order bits will be connected, and other input bits of this pin will be left unconnected.
CRITICAL WARNING: [BD 41-1228] Width mismatch when connecting input pin '/cyclic_gen_1/uci_slot'(5) to net 'slot_ind_1'(8) - Only lower order bits will be connected, and other input bits of this pin will be left unconnected.
CRITICAL WARNING: [BD 41-1228] Width mismatch when connecting input pin '/demapping_0/uci_first_symbol_idx'(4) to net 'layer2_parameter_0_uci_frist_symbol'(8) - Only lower order bits will be connected, and other input bits of this pin will be left unconnected.
CRITICAL WARNING: [BD 41-1228] Width mismatch when connecting input pin '/cyclic_gen_0/uci_first_symbol'(4) to net 'layer2_parameter_0_uci_frist_symbol'(8) - Only lower order bits will be connected, and other input bits of this pin will be left unconnected.
CRITICAL WARNING: [BD 41-1228] Width mismatch when connecting input pin '/cyclic_gen_1/uci_first_symbol'(4) to net 'layer2_parameter_0_uci_frist_symbol'(8) - Only lower order bits will be connected, and other input bits of this pin will be left unconnected.
CRITICAL WARNING: [BD 41-1228] Width mismatch when connecting input pin '/demapping_0/uci_nsymbols'(2) to net 'layer2_parameter_0_uci_symbol'(8) - Only lower order bits will be connected, and other input bits of this pin will be left unconnected.
CRITICAL WARNING: [BD 41-1228] Width mismatch when connecting input pin '/demapping_0/uci_prbsoffset'(2) to net 'layer2_parameter_0_uci_pbr_offset'(16) - Only lower order bits will be connected, and other input bits of this pin will be left unconnected.
CRITICAL WARNING: [BD 41-1228] Width mismatch when connecting input pin '/demapping_0/uci_secondhop_prb'(10) to net 'layer2_parameter_0_uci_second_prb'(16) - Only lower order bits will be connected, and other input bits of this pin will be left unconnected.
CRITICAL WARNING: [BD 41-1228] Width mismatch when connecting input pin '/cyclic_gen_0/uci_nID'(11) to net 'layer2_parameter_0_uci_nid'(16) - Only lower order bits will be connected, and other input bits of this pin will be left unconnected.
CRITICAL WARNING: [BD 41-1228] Width mismatch when connecting input pin '/cyclic_gen_1/uci_nID'(11) to net 'layer2_parameter_0_uci_nid'(16) - Only lower order bits will be connected, and other input bits of this pin will be left unconnected.
CRITICAL WARNING: [BD 41-1228] Width mismatch when connecting input pin '/cyclic_gen_0/uci_m0'(4) to net 'layer2_parameter_0_uci_m0'(16) - Only lower order bits will be connected, and other input bits of this pin will be left unconnected.
CRITICAL WARNING: [BD 41-1228] Width mismatch when connecting input pin '/cyclic_gen_1/uci_m0'(4) to net 'layer2_parameter_0_uci_m0'(16) - Only lower order bits will be connected, and other input bits of this pin will be left unconnected.
CRITICAL WARNING: [BD 41-1228] Width mismatch when connecting input pin '/peak_search_0/uci_ack'(2) to net 'layer2_parameter_0_uci_ack'(16) - Only lower order bits will be connected, and other input bits of this pin will be left unconnected.
CRITICAL WARNING: [BD 41-1228] Width mismatch when connecting input pin '/cyclic_gen_0/uci_ack'(2) to net 'layer2_parameter_0_uci_ack'(16) - Only lower order bits will be connected, and other input bits of this pin will be left unconnected.
CRITICAL WARNING: [BD 41-1228] Width mismatch when connecting input pin '/cyclic_gen_1/uci_ack'(2) to net 'layer2_parameter_0_uci_ack'(16) - Only lower order bits will be connected, and other input bits of this pin will be left unconnected.
CRITICAL WARNING: [BD 41-1228] Width mismatch when connecting input pin '/cyclic_gen_0/uci_grouphopping'(2) to net 'group_hopping_1'(8) - Only lower order bits will be connected, and other input bits of this pin will be left unconnected.
CRITICAL WARNING: [BD 41-1228] Width mismatch when connecting input pin '/cyclic_gen_1/uci_grouphopping'(2) to net 'group_hopping_1'(8) - Only lower order bits will be connected, and other input bits of this pin will be left unconnected.
CRITICAL WARNING: [BD 41-1228] Width mismatch when connecting input pin '/ofdm_demodulation_v2_0/scale_factor'(4) to net 'xlconstant_2_dout'(3) - Only lower order bits will be connected, and other input bits of this pin will be left unconnected.
CRITICAL WARNING: [BD 41-1228] Width mismatch when connecting input pin '/ofdm_demodulation_v2_0/ant_input'(32) to net 'xlslice_0_Dout'(16) - Only lower order bits will be connected, and other input bits of this pin will be left unconnected.
VHDL Output written to : D:/FPGA/Vivaldo Project/PUCCH-FORMAT-0/pucch0/pucch0.srcs/sources_1/bd/pucch0/synth/pucch0.v
CRITICAL WARNING: [BD 41-1228] Width mismatch when connecting input pin '/demapping_0/uci_slot'(5) to net 'slot_ind_1'(8) - Only lower order bits will be connected, and other input bits of this pin will be left unconnected.
CRITICAL WARNING: [BD 41-1228] Width mismatch when connecting input pin '/cyclic_gen_0/uci_slot'(5) to net 'slot_ind_1'(8) - Only lower order bits will be connected, and other input bits of this pin will be left unconnected.
CRITICAL WARNING: [BD 41-1228] Width mismatch when connecting input pin '/cyclic_gen_1/uci_slot'(5) to net 'slot_ind_1'(8) - Only lower order bits will be connected, and other input bits of this pin will be left unconnected.
CRITICAL WARNING: [BD 41-1228] Width mismatch when connecting input pin '/demapping_0/uci_first_symbol_idx'(4) to net 'layer2_parameter_0_uci_frist_symbol'(8) - Only lower order bits will be connected, and other input bits of this pin will be left unconnected.
CRITICAL WARNING: [BD 41-1228] Width mismatch when connecting input pin '/cyclic_gen_0/uci_first_symbol'(4) to net 'layer2_parameter_0_uci_frist_symbol'(8) - Only lower order bits will be connected, and other input bits of this pin will be left unconnected.
CRITICAL WARNING: [BD 41-1228] Width mismatch when connecting input pin '/cyclic_gen_1/uci_first_symbol'(4) to net 'layer2_parameter_0_uci_frist_symbol'(8) - Only lower order bits will be connected, and other input bits of this pin will be left unconnected.
CRITICAL WARNING: [BD 41-1228] Width mismatch when connecting input pin '/demapping_0/uci_nsymbols'(2) to net 'layer2_parameter_0_uci_symbol'(8) - Only lower order bits will be connected, and other input bits of this pin will be left unconnected.
CRITICAL WARNING: [BD 41-1228] Width mismatch when connecting input pin '/demapping_0/uci_prbsoffset'(2) to net 'layer2_parameter_0_uci_pbr_offset'(16) - Only lower order bits will be connected, and other input bits of this pin will be left unconnected.
CRITICAL WARNING: [BD 41-1228] Width mismatch when connecting input pin '/demapping_0/uci_secondhop_prb'(10) to net 'layer2_parameter_0_uci_second_prb'(16) - Only lower order bits will be connected, and other input bits of this pin will be left unconnected.
CRITICAL WARNING: [BD 41-1228] Width mismatch when connecting input pin '/cyclic_gen_0/uci_nID'(11) to net 'layer2_parameter_0_uci_nid'(16) - Only lower order bits will be connected, and other input bits of this pin will be left unconnected.
CRITICAL WARNING: [BD 41-1228] Width mismatch when connecting input pin '/cyclic_gen_1/uci_nID'(11) to net 'layer2_parameter_0_uci_nid'(16) - Only lower order bits will be connected, and other input bits of this pin will be left unconnected.
CRITICAL WARNING: [BD 41-1228] Width mismatch when connecting input pin '/cyclic_gen_0/uci_m0'(4) to net 'layer2_parameter_0_uci_m0'(16) - Only lower order bits will be connected, and other input bits of this pin will be left unconnected.
CRITICAL WARNING: [BD 41-1228] Width mismatch when connecting input pin '/cyclic_gen_1/uci_m0'(4) to net 'layer2_parameter_0_uci_m0'(16) - Only lower order bits will be connected, and other input bits of this pin will be left unconnected.
CRITICAL WARNING: [BD 41-1228] Width mismatch when connecting input pin '/peak_search_0/uci_ack'(2) to net 'layer2_parameter_0_uci_ack'(16) - Only lower order bits will be connected, and other input bits of this pin will be left unconnected.
CRITICAL WARNING: [BD 41-1228] Width mismatch when connecting input pin '/cyclic_gen_0/uci_ack'(2) to net 'layer2_parameter_0_uci_ack'(16) - Only lower order bits will be connected, and other input bits of this pin will be left unconnected.
CRITICAL WARNING: [BD 41-1228] Width mismatch when connecting input pin '/cyclic_gen_1/uci_ack'(2) to net 'layer2_parameter_0_uci_ack'(16) - Only lower order bits will be connected, and other input bits of this pin will be left unconnected.
CRITICAL WARNING: [BD 41-1228] Width mismatch when connecting input pin '/cyclic_gen_0/uci_grouphopping'(2) to net 'group_hopping_1'(8) - Only lower order bits will be connected, and other input bits of this pin will be left unconnected.
CRITICAL WARNING: [BD 41-1228] Width mismatch when connecting input pin '/cyclic_gen_1/uci_grouphopping'(2) to net 'group_hopping_1'(8) - Only lower order bits will be connected, and other input bits of this pin will be left unconnected.
CRITICAL WARNING: [BD 41-1228] Width mismatch when connecting input pin '/ofdm_demodulation_v2_0/scale_factor'(4) to net 'xlconstant_2_dout'(3) - Only lower order bits will be connected, and other input bits of this pin will be left unconnected.
CRITICAL WARNING: [BD 41-1228] Width mismatch when connecting input pin '/ofdm_demodulation_v2_0/ant_input'(32) to net 'xlslice_0_Dout'(16) - Only lower order bits will be connected, and other input bits of this pin will be left unconnected.
VHDL Output written to : D:/FPGA/Vivaldo Project/PUCCH-FORMAT-0/pucch0/pucch0.srcs/sources_1/bd/pucch0/sim/pucch0.v
VHDL Output written to : D:/FPGA/Vivaldo Project/PUCCH-FORMAT-0/pucch0/pucch0.srcs/sources_1/bd/pucch0/hdl/pucch0_wrapper.v
INFO: [BD 41-1029] Generation completed for the IP Integrator block physical_control_0 .
INFO: [BD 41-1029] Generation completed for the IP Integrator block demapping_0 .
CRITICAL WARNING: [IP_Flow 19-193] Failed to save BOM file 'd:/FPGA/Vivaldo Project/PUCCH-FORMAT-0/pucch0/pucch0.srcs/sources_1/bd/pucch0/ip/pucch0_rx_duplication_0_0/rx_duplication.srcs/sources_1/ip/rx_dup_mem_1/rx_dup_mem_1.xml'.
CRITICAL WARNING: [IP_Flow 19-194] Failed to save IP instance 'rx_dup_mem_1'.
CRITICAL WARNING: [IP_Flow 19-193] Failed to save BOM file 'd:/FPGA/Vivaldo Project/PUCCH-FORMAT-0/pucch0/pucch0.srcs/sources_1/bd/pucch0/ip/pucch0_rx_duplication_0_0/rx_duplication.srcs/sources_1/ip/rx_dup_mem_1/rx_dup_mem_1.xml'.
CRITICAL WARNING: [IP_Flow 19-194] Failed to save IP instance 'rx_dup_mem_1'.
ERROR: [IP_Flow 19-98] Generation of the IP CORE failed.
ERROR: [BD 41-1030] Generation failed for the IP Integrator block rx_duplication_0 
CRITICAL WARNING: [IP_Flow 19-193] Failed to save BOM file 'd:/FPGA/Vivaldo Project/PUCCH-FORMAT-0/pucch0/pucch0.srcs/sources_1/bd/pucch0/ip/pucch0_correlation_0_0/correlation.srcs/sources_1/ip/correlation_cordic_0/correlation_cordic_0.xml'.
CRITICAL WARNING: [IP_Flow 19-194] Failed to save IP instance 'correlation_cordic_0'.
CRITICAL WARNING: [IP_Flow 19-193] Failed to save BOM file 'd:/FPGA/Vivaldo Project/PUCCH-FORMAT-0/pucch0/pucch0.srcs/sources_1/bd/pucch0/ip/pucch0_correlation_0_0/correlation.srcs/sources_1/ip/correlation_cordic_0/correlation_cordic_0.xml'.
CRITICAL WARNING: [IP_Flow 19-194] Failed to save IP instance 'correlation_cordic_0'.
CRITICAL WARNING: [IP_Flow 19-4739] Writing uncustomized BOM file 'd:/FPGA/Vivaldo Project/PUCCH-FORMAT-0/pucch0/pucch0.srcs/sources_1/bd/pucch0/ip/pucch0_correlation_0_0/correlation.srcs/sources_1/ip/correlation_xcorr_12_0/correlation_xcorr_12_0.xml'
ERROR: [IP_Flow 19-98] Generation of the IP CORE failed.
ERROR: [BD 41-1030] Generation failed for the IP Integrator block correlation_0 
CRITICAL WARNING: [IP_Flow 19-193] Failed to save BOM file 'd:/FPGA/Vivaldo Project/PUCCH-FORMAT-0/pucch0/pucch0.srcs/sources_1/bd/pucch0/ip/pucch0_combine_rx_sym_0_0/combine_rx_sym.srcs/sources_1/ip/combine_fifo_generator_0/combine_fifo_generator_0.xml'.
CRITICAL WARNING: [IP_Flow 19-194] Failed to save IP instance 'combine_fifo_generator_0'.
CRITICAL WARNING: [IP_Flow 19-193] Failed to save BOM file 'd:/FPGA/Vivaldo Project/PUCCH-FORMAT-0/pucch0/pucch0.srcs/sources_1/bd/pucch0/ip/pucch0_combine_rx_sym_0_0/combine_rx_sym.srcs/sources_1/ip/combine_fifo_generator_0/combine_fifo_generator_0.xml'.
CRITICAL WARNING: [IP_Flow 19-194] Failed to save IP instance 'combine_fifo_generator_0'.
ERROR: [IP_Flow 19-98] Generation of the IP CORE failed.
ERROR: [BD 41-1030] Generation failed for the IP Integrator block combine_rx_sym_0 
INFO: [BD 41-1029] Generation completed for the IP Integrator block peak_search_0 .
INFO: [BD 41-1029] Generation completed for the IP Integrator block frame_sync_0 .
INFO: [BD 41-1029] Generation completed for the IP Integrator block layer2_parameter_0 .
INFO: [BD 41-1029] Generation completed for the IP Integrator block xlconstant_0 .
INFO: [BD 41-1029] Generation completed for the IP Integrator block xlconstant_1 .
INFO: [IP_Flow 19-3420] Updated cycliic_fifo_0 to use current project options
INFO: [BD 41-1029] Generation completed for the IP Integrator block sync_cyclic_0 .
INFO: [BD 41-1029] Generation completed for the IP Integrator block frame_sync_1 .
INFO: [BD 41-1029] Generation completed for the IP Integrator block xlconcat_0 .
CRITICAL WARNING: [IP_Flow 19-4965] IP xfft_0 was packaged with board value 'xilinx.com:vcu108:part0:1.6'. Current project's board value is 'xilinx.com:vcu118:part0:2.3'. Please update the project settings to match the packaged IP.
INFO: [IP_Flow 19-3420] Updated xfft_0 to use current project options
CRITICAL WARNING: [IP_Flow 19-4965] IP ctr_fft_0 was packaged with board value 'xilinx.com:vcu108:part0:1.6'. Current project's board value is 'xilinx.com:vcu118:part0:2.3'. Please update the project settings to match the packaged IP.
INFO: [IP_Flow 19-3422] Upgraded ctr_fft_0 (ctr_fft_v1_0 1.0) from revision 16 to revision 2
INFO: [BD 41-1029] Generation completed for the IP Integrator block ofdm_demodulation_v2_0 .
INFO: [BD 41-1029] Generation completed for the IP Integrator block xlconstant_2 .
INFO: [BD 41-1029] Generation completed for the IP Integrator block xlslice_0 .
CRITICAL WARNING: [IP_Flow 19-193] Failed to save BOM file 'd:/FPGA/Vivaldo Project/PUCCH-FORMAT-0/pucch0/pucch0.srcs/sources_1/bd/pucch0/ip/pucch0_cyclic_gen_0_0/cyclic_shift.srcs/sources_1/ip/cyc_phase_gen_0/phase_gen.srcs/sources_1/ip/scramble_sequence_8bits_0/scramble_sequence_8bits_0.xml'.
CRITICAL WARNING: [IP_Flow 19-194] Failed to save IP instance 'scramble_sequence_8bits_0'.
CRITICAL WARNING: [IP_Flow 19-193] Failed to save BOM file 'd:/FPGA/Vivaldo Project/PUCCH-FORMAT-0/pucch0/pucch0.srcs/sources_1/bd/pucch0/ip/pucch0_cyclic_gen_0_0/cyclic_shift.srcs/sources_1/ip/cyc_phase_gen_0/phase_gen.srcs/sources_1/ip/scramble_sequence_8bits_0/scramble_sequence_8bits_0.xml'.
CRITICAL WARNING: [IP_Flow 19-194] Failed to save IP instance 'scramble_sequence_8bits_0'.
ERROR: [IP_Flow 19-98] Generation of the IP CORE failed.
ERROR: [BD 41-1030] Generation failed for the IP Integrator block cyclic_gen_0 
ERROR: [Common 17-680] Path length exceeds 260-Byte maximum allowed by Windows: d:/FPGA/Vivaldo Project/PUCCH-FORMAT-0/pucch0/pucch0.srcs/sources_1/bd/pucch0/ip/pucch0_cyclic_gen_0_1/cyclic_shift.srcs/sources_1/ip/ba_se_0/base_seq.srcs/sources_1/ip/modulo_30_2/modulo_n.srcs/sources_1/ip/modulo30_mult_gen_1/hdl/xbip_bram18k_v3_0_vh_rfs.vhd
Please consider using the OS subst command to shorten the path length by mapping part of the path to a virtual drive letter. See Answer Record AR52787 for more information.
Resolution: In Windows 7 or later, the mklink command can also be used to create a symbolic link and shorten the path.
ERROR: [BD 41-1030] Generation failed for the IP Integrator block cyclic_gen_1 
Exporting to file D:/FPGA/Vivaldo Project/PUCCH-FORMAT-0/pucch0/pucch0.srcs/sources_1/bd/pucch0/hw_handoff/pucch0.hwh
CRITICAL WARNING: [BD 41-1938] The current design is out-of-date/locked, so it is best to update before calling write_bd_tcl, however, a Tcl script is still generated for the current design.
Generated Block Design Tcl file D:/FPGA/Vivaldo Project/PUCCH-FORMAT-0/pucch0/pucch0.srcs/sources_1/bd/pucch0/hw_handoff/pucch0_bd.tcl
Generated Hardware Definition File D:/FPGA/Vivaldo Project/PUCCH-FORMAT-0/pucch0/pucch0.srcs/sources_1/bd/pucch0/synth/pucch0.hwdef
generate_target: Time (s): cpu = 00:00:13 ; elapsed = 00:00:14 . Memory (MB): peak = 2458.797 ; gain = 1.117
ERROR: [Common 17-39] 'generate_target' failed due to earlier errors.
report_ip_status -name ip_status 
upgrade_ip -vlnv xilinx.com:user:correlation:1.0 [get_ips  pucch0_correlation_0_0] -log ip_upgrade.log
Upgrading 'D:/FPGA/Vivaldo Project/PUCCH-FORMAT-0/pucch0/pucch0.srcs/sources_1/bd/pucch0/pucch0.bd'
INFO: [IP_Flow 19-1972] Upgraded pucch0_correlation_0_0 from correlation_v1_0 1.0 to correlation_v1_0 1.0
WARNING: [BD 41-1731] Type mismatch between connected pins: /clk(clk) and /correlation_0_upgraded_ipi/clk(undef)
WARNING: [BD 41-1731] Type mismatch between connected pins: /rst(rst) and /correlation_0_upgraded_ipi/rst(undef)
CRITICAL WARNING: [IP_Flow 19-193] Failed to save BOM file 'd:/FPGA/Vivaldo Project/PUCCH-FORMAT-0/pucch0/pucch0.srcs/sources_1/bd/pucch0/ip/pucch0_combine_rx_sym_0_0/combine_rx_sym.srcs/sources_1/ip/combine_fifo_generator_0/combine_fifo_generator_0.xml'.
CRITICAL WARNING: [IP_Flow 19-194] Failed to save IP instance 'combine_fifo_generator_0'.
CRITICAL WARNING: [IP_Flow 19-193] Failed to save BOM file 'd:/FPGA/Vivaldo Project/PUCCH-FORMAT-0/pucch0/pucch0.srcs/sources_1/bd/pucch0/ip/pucch0_rx_duplication_0_0/rx_duplication.srcs/sources_1/ip/rx_dup_mem_1/rx_dup_mem_1.xml'.
CRITICAL WARNING: [IP_Flow 19-194] Failed to save IP instance 'rx_dup_mem_1'.
CRITICAL WARNING: [IP_Flow 19-193] Failed to save BOM file 'd:/FPGA/Vivaldo Project/PUCCH-FORMAT-0/pucch0/pucch0.srcs/sources_1/bd/pucch0/ip/pucch0_cyclic_gen_0_0/cyclic_shift.srcs/sources_1/ip/cyc_phase_gen_0/phase_gen.srcs/sources_1/ip/scramble_sequence_8bits_0/scramble_sequence_8bits_0.xml'.
CRITICAL WARNING: [IP_Flow 19-194] Failed to save IP instance 'scramble_sequence_8bits_0'.
Wrote  : <D:\FPGA\Vivaldo Project\PUCCH-FORMAT-0\pucch0\pucch0.srcs\sources_1\bd\pucch0\pucch0.bd> 
Wrote  : <D:/FPGA/Vivaldo Project/PUCCH-FORMAT-0/pucch0/pucch0.srcs/sources_1/bd/pucch0/ui/bd_f85decd.ui> 
INFO: [Coretcl 2-1525] Wrote upgrade log to 'D:/FPGA/Vivaldo Project/PUCCH-FORMAT-0/pucch0/ip_upgrade.log'.
export_ip_user_files -of_objects [get_ips pucch0_correlation_0_0] -no_script -sync -force -quiet
generate_target all [get_files  {{D:/FPGA/Vivaldo Project/PUCCH-FORMAT-0/pucch0/pucch0.srcs/sources_1/bd/pucch0/pucch0.bd}}]
CRITICAL WARNING: [BD 41-759] The input pins (listed below) are either not connected or do not have a source port, and they don't have a tie-off specified. These pins are tied-off to all 0's to avoid error in Implementation flow.
Please check your design and connect them as needed: 
/combine_rx_sym_0/in_sqrt
/correlation_0/resourcesetresourceset

CRITICAL WARNING: [IP_Flow 19-193] Failed to save BOM file 'd:/FPGA/Vivaldo Project/PUCCH-FORMAT-0/pucch0/pucch0.srcs/sources_1/bd/pucch0/ip/pucch0_combine_rx_sym_0_0/combine_rx_sym.srcs/sources_1/ip/combine_fifo_generator_0/combine_fifo_generator_0.xml'.
CRITICAL WARNING: [IP_Flow 19-194] Failed to save IP instance 'combine_fifo_generator_0'.
CRITICAL WARNING: [IP_Flow 19-193] Failed to save BOM file 'd:/FPGA/Vivaldo Project/PUCCH-FORMAT-0/pucch0/pucch0.srcs/sources_1/bd/pucch0/ip/pucch0_rx_duplication_0_0/rx_duplication.srcs/sources_1/ip/rx_dup_mem_1/rx_dup_mem_1.xml'.
CRITICAL WARNING: [IP_Flow 19-194] Failed to save IP instance 'rx_dup_mem_1'.
CRITICAL WARNING: [IP_Flow 19-193] Failed to save BOM file 'd:/FPGA/Vivaldo Project/PUCCH-FORMAT-0/pucch0/pucch0.srcs/sources_1/bd/pucch0/ip/pucch0_cyclic_gen_0_0/cyclic_shift.srcs/sources_1/ip/cyc_phase_gen_0/phase_gen.srcs/sources_1/ip/scramble_sequence_8bits_0/scramble_sequence_8bits_0.xml'.
CRITICAL WARNING: [IP_Flow 19-194] Failed to save IP instance 'scramble_sequence_8bits_0'.
Wrote  : <D:\FPGA\Vivaldo Project\PUCCH-FORMAT-0\pucch0\pucch0.srcs\sources_1\bd\pucch0\pucch0.bd> 
CRITICAL WARNING: [BD 41-1228] Width mismatch when connecting input pin '/demapping_0/uci_slot'(5) to net 'slot_ind_1'(8) - Only lower order bits will be connected, and other input bits of this pin will be left unconnected.
CRITICAL WARNING: [BD 41-1228] Width mismatch when connecting input pin '/cyclic_gen_0/uci_slot'(5) to net 'slot_ind_1'(8) - Only lower order bits will be connected, and other input bits of this pin will be left unconnected.
CRITICAL WARNING: [BD 41-1228] Width mismatch when connecting input pin '/cyclic_gen_1/uci_slot'(5) to net 'slot_ind_1'(8) - Only lower order bits will be connected, and other input bits of this pin will be left unconnected.
CRITICAL WARNING: [BD 41-1228] Width mismatch when connecting input pin '/demapping_0/uci_first_symbol_idx'(4) to net 'layer2_parameter_0_uci_frist_symbol'(8) - Only lower order bits will be connected, and other input bits of this pin will be left unconnected.
CRITICAL WARNING: [BD 41-1228] Width mismatch when connecting input pin '/cyclic_gen_0/uci_first_symbol'(4) to net 'layer2_parameter_0_uci_frist_symbol'(8) - Only lower order bits will be connected, and other input bits of this pin will be left unconnected.
CRITICAL WARNING: [BD 41-1228] Width mismatch when connecting input pin '/cyclic_gen_1/uci_first_symbol'(4) to net 'layer2_parameter_0_uci_frist_symbol'(8) - Only lower order bits will be connected, and other input bits of this pin will be left unconnected.
CRITICAL WARNING: [BD 41-1228] Width mismatch when connecting input pin '/demapping_0/uci_nsymbols'(2) to net 'layer2_parameter_0_uci_symbol'(8) - Only lower order bits will be connected, and other input bits of this pin will be left unconnected.
CRITICAL WARNING: [BD 41-1228] Width mismatch when connecting input pin '/demapping_0/uci_prbsoffset'(2) to net 'layer2_parameter_0_uci_pbr_offset'(16) - Only lower order bits will be connected, and other input bits of this pin will be left unconnected.
CRITICAL WARNING: [BD 41-1228] Width mismatch when connecting input pin '/demapping_0/uci_secondhop_prb'(10) to net 'layer2_parameter_0_uci_second_prb'(16) - Only lower order bits will be connected, and other input bits of this pin will be left unconnected.
CRITICAL WARNING: [BD 41-1228] Width mismatch when connecting input pin '/cyclic_gen_0/uci_nID'(11) to net 'layer2_parameter_0_uci_nid'(16) - Only lower order bits will be connected, and other input bits of this pin will be left unconnected.
CRITICAL WARNING: [BD 41-1228] Width mismatch when connecting input pin '/cyclic_gen_1/uci_nID'(11) to net 'layer2_parameter_0_uci_nid'(16) - Only lower order bits will be connected, and other input bits of this pin will be left unconnected.
CRITICAL WARNING: [BD 41-1228] Width mismatch when connecting input pin '/cyclic_gen_0/uci_m0'(4) to net 'layer2_parameter_0_uci_m0'(16) - Only lower order bits will be connected, and other input bits of this pin will be left unconnected.
CRITICAL WARNING: [BD 41-1228] Width mismatch when connecting input pin '/cyclic_gen_1/uci_m0'(4) to net 'layer2_parameter_0_uci_m0'(16) - Only lower order bits will be connected, and other input bits of this pin will be left unconnected.
CRITICAL WARNING: [BD 41-1228] Width mismatch when connecting input pin '/peak_search_0/uci_ack'(2) to net 'layer2_parameter_0_uci_ack'(16) - Only lower order bits will be connected, and other input bits of this pin will be left unconnected.
CRITICAL WARNING: [BD 41-1228] Width mismatch when connecting input pin '/cyclic_gen_0/uci_ack'(2) to net 'layer2_parameter_0_uci_ack'(16) - Only lower order bits will be connected, and other input bits of this pin will be left unconnected.
CRITICAL WARNING: [BD 41-1228] Width mismatch when connecting input pin '/cyclic_gen_1/uci_ack'(2) to net 'layer2_parameter_0_uci_ack'(16) - Only lower order bits will be connected, and other input bits of this pin will be left unconnected.
CRITICAL WARNING: [BD 41-1228] Width mismatch when connecting input pin '/cyclic_gen_0/uci_grouphopping'(2) to net 'group_hopping_1'(8) - Only lower order bits will be connected, and other input bits of this pin will be left unconnected.
CRITICAL WARNING: [BD 41-1228] Width mismatch when connecting input pin '/cyclic_gen_1/uci_grouphopping'(2) to net 'group_hopping_1'(8) - Only lower order bits will be connected, and other input bits of this pin will be left unconnected.
CRITICAL WARNING: [BD 41-1228] Width mismatch when connecting input pin '/ofdm_demodulation_v2_0/scale_factor'(4) to net 'xlconstant_2_dout'(3) - Only lower order bits will be connected, and other input bits of this pin will be left unconnected.
CRITICAL WARNING: [BD 41-1228] Width mismatch when connecting input pin '/ofdm_demodulation_v2_0/ant_input'(32) to net 'xlslice_0_Dout'(16) - Only lower order bits will be connected, and other input bits of this pin will be left unconnected.
VHDL Output written to : D:/FPGA/Vivaldo Project/PUCCH-FORMAT-0/pucch0/pucch0.srcs/sources_1/bd/pucch0/synth/pucch0.v
CRITICAL WARNING: [BD 41-1228] Width mismatch when connecting input pin '/demapping_0/uci_slot'(5) to net 'slot_ind_1'(8) - Only lower order bits will be connected, and other input bits of this pin will be left unconnected.
CRITICAL WARNING: [BD 41-1228] Width mismatch when connecting input pin '/cyclic_gen_0/uci_slot'(5) to net 'slot_ind_1'(8) - Only lower order bits will be connected, and other input bits of this pin will be left unconnected.
CRITICAL WARNING: [BD 41-1228] Width mismatch when connecting input pin '/cyclic_gen_1/uci_slot'(5) to net 'slot_ind_1'(8) - Only lower order bits will be connected, and other input bits of this pin will be left unconnected.
CRITICAL WARNING: [BD 41-1228] Width mismatch when connecting input pin '/demapping_0/uci_first_symbol_idx'(4) to net 'layer2_parameter_0_uci_frist_symbol'(8) - Only lower order bits will be connected, and other input bits of this pin will be left unconnected.
CRITICAL WARNING: [BD 41-1228] Width mismatch when connecting input pin '/cyclic_gen_0/uci_first_symbol'(4) to net 'layer2_parameter_0_uci_frist_symbol'(8) - Only lower order bits will be connected, and other input bits of this pin will be left unconnected.
CRITICAL WARNING: [BD 41-1228] Width mismatch when connecting input pin '/cyclic_gen_1/uci_first_symbol'(4) to net 'layer2_parameter_0_uci_frist_symbol'(8) - Only lower order bits will be connected, and other input bits of this pin will be left unconnected.
CRITICAL WARNING: [BD 41-1228] Width mismatch when connecting input pin '/demapping_0/uci_nsymbols'(2) to net 'layer2_parameter_0_uci_symbol'(8) - Only lower order bits will be connected, and other input bits of this pin will be left unconnected.
CRITICAL WARNING: [BD 41-1228] Width mismatch when connecting input pin '/demapping_0/uci_prbsoffset'(2) to net 'layer2_parameter_0_uci_pbr_offset'(16) - Only lower order bits will be connected, and other input bits of this pin will be left unconnected.
CRITICAL WARNING: [BD 41-1228] Width mismatch when connecting input pin '/demapping_0/uci_secondhop_prb'(10) to net 'layer2_parameter_0_uci_second_prb'(16) - Only lower order bits will be connected, and other input bits of this pin will be left unconnected.
CRITICAL WARNING: [BD 41-1228] Width mismatch when connecting input pin '/cyclic_gen_0/uci_nID'(11) to net 'layer2_parameter_0_uci_nid'(16) - Only lower order bits will be connected, and other input bits of this pin will be left unconnected.
CRITICAL WARNING: [BD 41-1228] Width mismatch when connecting input pin '/cyclic_gen_1/uci_nID'(11) to net 'layer2_parameter_0_uci_nid'(16) - Only lower order bits will be connected, and other input bits of this pin will be left unconnected.
CRITICAL WARNING: [BD 41-1228] Width mismatch when connecting input pin '/cyclic_gen_0/uci_m0'(4) to net 'layer2_parameter_0_uci_m0'(16) - Only lower order bits will be connected, and other input bits of this pin will be left unconnected.
CRITICAL WARNING: [BD 41-1228] Width mismatch when connecting input pin '/cyclic_gen_1/uci_m0'(4) to net 'layer2_parameter_0_uci_m0'(16) - Only lower order bits will be connected, and other input bits of this pin will be left unconnected.
CRITICAL WARNING: [BD 41-1228] Width mismatch when connecting input pin '/peak_search_0/uci_ack'(2) to net 'layer2_parameter_0_uci_ack'(16) - Only lower order bits will be connected, and other input bits of this pin will be left unconnected.
CRITICAL WARNING: [BD 41-1228] Width mismatch when connecting input pin '/cyclic_gen_0/uci_ack'(2) to net 'layer2_parameter_0_uci_ack'(16) - Only lower order bits will be connected, and other input bits of this pin will be left unconnected.
CRITICAL WARNING: [BD 41-1228] Width mismatch when connecting input pin '/cyclic_gen_1/uci_ack'(2) to net 'layer2_parameter_0_uci_ack'(16) - Only lower order bits will be connected, and other input bits of this pin will be left unconnected.
CRITICAL WARNING: [BD 41-1228] Width mismatch when connecting input pin '/cyclic_gen_0/uci_grouphopping'(2) to net 'group_hopping_1'(8) - Only lower order bits will be connected, and other input bits of this pin will be left unconnected.
CRITICAL WARNING: [BD 41-1228] Width mismatch when connecting input pin '/cyclic_gen_1/uci_grouphopping'(2) to net 'group_hopping_1'(8) - Only lower order bits will be connected, and other input bits of this pin will be left unconnected.
CRITICAL WARNING: [BD 41-1228] Width mismatch when connecting input pin '/ofdm_demodulation_v2_0/scale_factor'(4) to net 'xlconstant_2_dout'(3) - Only lower order bits will be connected, and other input bits of this pin will be left unconnected.
CRITICAL WARNING: [BD 41-1228] Width mismatch when connecting input pin '/ofdm_demodulation_v2_0/ant_input'(32) to net 'xlslice_0_Dout'(16) - Only lower order bits will be connected, and other input bits of this pin will be left unconnected.
VHDL Output written to : D:/FPGA/Vivaldo Project/PUCCH-FORMAT-0/pucch0/pucch0.srcs/sources_1/bd/pucch0/sim/pucch0.v
VHDL Output written to : D:/FPGA/Vivaldo Project/PUCCH-FORMAT-0/pucch0/pucch0.srcs/sources_1/bd/pucch0/hdl/pucch0_wrapper.v
INFO: [BD 41-1029] Generation completed for the IP Integrator block physical_control_0 .
INFO: [BD 41-1029] Generation completed for the IP Integrator block demapping_0 .
CRITICAL WARNING: [IP_Flow 19-193] Failed to save BOM file 'd:/FPGA/Vivaldo Project/PUCCH-FORMAT-0/pucch0/pucch0.srcs/sources_1/bd/pucch0/ip/pucch0_rx_duplication_0_0/rx_duplication.srcs/sources_1/ip/rx_dup_mem_1/rx_dup_mem_1.xml'.
CRITICAL WARNING: [IP_Flow 19-194] Failed to save IP instance 'rx_dup_mem_1'.
CRITICAL WARNING: [IP_Flow 19-193] Failed to save BOM file 'd:/FPGA/Vivaldo Project/PUCCH-FORMAT-0/pucch0/pucch0.srcs/sources_1/bd/pucch0/ip/pucch0_rx_duplication_0_0/rx_duplication.srcs/sources_1/ip/rx_dup_mem_1/rx_dup_mem_1.xml'.
CRITICAL WARNING: [IP_Flow 19-194] Failed to save IP instance 'rx_dup_mem_1'.
CRITICAL WARNING: [IP_Flow 19-193] Failed to save BOM file 'd:/FPGA/Vivaldo Project/PUCCH-FORMAT-0/pucch0/pucch0.srcs/sources_1/bd/pucch0/ip/pucch0_rx_duplication_0_0/rx_duplication.srcs/sources_1/ip/rx_dup_mem_1/rx_dup_mem_1.xml'.
CRITICAL WARNING: [IP_Flow 19-194] Failed to save IP instance 'rx_dup_mem_1'.
ERROR: [IP_Flow 19-98] Generation of the IP CORE failed.
ERROR: [BD 41-1030] Generation failed for the IP Integrator block rx_duplication_0 
CRITICAL WARNING: [IP_Flow 19-193] Failed to save BOM file 'd:/FPGA/Vivaldo Project/PUCCH-FORMAT-0/pucch0/pucch0.srcs/sources_1/bd/pucch0/ip/pucch0_correlation_0_0/correlation.srcs/sources_1/ip/correlation_cordic_0/correlation_cordic_0.xml'.
CRITICAL WARNING: [IP_Flow 19-194] Failed to save IP instance 'correlation_cordic_0'.
CRITICAL WARNING: [IP_Flow 19-193] Failed to save BOM file 'd:/FPGA/Vivaldo Project/PUCCH-FORMAT-0/pucch0/pucch0.srcs/sources_1/bd/pucch0/ip/pucch0_correlation_0_0/correlation.srcs/sources_1/ip/correlation_cordic_0/correlation_cordic_0.xml'.
CRITICAL WARNING: [IP_Flow 19-194] Failed to save IP instance 'correlation_cordic_0'.
CRITICAL WARNING: [IP_Flow 19-4739] Writing uncustomized BOM file 'd:/FPGA/Vivaldo Project/PUCCH-FORMAT-0/pucch0/pucch0.srcs/sources_1/bd/pucch0/ip/pucch0_correlation_0_0/correlation.srcs/sources_1/ip/correlation_xcorr_12_0/correlation_xcorr_12_0.xml'
ERROR: [IP_Flow 19-98] Generation of the IP CORE failed.
ERROR: [BD 41-1030] Generation failed for the IP Integrator block correlation_0 
CRITICAL WARNING: [IP_Flow 19-193] Failed to save BOM file 'd:/FPGA/Vivaldo Project/PUCCH-FORMAT-0/pucch0/pucch0.srcs/sources_1/bd/pucch0/ip/pucch0_combine_rx_sym_0_0/combine_rx_sym.srcs/sources_1/ip/combine_fifo_generator_0/combine_fifo_generator_0.xml'.
CRITICAL WARNING: [IP_Flow 19-194] Failed to save IP instance 'combine_fifo_generator_0'.
CRITICAL WARNING: [IP_Flow 19-193] Failed to save BOM file 'd:/FPGA/Vivaldo Project/PUCCH-FORMAT-0/pucch0/pucch0.srcs/sources_1/bd/pucch0/ip/pucch0_combine_rx_sym_0_0/combine_rx_sym.srcs/sources_1/ip/combine_fifo_generator_0/combine_fifo_generator_0.xml'.
CRITICAL WARNING: [IP_Flow 19-194] Failed to save IP instance 'combine_fifo_generator_0'.
CRITICAL WARNING: [IP_Flow 19-193] Failed to save BOM file 'd:/FPGA/Vivaldo Project/PUCCH-FORMAT-0/pucch0/pucch0.srcs/sources_1/bd/pucch0/ip/pucch0_combine_rx_sym_0_0/combine_rx_sym.srcs/sources_1/ip/combine_fifo_generator_0/combine_fifo_generator_0.xml'.
CRITICAL WARNING: [IP_Flow 19-194] Failed to save IP instance 'combine_fifo_generator_0'.
ERROR: [IP_Flow 19-98] Generation of the IP CORE failed.
ERROR: [BD 41-1030] Generation failed for the IP Integrator block combine_rx_sym_0 
INFO: [BD 41-1029] Generation completed for the IP Integrator block peak_search_0 .
INFO: [BD 41-1029] Generation completed for the IP Integrator block frame_sync_0 .
INFO: [BD 41-1029] Generation completed for the IP Integrator block layer2_parameter_0 .
INFO: [BD 41-1029] Generation completed for the IP Integrator block xlconstant_0 .
INFO: [BD 41-1029] Generation completed for the IP Integrator block xlconstant_1 .
CRITICAL WARNING: [IP_Flow 19-193] Failed to save BOM file 'd:/FPGA/Vivaldo Project/PUCCH-FORMAT-0/pucch0/pucch0.srcs/sources_1/bd/pucch0/ip/pucch0_sync_cyclic_0_0/sync_cyclic.srcs/sources_1/ip/cycliic_fifo_0/cycliic_fifo_0.xml'.
CRITICAL WARNING: [IP_Flow 19-194] Failed to save IP instance 'cycliic_fifo_0'.
CRITICAL WARNING: [IP_Flow 19-193] Failed to save BOM file 'd:/FPGA/Vivaldo Project/PUCCH-FORMAT-0/pucch0/pucch0.srcs/sources_1/bd/pucch0/ip/pucch0_sync_cyclic_0_0/sync_cyclic.srcs/sources_1/ip/cycliic_fifo_0/cycliic_fifo_0.xml'.
CRITICAL WARNING: [IP_Flow 19-194] Failed to save IP instance 'cycliic_fifo_0'.
ERROR: [IP_Flow 19-98] Generation of the IP CORE failed.
ERROR: [BD 41-1030] Generation failed for the IP Integrator block sync_cyclic_0 
INFO: [BD 41-1029] Generation completed for the IP Integrator block frame_sync_1 .
INFO: [BD 41-1029] Generation completed for the IP Integrator block xlconcat_0 .
CRITICAL WARNING: [IP_Flow 19-193] Failed to save BOM file 'd:/FPGA/Vivaldo Project/PUCCH-FORMAT-0/pucch0/pucch0.srcs/sources_1/bd/pucch0/ip/pucch0_ofdm_demodulation_v2_0_0/ofdm_demodulation.srcs/sources_1/ip/xfft_0/xfft_0.xml'.
CRITICAL WARNING: [IP_Flow 19-194] Failed to save IP instance 'xfft_0'.
CRITICAL WARNING: [IP_Flow 19-193] Failed to save BOM file 'd:/FPGA/Vivaldo Project/PUCCH-FORMAT-0/pucch0/pucch0.srcs/sources_1/bd/pucch0/ip/pucch0_ofdm_demodulation_v2_0_0/ofdm_demodulation.srcs/sources_1/ip/xfft_0/xfft_0.xml'.
CRITICAL WARNING: [IP_Flow 19-194] Failed to save IP instance 'xfft_0'.
ERROR: [IP_Flow 19-98] Generation of the IP CORE failed.
ERROR: [BD 41-1030] Generation failed for the IP Integrator block ofdm_demodulation_v2_0 
INFO: [BD 41-1029] Generation completed for the IP Integrator block xlconstant_2 .
INFO: [BD 41-1029] Generation completed for the IP Integrator block xlslice_0 .
CRITICAL WARNING: [IP_Flow 19-193] Failed to save BOM file 'd:/FPGA/Vivaldo Project/PUCCH-FORMAT-0/pucch0/pucch0.srcs/sources_1/bd/pucch0/ip/pucch0_cyclic_gen_0_0/cyclic_shift.srcs/sources_1/ip/cyc_phase_gen_0/phase_gen.srcs/sources_1/ip/scramble_sequence_8bits_0/scramble_sequence_8bits_0.xml'.
CRITICAL WARNING: [IP_Flow 19-194] Failed to save IP instance 'scramble_sequence_8bits_0'.
CRITICAL WARNING: [IP_Flow 19-193] Failed to save BOM file 'd:/FPGA/Vivaldo Project/PUCCH-FORMAT-0/pucch0/pucch0.srcs/sources_1/bd/pucch0/ip/pucch0_cyclic_gen_0_0/cyclic_shift.srcs/sources_1/ip/cyc_phase_gen_0/phase_gen.srcs/sources_1/ip/scramble_sequence_8bits_0/scramble_sequence_8bits_0.xml'.
CRITICAL WARNING: [IP_Flow 19-194] Failed to save IP instance 'scramble_sequence_8bits_0'.
CRITICAL WARNING: [IP_Flow 19-193] Failed to save BOM file 'd:/FPGA/Vivaldo Project/PUCCH-FORMAT-0/pucch0/pucch0.srcs/sources_1/bd/pucch0/ip/pucch0_cyclic_gen_0_0/cyclic_shift.srcs/sources_1/ip/cyc_phase_gen_0/phase_gen.srcs/sources_1/ip/scramble_sequence_8bits_0/scramble_sequence_8bits_0.xml'.
CRITICAL WARNING: [IP_Flow 19-194] Failed to save IP instance 'scramble_sequence_8bits_0'.
ERROR: [IP_Flow 19-98] Generation of the IP CORE failed.
ERROR: [BD 41-1030] Generation failed for the IP Integrator block cyclic_gen_0 
ERROR: [Common 17-680] Path length exceeds 260-Byte maximum allowed by Windows: d:/FPGA/Vivaldo Project/PUCCH-FORMAT-0/pucch0/pucch0.srcs/sources_1/bd/pucch0/ip/pucch0_cyclic_gen_0_1/cyclic_shift.srcs/sources_1/ip/ba_se_0/base_seq.srcs/sources_1/ip/modulo_30_2/modulo_n.srcs/sources_1/ip/modulo30_mult_gen_1/hdl/xbip_bram18k_v3_0_vh_rfs.vhd
Please consider using the OS subst command to shorten the path length by mapping part of the path to a virtual drive letter. See Answer Record AR52787 for more information.
Resolution: In Windows 7 or later, the mklink command can also be used to create a symbolic link and shorten the path.
ERROR: [BD 41-1030] Generation failed for the IP Integrator block cyclic_gen_1 
Exporting to file D:/FPGA/Vivaldo Project/PUCCH-FORMAT-0/pucch0/pucch0.srcs/sources_1/bd/pucch0/hw_handoff/pucch0.hwh
CRITICAL WARNING: [BD 41-1938] The current design is out-of-date/locked, so it is best to update before calling write_bd_tcl, however, a Tcl script is still generated for the current design.
Generated Block Design Tcl file D:/FPGA/Vivaldo Project/PUCCH-FORMAT-0/pucch0/pucch0.srcs/sources_1/bd/pucch0/hw_handoff/pucch0_bd.tcl
Generated Hardware Definition File D:/FPGA/Vivaldo Project/PUCCH-FORMAT-0/pucch0/pucch0.srcs/sources_1/bd/pucch0/synth/pucch0.hwdef
ERROR: [Common 17-39] 'generate_target' failed due to earlier errors.
report_ip_status -name ip_status 
upgrade_ip -vlnv xilinx.com:user:correlation:1.0 [get_ips  pucch0_correlation_0_0] -log ip_upgrade.log
Upgrading 'D:/FPGA/Vivaldo Project/PUCCH-FORMAT-0/pucch0/pucch0.srcs/sources_1/bd/pucch0/pucch0.bd'
INFO: [IP_Flow 19-1972] Upgraded pucch0_correlation_0_0 from correlation_v1_0 1.0 to correlation_v1_0 1.0
WARNING: [BD 41-1731] Type mismatch between connected pins: /clk(clk) and /correlation_0_upgraded_ipi/clk(undef)
WARNING: [BD 41-1731] Type mismatch between connected pins: /rst(rst) and /correlation_0_upgraded_ipi/rst(undef)
CRITICAL WARNING: [IP_Flow 19-193] Failed to save BOM file 'd:/FPGA/Vivaldo Project/PUCCH-FORMAT-0/pucch0/pucch0.srcs/sources_1/bd/pucch0/ip/pucch0_combine_rx_sym_0_0/combine_rx_sym.srcs/sources_1/ip/combine_fifo_generator_0/combine_fifo_generator_0.xml'.
CRITICAL WARNING: [IP_Flow 19-194] Failed to save IP instance 'combine_fifo_generator_0'.
CRITICAL WARNING: [IP_Flow 19-193] Failed to save BOM file 'd:/FPGA/Vivaldo Project/PUCCH-FORMAT-0/pucch0/pucch0.srcs/sources_1/bd/pucch0/ip/pucch0_rx_duplication_0_0/rx_duplication.srcs/sources_1/ip/rx_dup_mem_1/rx_dup_mem_1.xml'.
CRITICAL WARNING: [IP_Flow 19-194] Failed to save IP instance 'rx_dup_mem_1'.
CRITICAL WARNING: [IP_Flow 19-193] Failed to save BOM file 'd:/FPGA/Vivaldo Project/PUCCH-FORMAT-0/pucch0/pucch0.srcs/sources_1/bd/pucch0/ip/pucch0_sync_cyclic_0_0/sync_cyclic.srcs/sources_1/ip/cycliic_fifo_0/cycliic_fifo_0.xml'.
CRITICAL WARNING: [IP_Flow 19-194] Failed to save IP instance 'cycliic_fifo_0'.
CRITICAL WARNING: [IP_Flow 19-193] Failed to save BOM file 'd:/FPGA/Vivaldo Project/PUCCH-FORMAT-0/pucch0/pucch0.srcs/sources_1/bd/pucch0/ip/pucch0_ofdm_demodulation_v2_0_0/ofdm_demodulation.srcs/sources_1/ip/xfft_0/xfft_0.xml'.
CRITICAL WARNING: [IP_Flow 19-194] Failed to save IP instance 'xfft_0'.
CRITICAL WARNING: [IP_Flow 19-193] Failed to save BOM file 'd:/FPGA/Vivaldo Project/PUCCH-FORMAT-0/pucch0/pucch0.srcs/sources_1/bd/pucch0/ip/pucch0_cyclic_gen_0_0/cyclic_shift.srcs/sources_1/ip/cyc_phase_gen_0/phase_gen.srcs/sources_1/ip/scramble_sequence_8bits_0/scramble_sequence_8bits_0.xml'.
CRITICAL WARNING: [IP_Flow 19-194] Failed to save IP instance 'scramble_sequence_8bits_0'.
Wrote  : <D:\FPGA\Vivaldo Project\PUCCH-FORMAT-0\pucch0\pucch0.srcs\sources_1\bd\pucch0\pucch0.bd> 
INFO: [Coretcl 2-1525] Wrote upgrade log to 'D:/FPGA/Vivaldo Project/PUCCH-FORMAT-0/pucch0/ip_upgrade.log'.
export_ip_user_files -of_objects [get_ips pucch0_correlation_0_0] -no_script -sync -force -quiet
generate_target all [get_files  {{D:/FPGA/Vivaldo Project/PUCCH-FORMAT-0/pucch0/pucch0.srcs/sources_1/bd/pucch0/pucch0.bd}}]
CRITICAL WARNING: [BD 41-759] The input pins (listed below) are either not connected or do not have a source port, and they don't have a tie-off specified. These pins are tied-off to all 0's to avoid error in Implementation flow.
Please check your design and connect them as needed: 
/combine_rx_sym_0/in_sqrt
/correlation_0/resourcesetresourceset

CRITICAL WARNING: [IP_Flow 19-193] Failed to save BOM file 'd:/FPGA/Vivaldo Project/PUCCH-FORMAT-0/pucch0/pucch0.srcs/sources_1/bd/pucch0/ip/pucch0_combine_rx_sym_0_0/combine_rx_sym.srcs/sources_1/ip/combine_fifo_generator_0/combine_fifo_generator_0.xml'.
CRITICAL WARNING: [IP_Flow 19-194] Failed to save IP instance 'combine_fifo_generator_0'.
CRITICAL WARNING: [IP_Flow 19-193] Failed to save BOM file 'd:/FPGA/Vivaldo Project/PUCCH-FORMAT-0/pucch0/pucch0.srcs/sources_1/bd/pucch0/ip/pucch0_rx_duplication_0_0/rx_duplication.srcs/sources_1/ip/rx_dup_mem_1/rx_dup_mem_1.xml'.
CRITICAL WARNING: [IP_Flow 19-194] Failed to save IP instance 'rx_dup_mem_1'.
CRITICAL WARNING: [IP_Flow 19-193] Failed to save BOM file 'd:/FPGA/Vivaldo Project/PUCCH-FORMAT-0/pucch0/pucch0.srcs/sources_1/bd/pucch0/ip/pucch0_sync_cyclic_0_0/sync_cyclic.srcs/sources_1/ip/cycliic_fifo_0/cycliic_fifo_0.xml'.
CRITICAL WARNING: [IP_Flow 19-194] Failed to save IP instance 'cycliic_fifo_0'.
CRITICAL WARNING: [IP_Flow 19-193] Failed to save BOM file 'd:/FPGA/Vivaldo Project/PUCCH-FORMAT-0/pucch0/pucch0.srcs/sources_1/bd/pucch0/ip/pucch0_ofdm_demodulation_v2_0_0/ofdm_demodulation.srcs/sources_1/ip/xfft_0/xfft_0.xml'.
CRITICAL WARNING: [IP_Flow 19-194] Failed to save IP instance 'xfft_0'.
CRITICAL WARNING: [IP_Flow 19-193] Failed to save BOM file 'd:/FPGA/Vivaldo Project/PUCCH-FORMAT-0/pucch0/pucch0.srcs/sources_1/bd/pucch0/ip/pucch0_cyclic_gen_0_0/cyclic_shift.srcs/sources_1/ip/cyc_phase_gen_0/phase_gen.srcs/sources_1/ip/scramble_sequence_8bits_0/scramble_sequence_8bits_0.xml'.
CRITICAL WARNING: [IP_Flow 19-194] Failed to save IP instance 'scramble_sequence_8bits_0'.
Wrote  : <D:\FPGA\Vivaldo Project\PUCCH-FORMAT-0\pucch0\pucch0.srcs\sources_1\bd\pucch0\pucch0.bd> 
CRITICAL WARNING: [BD 41-1228] Width mismatch when connecting input pin '/demapping_0/uci_slot'(5) to net 'slot_ind_1'(8) - Only lower order bits will be connected, and other input bits of this pin will be left unconnected.
CRITICAL WARNING: [BD 41-1228] Width mismatch when connecting input pin '/cyclic_gen_0/uci_slot'(5) to net 'slot_ind_1'(8) - Only lower order bits will be connected, and other input bits of this pin will be left unconnected.
CRITICAL WARNING: [BD 41-1228] Width mismatch when connecting input pin '/cyclic_gen_1/uci_slot'(5) to net 'slot_ind_1'(8) - Only lower order bits will be connected, and other input bits of this pin will be left unconnected.
CRITICAL WARNING: [BD 41-1228] Width mismatch when connecting input pin '/demapping_0/uci_first_symbol_idx'(4) to net 'layer2_parameter_0_uci_frist_symbol'(8) - Only lower order bits will be connected, and other input bits of this pin will be left unconnected.
CRITICAL WARNING: [BD 41-1228] Width mismatch when connecting input pin '/cyclic_gen_0/uci_first_symbol'(4) to net 'layer2_parameter_0_uci_frist_symbol'(8) - Only lower order bits will be connected, and other input bits of this pin will be left unconnected.
CRITICAL WARNING: [BD 41-1228] Width mismatch when connecting input pin '/cyclic_gen_1/uci_first_symbol'(4) to net 'layer2_parameter_0_uci_frist_symbol'(8) - Only lower order bits will be connected, and other input bits of this pin will be left unconnected.
CRITICAL WARNING: [BD 41-1228] Width mismatch when connecting input pin '/demapping_0/uci_nsymbols'(2) to net 'layer2_parameter_0_uci_symbol'(8) - Only lower order bits will be connected, and other input bits of this pin will be left unconnected.
CRITICAL WARNING: [BD 41-1228] Width mismatch when connecting input pin '/demapping_0/uci_prbsoffset'(2) to net 'layer2_parameter_0_uci_pbr_offset'(16) - Only lower order bits will be connected, and other input bits of this pin will be left unconnected.
CRITICAL WARNING: [BD 41-1228] Width mismatch when connecting input pin '/demapping_0/uci_secondhop_prb'(10) to net 'layer2_parameter_0_uci_second_prb'(16) - Only lower order bits will be connected, and other input bits of this pin will be left unconnected.
CRITICAL WARNING: [BD 41-1228] Width mismatch when connecting input pin '/cyclic_gen_0/uci_nID'(11) to net 'layer2_parameter_0_uci_nid'(16) - Only lower order bits will be connected, and other input bits of this pin will be left unconnected.
CRITICAL WARNING: [BD 41-1228] Width mismatch when connecting input pin '/cyclic_gen_1/uci_nID'(11) to net 'layer2_parameter_0_uci_nid'(16) - Only lower order bits will be connected, and other input bits of this pin will be left unconnected.
CRITICAL WARNING: [BD 41-1228] Width mismatch when connecting input pin '/cyclic_gen_0/uci_m0'(4) to net 'layer2_parameter_0_uci_m0'(16) - Only lower order bits will be connected, and other input bits of this pin will be left unconnected.
CRITICAL WARNING: [BD 41-1228] Width mismatch when connecting input pin '/cyclic_gen_1/uci_m0'(4) to net 'layer2_parameter_0_uci_m0'(16) - Only lower order bits will be connected, and other input bits of this pin will be left unconnected.
CRITICAL WARNING: [BD 41-1228] Width mismatch when connecting input pin '/peak_search_0/uci_ack'(2) to net 'layer2_parameter_0_uci_ack'(16) - Only lower order bits will be connected, and other input bits of this pin will be left unconnected.
CRITICAL WARNING: [BD 41-1228] Width mismatch when connecting input pin '/cyclic_gen_0/uci_ack'(2) to net 'layer2_parameter_0_uci_ack'(16) - Only lower order bits will be connected, and other input bits of this pin will be left unconnected.
CRITICAL WARNING: [BD 41-1228] Width mismatch when connecting input pin '/cyclic_gen_1/uci_ack'(2) to net 'layer2_parameter_0_uci_ack'(16) - Only lower order bits will be connected, and other input bits of this pin will be left unconnected.
CRITICAL WARNING: [BD 41-1228] Width mismatch when connecting input pin '/cyclic_gen_0/uci_grouphopping'(2) to net 'group_hopping_1'(8) - Only lower order bits will be connected, and other input bits of this pin will be left unconnected.
CRITICAL WARNING: [BD 41-1228] Width mismatch when connecting input pin '/cyclic_gen_1/uci_grouphopping'(2) to net 'group_hopping_1'(8) - Only lower order bits will be connected, and other input bits of this pin will be left unconnected.
CRITICAL WARNING: [BD 41-1228] Width mismatch when connecting input pin '/ofdm_demodulation_v2_0/scale_factor'(4) to net 'xlconstant_2_dout'(3) - Only lower order bits will be connected, and other input bits of this pin will be left unconnected.
CRITICAL WARNING: [BD 41-1228] Width mismatch when connecting input pin '/ofdm_demodulation_v2_0/ant_input'(32) to net 'xlslice_0_Dout'(16) - Only lower order bits will be connected, and other input bits of this pin will be left unconnected.
VHDL Output written to : D:/FPGA/Vivaldo Project/PUCCH-FORMAT-0/pucch0/pucch0.srcs/sources_1/bd/pucch0/synth/pucch0.v
CRITICAL WARNING: [BD 41-1228] Width mismatch when connecting input pin '/demapping_0/uci_slot'(5) to net 'slot_ind_1'(8) - Only lower order bits will be connected, and other input bits of this pin will be left unconnected.
CRITICAL WARNING: [BD 41-1228] Width mismatch when connecting input pin '/cyclic_gen_0/uci_slot'(5) to net 'slot_ind_1'(8) - Only lower order bits will be connected, and other input bits of this pin will be left unconnected.
CRITICAL WARNING: [BD 41-1228] Width mismatch when connecting input pin '/cyclic_gen_1/uci_slot'(5) to net 'slot_ind_1'(8) - Only lower order bits will be connected, and other input bits of this pin will be left unconnected.
CRITICAL WARNING: [BD 41-1228] Width mismatch when connecting input pin '/demapping_0/uci_first_symbol_idx'(4) to net 'layer2_parameter_0_uci_frist_symbol'(8) - Only lower order bits will be connected, and other input bits of this pin will be left unconnected.
CRITICAL WARNING: [BD 41-1228] Width mismatch when connecting input pin '/cyclic_gen_0/uci_first_symbol'(4) to net 'layer2_parameter_0_uci_frist_symbol'(8) - Only lower order bits will be connected, and other input bits of this pin will be left unconnected.
CRITICAL WARNING: [BD 41-1228] Width mismatch when connecting input pin '/cyclic_gen_1/uci_first_symbol'(4) to net 'layer2_parameter_0_uci_frist_symbol'(8) - Only lower order bits will be connected, and other input bits of this pin will be left unconnected.
CRITICAL WARNING: [BD 41-1228] Width mismatch when connecting input pin '/demapping_0/uci_nsymbols'(2) to net 'layer2_parameter_0_uci_symbol'(8) - Only lower order bits will be connected, and other input bits of this pin will be left unconnected.
CRITICAL WARNING: [BD 41-1228] Width mismatch when connecting input pin '/demapping_0/uci_prbsoffset'(2) to net 'layer2_parameter_0_uci_pbr_offset'(16) - Only lower order bits will be connected, and other input bits of this pin will be left unconnected.
CRITICAL WARNING: [BD 41-1228] Width mismatch when connecting input pin '/demapping_0/uci_secondhop_prb'(10) to net 'layer2_parameter_0_uci_second_prb'(16) - Only lower order bits will be connected, and other input bits of this pin will be left unconnected.
CRITICAL WARNING: [BD 41-1228] Width mismatch when connecting input pin '/cyclic_gen_0/uci_nID'(11) to net 'layer2_parameter_0_uci_nid'(16) - Only lower order bits will be connected, and other input bits of this pin will be left unconnected.
CRITICAL WARNING: [BD 41-1228] Width mismatch when connecting input pin '/cyclic_gen_1/uci_nID'(11) to net 'layer2_parameter_0_uci_nid'(16) - Only lower order bits will be connected, and other input bits of this pin will be left unconnected.
CRITICAL WARNING: [BD 41-1228] Width mismatch when connecting input pin '/cyclic_gen_0/uci_m0'(4) to net 'layer2_parameter_0_uci_m0'(16) - Only lower order bits will be connected, and other input bits of this pin will be left unconnected.
CRITICAL WARNING: [BD 41-1228] Width mismatch when connecting input pin '/cyclic_gen_1/uci_m0'(4) to net 'layer2_parameter_0_uci_m0'(16) - Only lower order bits will be connected, and other input bits of this pin will be left unconnected.
CRITICAL WARNING: [BD 41-1228] Width mismatch when connecting input pin '/peak_search_0/uci_ack'(2) to net 'layer2_parameter_0_uci_ack'(16) - Only lower order bits will be connected, and other input bits of this pin will be left unconnected.
CRITICAL WARNING: [BD 41-1228] Width mismatch when connecting input pin '/cyclic_gen_0/uci_ack'(2) to net 'layer2_parameter_0_uci_ack'(16) - Only lower order bits will be connected, and other input bits of this pin will be left unconnected.
CRITICAL WARNING: [BD 41-1228] Width mismatch when connecting input pin '/cyclic_gen_1/uci_ack'(2) to net 'layer2_parameter_0_uci_ack'(16) - Only lower order bits will be connected, and other input bits of this pin will be left unconnected.
CRITICAL WARNING: [BD 41-1228] Width mismatch when connecting input pin '/cyclic_gen_0/uci_grouphopping'(2) to net 'group_hopping_1'(8) - Only lower order bits will be connected, and other input bits of this pin will be left unconnected.
CRITICAL WARNING: [BD 41-1228] Width mismatch when connecting input pin '/cyclic_gen_1/uci_grouphopping'(2) to net 'group_hopping_1'(8) - Only lower order bits will be connected, and other input bits of this pin will be left unconnected.
CRITICAL WARNING: [BD 41-1228] Width mismatch when connecting input pin '/ofdm_demodulation_v2_0/scale_factor'(4) to net 'xlconstant_2_dout'(3) - Only lower order bits will be connected, and other input bits of this pin will be left unconnected.
CRITICAL WARNING: [BD 41-1228] Width mismatch when connecting input pin '/ofdm_demodulation_v2_0/ant_input'(32) to net 'xlslice_0_Dout'(16) - Only lower order bits will be connected, and other input bits of this pin will be left unconnected.
VHDL Output written to : D:/FPGA/Vivaldo Project/PUCCH-FORMAT-0/pucch0/pucch0.srcs/sources_1/bd/pucch0/sim/pucch0.v
VHDL Output written to : D:/FPGA/Vivaldo Project/PUCCH-FORMAT-0/pucch0/pucch0.srcs/sources_1/bd/pucch0/hdl/pucch0_wrapper.v
INFO: [BD 41-1029] Generation completed for the IP Integrator block physical_control_0 .
INFO: [BD 41-1029] Generation completed for the IP Integrator block demapping_0 .
CRITICAL WARNING: [IP_Flow 19-193] Failed to save BOM file 'd:/FPGA/Vivaldo Project/PUCCH-FORMAT-0/pucch0/pucch0.srcs/sources_1/bd/pucch0/ip/pucch0_rx_duplication_0_0/rx_duplication.srcs/sources_1/ip/rx_dup_mem_1/rx_dup_mem_1.xml'.
CRITICAL WARNING: [IP_Flow 19-194] Failed to save IP instance 'rx_dup_mem_1'.
CRITICAL WARNING: [IP_Flow 19-193] Failed to save BOM file 'd:/FPGA/Vivaldo Project/PUCCH-FORMAT-0/pucch0/pucch0.srcs/sources_1/bd/pucch0/ip/pucch0_rx_duplication_0_0/rx_duplication.srcs/sources_1/ip/rx_dup_mem_1/rx_dup_mem_1.xml'.
CRITICAL WARNING: [IP_Flow 19-194] Failed to save IP instance 'rx_dup_mem_1'.
CRITICAL WARNING: [IP_Flow 19-193] Failed to save BOM file 'd:/FPGA/Vivaldo Project/PUCCH-FORMAT-0/pucch0/pucch0.srcs/sources_1/bd/pucch0/ip/pucch0_rx_duplication_0_0/rx_duplication.srcs/sources_1/ip/rx_dup_mem_1/rx_dup_mem_1.xml'.
CRITICAL WARNING: [IP_Flow 19-194] Failed to save IP instance 'rx_dup_mem_1'.
ERROR: [IP_Flow 19-98] Generation of the IP CORE failed.
ERROR: [BD 41-1030] Generation failed for the IP Integrator block rx_duplication_0 
CRITICAL WARNING: [IP_Flow 19-193] Failed to save BOM file 'd:/FPGA/Vivaldo Project/PUCCH-FORMAT-0/pucch0/pucch0.srcs/sources_1/bd/pucch0/ip/pucch0_correlation_0_0/correlation.srcs/sources_1/ip/correlation_cordic_0/correlation_cordic_0.xml'.
CRITICAL WARNING: [IP_Flow 19-194] Failed to save IP instance 'correlation_cordic_0'.
CRITICAL WARNING: [IP_Flow 19-193] Failed to save BOM file 'd:/FPGA/Vivaldo Project/PUCCH-FORMAT-0/pucch0/pucch0.srcs/sources_1/bd/pucch0/ip/pucch0_correlation_0_0/correlation.srcs/sources_1/ip/correlation_cordic_0/correlation_cordic_0.xml'.
CRITICAL WARNING: [IP_Flow 19-194] Failed to save IP instance 'correlation_cordic_0'.
CRITICAL WARNING: [IP_Flow 19-4739] Writing uncustomized BOM file 'd:/FPGA/Vivaldo Project/PUCCH-FORMAT-0/pucch0/pucch0.srcs/sources_1/bd/pucch0/ip/pucch0_correlation_0_0/correlation.srcs/sources_1/ip/correlation_xcorr_12_0/correlation_xcorr_12_0.xml'
ERROR: [IP_Flow 19-98] Generation of the IP CORE failed.
ERROR: [BD 41-1030] Generation failed for the IP Integrator block correlation_0 
CRITICAL WARNING: [IP_Flow 19-193] Failed to save BOM file 'd:/FPGA/Vivaldo Project/PUCCH-FORMAT-0/pucch0/pucch0.srcs/sources_1/bd/pucch0/ip/pucch0_combine_rx_sym_0_0/combine_rx_sym.srcs/sources_1/ip/combine_fifo_generator_0/combine_fifo_generator_0.xml'.
CRITICAL WARNING: [IP_Flow 19-194] Failed to save IP instance 'combine_fifo_generator_0'.
CRITICAL WARNING: [IP_Flow 19-193] Failed to save BOM file 'd:/FPGA/Vivaldo Project/PUCCH-FORMAT-0/pucch0/pucch0.srcs/sources_1/bd/pucch0/ip/pucch0_combine_rx_sym_0_0/combine_rx_sym.srcs/sources_1/ip/combine_fifo_generator_0/combine_fifo_generator_0.xml'.
CRITICAL WARNING: [IP_Flow 19-194] Failed to save IP instance 'combine_fifo_generator_0'.
CRITICAL WARNING: [IP_Flow 19-193] Failed to save BOM file 'd:/FPGA/Vivaldo Project/PUCCH-FORMAT-0/pucch0/pucch0.srcs/sources_1/bd/pucch0/ip/pucch0_combine_rx_sym_0_0/combine_rx_sym.srcs/sources_1/ip/combine_fifo_generator_0/combine_fifo_generator_0.xml'.
CRITICAL WARNING: [IP_Flow 19-194] Failed to save IP instance 'combine_fifo_generator_0'.
ERROR: [IP_Flow 19-98] Generation of the IP CORE failed.
ERROR: [BD 41-1030] Generation failed for the IP Integrator block combine_rx_sym_0 
INFO: [BD 41-1029] Generation completed for the IP Integrator block peak_search_0 .
INFO: [BD 41-1029] Generation completed for the IP Integrator block frame_sync_0 .
INFO: [BD 41-1029] Generation completed for the IP Integrator block layer2_parameter_0 .
INFO: [BD 41-1029] Generation completed for the IP Integrator block xlconstant_0 .
INFO: [BD 41-1029] Generation completed for the IP Integrator block xlconstant_1 .
CRITICAL WARNING: [IP_Flow 19-193] Failed to save BOM file 'd:/FPGA/Vivaldo Project/PUCCH-FORMAT-0/pucch0/pucch0.srcs/sources_1/bd/pucch0/ip/pucch0_sync_cyclic_0_0/sync_cyclic.srcs/sources_1/ip/cycliic_fifo_0/cycliic_fifo_0.xml'.
CRITICAL WARNING: [IP_Flow 19-194] Failed to save IP instance 'cycliic_fifo_0'.
CRITICAL WARNING: [IP_Flow 19-193] Failed to save BOM file 'd:/FPGA/Vivaldo Project/PUCCH-FORMAT-0/pucch0/pucch0.srcs/sources_1/bd/pucch0/ip/pucch0_sync_cyclic_0_0/sync_cyclic.srcs/sources_1/ip/cycliic_fifo_0/cycliic_fifo_0.xml'.
CRITICAL WARNING: [IP_Flow 19-194] Failed to save IP instance 'cycliic_fifo_0'.
CRITICAL WARNING: [IP_Flow 19-193] Failed to save BOM file 'd:/FPGA/Vivaldo Project/PUCCH-FORMAT-0/pucch0/pucch0.srcs/sources_1/bd/pucch0/ip/pucch0_sync_cyclic_0_0/sync_cyclic.srcs/sources_1/ip/cycliic_fifo_0/cycliic_fifo_0.xml'.
CRITICAL WARNING: [IP_Flow 19-194] Failed to save IP instance 'cycliic_fifo_0'.
ERROR: [IP_Flow 19-98] Generation of the IP CORE failed.
ERROR: [BD 41-1030] Generation failed for the IP Integrator block sync_cyclic_0 
INFO: [BD 41-1029] Generation completed for the IP Integrator block frame_sync_1 .
INFO: [BD 41-1029] Generation completed for the IP Integrator block xlconcat_0 .
CRITICAL WARNING: [IP_Flow 19-193] Failed to save BOM file 'd:/FPGA/Vivaldo Project/PUCCH-FORMAT-0/pucch0/pucch0.srcs/sources_1/bd/pucch0/ip/pucch0_ofdm_demodulation_v2_0_0/ofdm_demodulation.srcs/sources_1/ip/xfft_0/xfft_0.xml'.
CRITICAL WARNING: [IP_Flow 19-194] Failed to save IP instance 'xfft_0'.
CRITICAL WARNING: [IP_Flow 19-193] Failed to save BOM file 'd:/FPGA/Vivaldo Project/PUCCH-FORMAT-0/pucch0/pucch0.srcs/sources_1/bd/pucch0/ip/pucch0_ofdm_demodulation_v2_0_0/ofdm_demodulation.srcs/sources_1/ip/xfft_0/xfft_0.xml'.
CRITICAL WARNING: [IP_Flow 19-194] Failed to save IP instance 'xfft_0'.
CRITICAL WARNING: [IP_Flow 19-193] Failed to save BOM file 'd:/FPGA/Vivaldo Project/PUCCH-FORMAT-0/pucch0/pucch0.srcs/sources_1/bd/pucch0/ip/pucch0_ofdm_demodulation_v2_0_0/ofdm_demodulation.srcs/sources_1/ip/xfft_0/xfft_0.xml'.
CRITICAL WARNING: [IP_Flow 19-194] Failed to save IP instance 'xfft_0'.
ERROR: [IP_Flow 19-98] Generation of the IP CORE failed.
ERROR: [BD 41-1030] Generation failed for the IP Integrator block ofdm_demodulation_v2_0 
INFO: [BD 41-1029] Generation completed for the IP Integrator block xlconstant_2 .
INFO: [BD 41-1029] Generation completed for the IP Integrator block xlslice_0 .
CRITICAL WARNING: [IP_Flow 19-193] Failed to save BOM file 'd:/FPGA/Vivaldo Project/PUCCH-FORMAT-0/pucch0/pucch0.srcs/sources_1/bd/pucch0/ip/pucch0_cyclic_gen_0_0/cyclic_shift.srcs/sources_1/ip/cyc_phase_gen_0/phase_gen.srcs/sources_1/ip/scramble_sequence_8bits_0/scramble_sequence_8bits_0.xml'.
CRITICAL WARNING: [IP_Flow 19-194] Failed to save IP instance 'scramble_sequence_8bits_0'.
CRITICAL WARNING: [IP_Flow 19-193] Failed to save BOM file 'd:/FPGA/Vivaldo Project/PUCCH-FORMAT-0/pucch0/pucch0.srcs/sources_1/bd/pucch0/ip/pucch0_cyclic_gen_0_0/cyclic_shift.srcs/sources_1/ip/cyc_phase_gen_0/phase_gen.srcs/sources_1/ip/scramble_sequence_8bits_0/scramble_sequence_8bits_0.xml'.
CRITICAL WARNING: [IP_Flow 19-194] Failed to save IP instance 'scramble_sequence_8bits_0'.
CRITICAL WARNING: [IP_Flow 19-193] Failed to save BOM file 'd:/FPGA/Vivaldo Project/PUCCH-FORMAT-0/pucch0/pucch0.srcs/sources_1/bd/pucch0/ip/pucch0_cyclic_gen_0_0/cyclic_shift.srcs/sources_1/ip/cyc_phase_gen_0/phase_gen.srcs/sources_1/ip/scramble_sequence_8bits_0/scramble_sequence_8bits_0.xml'.
CRITICAL WARNING: [IP_Flow 19-194] Failed to save IP instance 'scramble_sequence_8bits_0'.
ERROR: [IP_Flow 19-98] Generation of the IP CORE failed.
ERROR: [BD 41-1030] Generation failed for the IP Integrator block cyclic_gen_0 
ERROR: [Common 17-680] Path length exceeds 260-Byte maximum allowed by Windows: d:/FPGA/Vivaldo Project/PUCCH-FORMAT-0/pucch0/pucch0.srcs/sources_1/bd/pucch0/ip/pucch0_cyclic_gen_0_1/cyclic_shift.srcs/sources_1/ip/ba_se_0/base_seq.srcs/sources_1/ip/modulo_30_2/modulo_n.srcs/sources_1/ip/modulo30_mult_gen_1/hdl/xbip_bram18k_v3_0_vh_rfs.vhd
Please consider using the OS subst command to shorten the path length by mapping part of the path to a virtual drive letter. See Answer Record AR52787 for more information.
Resolution: In Windows 7 or later, the mklink command can also be used to create a symbolic link and shorten the path.
ERROR: [BD 41-1030] Generation failed for the IP Integrator block cyclic_gen_1 
Exporting to file D:/FPGA/Vivaldo Project/PUCCH-FORMAT-0/pucch0/pucch0.srcs/sources_1/bd/pucch0/hw_handoff/pucch0.hwh
CRITICAL WARNING: [BD 41-1938] The current design is out-of-date/locked, so it is best to update before calling write_bd_tcl, however, a Tcl script is still generated for the current design.
Generated Block Design Tcl file D:/FPGA/Vivaldo Project/PUCCH-FORMAT-0/pucch0/pucch0.srcs/sources_1/bd/pucch0/hw_handoff/pucch0_bd.tcl
Generated Hardware Definition File D:/FPGA/Vivaldo Project/PUCCH-FORMAT-0/pucch0/pucch0.srcs/sources_1/bd/pucch0/synth/pucch0.hwdef
ERROR: [Common 17-39] 'generate_target' failed due to earlier errors.
report_ip_status -name ip_status 
upgrade_ip -vlnv xilinx.com:user:correlation:1.0 [get_ips  pucch0_correlation_0_0] -log ip_upgrade.log
Upgrading 'D:/FPGA/Vivaldo Project/PUCCH-FORMAT-0/pucch0/pucch0.srcs/sources_1/bd/pucch0/pucch0.bd'
INFO: [IP_Flow 19-1972] Upgraded pucch0_correlation_0_0 from correlation_v1_0 1.0 to correlation_v1_0 1.0
WARNING: [BD 41-1731] Type mismatch between connected pins: /clk(clk) and /correlation_0_upgraded_ipi/clk(undef)
WARNING: [BD 41-1731] Type mismatch between connected pins: /rst(rst) and /correlation_0_upgraded_ipi/rst(undef)
CRITICAL WARNING: [IP_Flow 19-193] Failed to save BOM file 'd:/FPGA/Vivaldo Project/PUCCH-FORMAT-0/pucch0/pucch0.srcs/sources_1/bd/pucch0/ip/pucch0_combine_rx_sym_0_0/combine_rx_sym.srcs/sources_1/ip/combine_fifo_generator_0/combine_fifo_generator_0.xml'.
CRITICAL WARNING: [IP_Flow 19-194] Failed to save IP instance 'combine_fifo_generator_0'.
CRITICAL WARNING: [IP_Flow 19-193] Failed to save BOM file 'd:/FPGA/Vivaldo Project/PUCCH-FORMAT-0/pucch0/pucch0.srcs/sources_1/bd/pucch0/ip/pucch0_rx_duplication_0_0/rx_duplication.srcs/sources_1/ip/rx_dup_mem_1/rx_dup_mem_1.xml'.
CRITICAL WARNING: [IP_Flow 19-194] Failed to save IP instance 'rx_dup_mem_1'.
CRITICAL WARNING: [IP_Flow 19-193] Failed to save BOM file 'd:/FPGA/Vivaldo Project/PUCCH-FORMAT-0/pucch0/pucch0.srcs/sources_1/bd/pucch0/ip/pucch0_sync_cyclic_0_0/sync_cyclic.srcs/sources_1/ip/cycliic_fifo_0/cycliic_fifo_0.xml'.
CRITICAL WARNING: [IP_Flow 19-194] Failed to save IP instance 'cycliic_fifo_0'.
CRITICAL WARNING: [IP_Flow 19-193] Failed to save BOM file 'd:/FPGA/Vivaldo Project/PUCCH-FORMAT-0/pucch0/pucch0.srcs/sources_1/bd/pucch0/ip/pucch0_ofdm_demodulation_v2_0_0/ofdm_demodulation.srcs/sources_1/ip/xfft_0/xfft_0.xml'.
CRITICAL WARNING: [IP_Flow 19-194] Failed to save IP instance 'xfft_0'.
CRITICAL WARNING: [IP_Flow 19-193] Failed to save BOM file 'd:/FPGA/Vivaldo Project/PUCCH-FORMAT-0/pucch0/pucch0.srcs/sources_1/bd/pucch0/ip/pucch0_cyclic_gen_0_0/cyclic_shift.srcs/sources_1/ip/cyc_phase_gen_0/phase_gen.srcs/sources_1/ip/scramble_sequence_8bits_0/scramble_sequence_8bits_0.xml'.
CRITICAL WARNING: [IP_Flow 19-194] Failed to save IP instance 'scramble_sequence_8bits_0'.
Wrote  : <D:\FPGA\Vivaldo Project\PUCCH-FORMAT-0\pucch0\pucch0.srcs\sources_1\bd\pucch0\pucch0.bd> 
INFO: [Coretcl 2-1525] Wrote upgrade log to 'D:/FPGA/Vivaldo Project/PUCCH-FORMAT-0/pucch0/ip_upgrade.log'.
export_ip_user_files -of_objects [get_ips pucch0_correlation_0_0] -no_script -sync -force -quiet
generate_target all [get_files  {{D:/FPGA/Vivaldo Project/PUCCH-FORMAT-0/pucch0/pucch0.srcs/sources_1/bd/pucch0/pucch0.bd}}]
CRITICAL WARNING: [BD 41-759] The input pins (listed below) are either not connected or do not have a source port, and they don't have a tie-off specified. These pins are tied-off to all 0's to avoid error in Implementation flow.
Please check your design and connect them as needed: 
/combine_rx_sym_0/in_sqrt
/correlation_0/resourcesetresourceset

CRITICAL WARNING: [IP_Flow 19-193] Failed to save BOM file 'd:/FPGA/Vivaldo Project/PUCCH-FORMAT-0/pucch0/pucch0.srcs/sources_1/bd/pucch0/ip/pucch0_combine_rx_sym_0_0/combine_rx_sym.srcs/sources_1/ip/combine_fifo_generator_0/combine_fifo_generator_0.xml'.
CRITICAL WARNING: [IP_Flow 19-194] Failed to save IP instance 'combine_fifo_generator_0'.
CRITICAL WARNING: [IP_Flow 19-193] Failed to save BOM file 'd:/FPGA/Vivaldo Project/PUCCH-FORMAT-0/pucch0/pucch0.srcs/sources_1/bd/pucch0/ip/pucch0_rx_duplication_0_0/rx_duplication.srcs/sources_1/ip/rx_dup_mem_1/rx_dup_mem_1.xml'.
CRITICAL WARNING: [IP_Flow 19-194] Failed to save IP instance 'rx_dup_mem_1'.
CRITICAL WARNING: [IP_Flow 19-193] Failed to save BOM file 'd:/FPGA/Vivaldo Project/PUCCH-FORMAT-0/pucch0/pucch0.srcs/sources_1/bd/pucch0/ip/pucch0_sync_cyclic_0_0/sync_cyclic.srcs/sources_1/ip/cycliic_fifo_0/cycliic_fifo_0.xml'.
CRITICAL WARNING: [IP_Flow 19-194] Failed to save IP instance 'cycliic_fifo_0'.
CRITICAL WARNING: [IP_Flow 19-193] Failed to save BOM file 'd:/FPGA/Vivaldo Project/PUCCH-FORMAT-0/pucch0/pucch0.srcs/sources_1/bd/pucch0/ip/pucch0_ofdm_demodulation_v2_0_0/ofdm_demodulation.srcs/sources_1/ip/xfft_0/xfft_0.xml'.
CRITICAL WARNING: [IP_Flow 19-194] Failed to save IP instance 'xfft_0'.
CRITICAL WARNING: [IP_Flow 19-193] Failed to save BOM file 'd:/FPGA/Vivaldo Project/PUCCH-FORMAT-0/pucch0/pucch0.srcs/sources_1/bd/pucch0/ip/pucch0_cyclic_gen_0_0/cyclic_shift.srcs/sources_1/ip/cyc_phase_gen_0/phase_gen.srcs/sources_1/ip/scramble_sequence_8bits_0/scramble_sequence_8bits_0.xml'.
CRITICAL WARNING: [IP_Flow 19-194] Failed to save IP instance 'scramble_sequence_8bits_0'.
Wrote  : <D:\FPGA\Vivaldo Project\PUCCH-FORMAT-0\pucch0\pucch0.srcs\sources_1\bd\pucch0\pucch0.bd> 
CRITICAL WARNING: [BD 41-1228] Width mismatch when connecting input pin '/demapping_0/uci_slot'(5) to net 'slot_ind_1'(8) - Only lower order bits will be connected, and other input bits of this pin will be left unconnected.
CRITICAL WARNING: [BD 41-1228] Width mismatch when connecting input pin '/cyclic_gen_0/uci_slot'(5) to net 'slot_ind_1'(8) - Only lower order bits will be connected, and other input bits of this pin will be left unconnected.
CRITICAL WARNING: [BD 41-1228] Width mismatch when connecting input pin '/cyclic_gen_1/uci_slot'(5) to net 'slot_ind_1'(8) - Only lower order bits will be connected, and other input bits of this pin will be left unconnected.
CRITICAL WARNING: [BD 41-1228] Width mismatch when connecting input pin '/demapping_0/uci_first_symbol_idx'(4) to net 'layer2_parameter_0_uci_frist_symbol'(8) - Only lower order bits will be connected, and other input bits of this pin will be left unconnected.
CRITICAL WARNING: [BD 41-1228] Width mismatch when connecting input pin '/cyclic_gen_0/uci_first_symbol'(4) to net 'layer2_parameter_0_uci_frist_symbol'(8) - Only lower order bits will be connected, and other input bits of this pin will be left unconnected.
CRITICAL WARNING: [BD 41-1228] Width mismatch when connecting input pin '/cyclic_gen_1/uci_first_symbol'(4) to net 'layer2_parameter_0_uci_frist_symbol'(8) - Only lower order bits will be connected, and other input bits of this pin will be left unconnected.
CRITICAL WARNING: [BD 41-1228] Width mismatch when connecting input pin '/demapping_0/uci_nsymbols'(2) to net 'layer2_parameter_0_uci_symbol'(8) - Only lower order bits will be connected, and other input bits of this pin will be left unconnected.
CRITICAL WARNING: [BD 41-1228] Width mismatch when connecting input pin '/demapping_0/uci_prbsoffset'(2) to net 'layer2_parameter_0_uci_pbr_offset'(16) - Only lower order bits will be connected, and other input bits of this pin will be left unconnected.
CRITICAL WARNING: [BD 41-1228] Width mismatch when connecting input pin '/demapping_0/uci_secondhop_prb'(10) to net 'layer2_parameter_0_uci_second_prb'(16) - Only lower order bits will be connected, and other input bits of this pin will be left unconnected.
CRITICAL WARNING: [BD 41-1228] Width mismatch when connecting input pin '/cyclic_gen_0/uci_nID'(11) to net 'layer2_parameter_0_uci_nid'(16) - Only lower order bits will be connected, and other input bits of this pin will be left unconnected.
CRITICAL WARNING: [BD 41-1228] Width mismatch when connecting input pin '/cyclic_gen_1/uci_nID'(11) to net 'layer2_parameter_0_uci_nid'(16) - Only lower order bits will be connected, and other input bits of this pin will be left unconnected.
CRITICAL WARNING: [BD 41-1228] Width mismatch when connecting input pin '/cyclic_gen_0/uci_m0'(4) to net 'layer2_parameter_0_uci_m0'(16) - Only lower order bits will be connected, and other input bits of this pin will be left unconnected.
CRITICAL WARNING: [BD 41-1228] Width mismatch when connecting input pin '/cyclic_gen_1/uci_m0'(4) to net 'layer2_parameter_0_uci_m0'(16) - Only lower order bits will be connected, and other input bits of this pin will be left unconnected.
CRITICAL WARNING: [BD 41-1228] Width mismatch when connecting input pin '/peak_search_0/uci_ack'(2) to net 'layer2_parameter_0_uci_ack'(16) - Only lower order bits will be connected, and other input bits of this pin will be left unconnected.
CRITICAL WARNING: [BD 41-1228] Width mismatch when connecting input pin '/cyclic_gen_0/uci_ack'(2) to net 'layer2_parameter_0_uci_ack'(16) - Only lower order bits will be connected, and other input bits of this pin will be left unconnected.
CRITICAL WARNING: [BD 41-1228] Width mismatch when connecting input pin '/cyclic_gen_1/uci_ack'(2) to net 'layer2_parameter_0_uci_ack'(16) - Only lower order bits will be connected, and other input bits of this pin will be left unconnected.
CRITICAL WARNING: [BD 41-1228] Width mismatch when connecting input pin '/cyclic_gen_0/uci_grouphopping'(2) to net 'group_hopping_1'(8) - Only lower order bits will be connected, and other input bits of this pin will be left unconnected.
CRITICAL WARNING: [BD 41-1228] Width mismatch when connecting input pin '/cyclic_gen_1/uci_grouphopping'(2) to net 'group_hopping_1'(8) - Only lower order bits will be connected, and other input bits of this pin will be left unconnected.
CRITICAL WARNING: [BD 41-1228] Width mismatch when connecting input pin '/ofdm_demodulation_v2_0/scale_factor'(4) to net 'xlconstant_2_dout'(3) - Only lower order bits will be connected, and other input bits of this pin will be left unconnected.
CRITICAL WARNING: [BD 41-1228] Width mismatch when connecting input pin '/ofdm_demodulation_v2_0/ant_input'(32) to net 'xlslice_0_Dout'(16) - Only lower order bits will be connected, and other input bits of this pin will be left unconnected.
VHDL Output written to : D:/FPGA/Vivaldo Project/PUCCH-FORMAT-0/pucch0/pucch0.srcs/sources_1/bd/pucch0/synth/pucch0.v
CRITICAL WARNING: [BD 41-1228] Width mismatch when connecting input pin '/demapping_0/uci_slot'(5) to net 'slot_ind_1'(8) - Only lower order bits will be connected, and other input bits of this pin will be left unconnected.
CRITICAL WARNING: [BD 41-1228] Width mismatch when connecting input pin '/cyclic_gen_0/uci_slot'(5) to net 'slot_ind_1'(8) - Only lower order bits will be connected, and other input bits of this pin will be left unconnected.
CRITICAL WARNING: [BD 41-1228] Width mismatch when connecting input pin '/cyclic_gen_1/uci_slot'(5) to net 'slot_ind_1'(8) - Only lower order bits will be connected, and other input bits of this pin will be left unconnected.
CRITICAL WARNING: [BD 41-1228] Width mismatch when connecting input pin '/demapping_0/uci_first_symbol_idx'(4) to net 'layer2_parameter_0_uci_frist_symbol'(8) - Only lower order bits will be connected, and other input bits of this pin will be left unconnected.
CRITICAL WARNING: [BD 41-1228] Width mismatch when connecting input pin '/cyclic_gen_0/uci_first_symbol'(4) to net 'layer2_parameter_0_uci_frist_symbol'(8) - Only lower order bits will be connected, and other input bits of this pin will be left unconnected.
CRITICAL WARNING: [BD 41-1228] Width mismatch when connecting input pin '/cyclic_gen_1/uci_first_symbol'(4) to net 'layer2_parameter_0_uci_frist_symbol'(8) - Only lower order bits will be connected, and other input bits of this pin will be left unconnected.
CRITICAL WARNING: [BD 41-1228] Width mismatch when connecting input pin '/demapping_0/uci_nsymbols'(2) to net 'layer2_parameter_0_uci_symbol'(8) - Only lower order bits will be connected, and other input bits of this pin will be left unconnected.
CRITICAL WARNING: [BD 41-1228] Width mismatch when connecting input pin '/demapping_0/uci_prbsoffset'(2) to net 'layer2_parameter_0_uci_pbr_offset'(16) - Only lower order bits will be connected, and other input bits of this pin will be left unconnected.
CRITICAL WARNING: [BD 41-1228] Width mismatch when connecting input pin '/demapping_0/uci_secondhop_prb'(10) to net 'layer2_parameter_0_uci_second_prb'(16) - Only lower order bits will be connected, and other input bits of this pin will be left unconnected.
CRITICAL WARNING: [BD 41-1228] Width mismatch when connecting input pin '/cyclic_gen_0/uci_nID'(11) to net 'layer2_parameter_0_uci_nid'(16) - Only lower order bits will be connected, and other input bits of this pin will be left unconnected.
CRITICAL WARNING: [BD 41-1228] Width mismatch when connecting input pin '/cyclic_gen_1/uci_nID'(11) to net 'layer2_parameter_0_uci_nid'(16) - Only lower order bits will be connected, and other input bits of this pin will be left unconnected.
CRITICAL WARNING: [BD 41-1228] Width mismatch when connecting input pin '/cyclic_gen_0/uci_m0'(4) to net 'layer2_parameter_0_uci_m0'(16) - Only lower order bits will be connected, and other input bits of this pin will be left unconnected.
CRITICAL WARNING: [BD 41-1228] Width mismatch when connecting input pin '/cyclic_gen_1/uci_m0'(4) to net 'layer2_parameter_0_uci_m0'(16) - Only lower order bits will be connected, and other input bits of this pin will be left unconnected.
CRITICAL WARNING: [BD 41-1228] Width mismatch when connecting input pin '/peak_search_0/uci_ack'(2) to net 'layer2_parameter_0_uci_ack'(16) - Only lower order bits will be connected, and other input bits of this pin will be left unconnected.
CRITICAL WARNING: [BD 41-1228] Width mismatch when connecting input pin '/cyclic_gen_0/uci_ack'(2) to net 'layer2_parameter_0_uci_ack'(16) - Only lower order bits will be connected, and other input bits of this pin will be left unconnected.
CRITICAL WARNING: [BD 41-1228] Width mismatch when connecting input pin '/cyclic_gen_1/uci_ack'(2) to net 'layer2_parameter_0_uci_ack'(16) - Only lower order bits will be connected, and other input bits of this pin will be left unconnected.
CRITICAL WARNING: [BD 41-1228] Width mismatch when connecting input pin '/cyclic_gen_0/uci_grouphopping'(2) to net 'group_hopping_1'(8) - Only lower order bits will be connected, and other input bits of this pin will be left unconnected.
CRITICAL WARNING: [BD 41-1228] Width mismatch when connecting input pin '/cyclic_gen_1/uci_grouphopping'(2) to net 'group_hopping_1'(8) - Only lower order bits will be connected, and other input bits of this pin will be left unconnected.
CRITICAL WARNING: [BD 41-1228] Width mismatch when connecting input pin '/ofdm_demodulation_v2_0/scale_factor'(4) to net 'xlconstant_2_dout'(3) - Only lower order bits will be connected, and other input bits of this pin will be left unconnected.
CRITICAL WARNING: [BD 41-1228] Width mismatch when connecting input pin '/ofdm_demodulation_v2_0/ant_input'(32) to net 'xlslice_0_Dout'(16) - Only lower order bits will be connected, and other input bits of this pin will be left unconnected.
VHDL Output written to : D:/FPGA/Vivaldo Project/PUCCH-FORMAT-0/pucch0/pucch0.srcs/sources_1/bd/pucch0/sim/pucch0.v
VHDL Output written to : D:/FPGA/Vivaldo Project/PUCCH-FORMAT-0/pucch0/pucch0.srcs/sources_1/bd/pucch0/hdl/pucch0_wrapper.v
INFO: [BD 41-1029] Generation completed for the IP Integrator block physical_control_0 .
INFO: [BD 41-1029] Generation completed for the IP Integrator block demapping_0 .
CRITICAL WARNING: [IP_Flow 19-193] Failed to save BOM file 'd:/FPGA/Vivaldo Project/PUCCH-FORMAT-0/pucch0/pucch0.srcs/sources_1/bd/pucch0/ip/pucch0_rx_duplication_0_0/rx_duplication.srcs/sources_1/ip/rx_dup_mem_1/rx_dup_mem_1.xml'.
CRITICAL WARNING: [IP_Flow 19-194] Failed to save IP instance 'rx_dup_mem_1'.
CRITICAL WARNING: [IP_Flow 19-193] Failed to save BOM file 'd:/FPGA/Vivaldo Project/PUCCH-FORMAT-0/pucch0/pucch0.srcs/sources_1/bd/pucch0/ip/pucch0_rx_duplication_0_0/rx_duplication.srcs/sources_1/ip/rx_dup_mem_1/rx_dup_mem_1.xml'.
CRITICAL WARNING: [IP_Flow 19-194] Failed to save IP instance 'rx_dup_mem_1'.
CRITICAL WARNING: [IP_Flow 19-193] Failed to save BOM file 'd:/FPGA/Vivaldo Project/PUCCH-FORMAT-0/pucch0/pucch0.srcs/sources_1/bd/pucch0/ip/pucch0_rx_duplication_0_0/rx_duplication.srcs/sources_1/ip/rx_dup_mem_1/rx_dup_mem_1.xml'.
CRITICAL WARNING: [IP_Flow 19-194] Failed to save IP instance 'rx_dup_mem_1'.
ERROR: [IP_Flow 19-98] Generation of the IP CORE failed.
ERROR: [BD 41-1030] Generation failed for the IP Integrator block rx_duplication_0 
CRITICAL WARNING: [IP_Flow 19-193] Failed to save BOM file 'd:/FPGA/Vivaldo Project/PUCCH-FORMAT-0/pucch0/pucch0.srcs/sources_1/bd/pucch0/ip/pucch0_correlation_0_0/correlation.srcs/sources_1/ip/correlation_cordic_0/correlation_cordic_0.xml'.
CRITICAL WARNING: [IP_Flow 19-194] Failed to save IP instance 'correlation_cordic_0'.
CRITICAL WARNING: [IP_Flow 19-193] Failed to save BOM file 'd:/FPGA/Vivaldo Project/PUCCH-FORMAT-0/pucch0/pucch0.srcs/sources_1/bd/pucch0/ip/pucch0_correlation_0_0/correlation.srcs/sources_1/ip/correlation_cordic_0/correlation_cordic_0.xml'.
CRITICAL WARNING: [IP_Flow 19-194] Failed to save IP instance 'correlation_cordic_0'.
CRITICAL WARNING: [IP_Flow 19-4739] Writing uncustomized BOM file 'd:/FPGA/Vivaldo Project/PUCCH-FORMAT-0/pucch0/pucch0.srcs/sources_1/bd/pucch0/ip/pucch0_correlation_0_0/correlation.srcs/sources_1/ip/correlation_xcorr_12_0/correlation_xcorr_12_0.xml'
ERROR: [IP_Flow 19-98] Generation of the IP CORE failed.
ERROR: [BD 41-1030] Generation failed for the IP Integrator block correlation_0 
CRITICAL WARNING: [IP_Flow 19-193] Failed to save BOM file 'd:/FPGA/Vivaldo Project/PUCCH-FORMAT-0/pucch0/pucch0.srcs/sources_1/bd/pucch0/ip/pucch0_combine_rx_sym_0_0/combine_rx_sym.srcs/sources_1/ip/combine_fifo_generator_0/combine_fifo_generator_0.xml'.
CRITICAL WARNING: [IP_Flow 19-194] Failed to save IP instance 'combine_fifo_generator_0'.
CRITICAL WARNING: [IP_Flow 19-193] Failed to save BOM file 'd:/FPGA/Vivaldo Project/PUCCH-FORMAT-0/pucch0/pucch0.srcs/sources_1/bd/pucch0/ip/pucch0_combine_rx_sym_0_0/combine_rx_sym.srcs/sources_1/ip/combine_fifo_generator_0/combine_fifo_generator_0.xml'.
CRITICAL WARNING: [IP_Flow 19-194] Failed to save IP instance 'combine_fifo_generator_0'.
CRITICAL WARNING: [IP_Flow 19-193] Failed to save BOM file 'd:/FPGA/Vivaldo Project/PUCCH-FORMAT-0/pucch0/pucch0.srcs/sources_1/bd/pucch0/ip/pucch0_combine_rx_sym_0_0/combine_rx_sym.srcs/sources_1/ip/combine_fifo_generator_0/combine_fifo_generator_0.xml'.
CRITICAL WARNING: [IP_Flow 19-194] Failed to save IP instance 'combine_fifo_generator_0'.
ERROR: [IP_Flow 19-98] Generation of the IP CORE failed.
ERROR: [BD 41-1030] Generation failed for the IP Integrator block combine_rx_sym_0 
INFO: [BD 41-1029] Generation completed for the IP Integrator block peak_search_0 .
INFO: [BD 41-1029] Generation completed for the IP Integrator block frame_sync_0 .
INFO: [BD 41-1029] Generation completed for the IP Integrator block layer2_parameter_0 .
INFO: [BD 41-1029] Generation completed for the IP Integrator block xlconstant_0 .
INFO: [BD 41-1029] Generation completed for the IP Integrator block xlconstant_1 .
CRITICAL WARNING: [IP_Flow 19-193] Failed to save BOM file 'd:/FPGA/Vivaldo Project/PUCCH-FORMAT-0/pucch0/pucch0.srcs/sources_1/bd/pucch0/ip/pucch0_sync_cyclic_0_0/sync_cyclic.srcs/sources_1/ip/cycliic_fifo_0/cycliic_fifo_0.xml'.
CRITICAL WARNING: [IP_Flow 19-194] Failed to save IP instance 'cycliic_fifo_0'.
CRITICAL WARNING: [IP_Flow 19-193] Failed to save BOM file 'd:/FPGA/Vivaldo Project/PUCCH-FORMAT-0/pucch0/pucch0.srcs/sources_1/bd/pucch0/ip/pucch0_sync_cyclic_0_0/sync_cyclic.srcs/sources_1/ip/cycliic_fifo_0/cycliic_fifo_0.xml'.
CRITICAL WARNING: [IP_Flow 19-194] Failed to save IP instance 'cycliic_fifo_0'.
CRITICAL WARNING: [IP_Flow 19-193] Failed to save BOM file 'd:/FPGA/Vivaldo Project/PUCCH-FORMAT-0/pucch0/pucch0.srcs/sources_1/bd/pucch0/ip/pucch0_sync_cyclic_0_0/sync_cyclic.srcs/sources_1/ip/cycliic_fifo_0/cycliic_fifo_0.xml'.
CRITICAL WARNING: [IP_Flow 19-194] Failed to save IP instance 'cycliic_fifo_0'.
ERROR: [IP_Flow 19-98] Generation of the IP CORE failed.
ERROR: [BD 41-1030] Generation failed for the IP Integrator block sync_cyclic_0 
INFO: [BD 41-1029] Generation completed for the IP Integrator block frame_sync_1 .
INFO: [BD 41-1029] Generation completed for the IP Integrator block xlconcat_0 .
CRITICAL WARNING: [IP_Flow 19-193] Failed to save BOM file 'd:/FPGA/Vivaldo Project/PUCCH-FORMAT-0/pucch0/pucch0.srcs/sources_1/bd/pucch0/ip/pucch0_ofdm_demodulation_v2_0_0/ofdm_demodulation.srcs/sources_1/ip/xfft_0/xfft_0.xml'.
CRITICAL WARNING: [IP_Flow 19-194] Failed to save IP instance 'xfft_0'.
CRITICAL WARNING: [IP_Flow 19-193] Failed to save BOM file 'd:/FPGA/Vivaldo Project/PUCCH-FORMAT-0/pucch0/pucch0.srcs/sources_1/bd/pucch0/ip/pucch0_ofdm_demodulation_v2_0_0/ofdm_demodulation.srcs/sources_1/ip/xfft_0/xfft_0.xml'.
CRITICAL WARNING: [IP_Flow 19-194] Failed to save IP instance 'xfft_0'.
CRITICAL WARNING: [IP_Flow 19-193] Failed to save BOM file 'd:/FPGA/Vivaldo Project/PUCCH-FORMAT-0/pucch0/pucch0.srcs/sources_1/bd/pucch0/ip/pucch0_ofdm_demodulation_v2_0_0/ofdm_demodulation.srcs/sources_1/ip/xfft_0/xfft_0.xml'.
CRITICAL WARNING: [IP_Flow 19-194] Failed to save IP instance 'xfft_0'.
ERROR: [IP_Flow 19-98] Generation of the IP CORE failed.
ERROR: [BD 41-1030] Generation failed for the IP Integrator block ofdm_demodulation_v2_0 
INFO: [BD 41-1029] Generation completed for the IP Integrator block xlconstant_2 .
INFO: [BD 41-1029] Generation completed for the IP Integrator block xlslice_0 .
CRITICAL WARNING: [IP_Flow 19-193] Failed to save BOM file 'd:/FPGA/Vivaldo Project/PUCCH-FORMAT-0/pucch0/pucch0.srcs/sources_1/bd/pucch0/ip/pucch0_cyclic_gen_0_0/cyclic_shift.srcs/sources_1/ip/cyc_phase_gen_0/phase_gen.srcs/sources_1/ip/scramble_sequence_8bits_0/scramble_sequence_8bits_0.xml'.
CRITICAL WARNING: [IP_Flow 19-194] Failed to save IP instance 'scramble_sequence_8bits_0'.
CRITICAL WARNING: [IP_Flow 19-193] Failed to save BOM file 'd:/FPGA/Vivaldo Project/PUCCH-FORMAT-0/pucch0/pucch0.srcs/sources_1/bd/pucch0/ip/pucch0_cyclic_gen_0_0/cyclic_shift.srcs/sources_1/ip/cyc_phase_gen_0/phase_gen.srcs/sources_1/ip/scramble_sequence_8bits_0/scramble_sequence_8bits_0.xml'.
CRITICAL WARNING: [IP_Flow 19-194] Failed to save IP instance 'scramble_sequence_8bits_0'.
CRITICAL WARNING: [IP_Flow 19-193] Failed to save BOM file 'd:/FPGA/Vivaldo Project/PUCCH-FORMAT-0/pucch0/pucch0.srcs/sources_1/bd/pucch0/ip/pucch0_cyclic_gen_0_0/cyclic_shift.srcs/sources_1/ip/cyc_phase_gen_0/phase_gen.srcs/sources_1/ip/scramble_sequence_8bits_0/scramble_sequence_8bits_0.xml'.
CRITICAL WARNING: [IP_Flow 19-194] Failed to save IP instance 'scramble_sequence_8bits_0'.
ERROR: [IP_Flow 19-98] Generation of the IP CORE failed.
ERROR: [BD 41-1030] Generation failed for the IP Integrator block cyclic_gen_0 
ERROR: [Common 17-680] Path length exceeds 260-Byte maximum allowed by Windows: d:/FPGA/Vivaldo Project/PUCCH-FORMAT-0/pucch0/pucch0.srcs/sources_1/bd/pucch0/ip/pucch0_cyclic_gen_0_1/cyclic_shift.srcs/sources_1/ip/ba_se_0/base_seq.srcs/sources_1/ip/modulo_30_2/modulo_n.srcs/sources_1/ip/modulo30_mult_gen_1/hdl/xbip_bram18k_v3_0_vh_rfs.vhd
Please consider using the OS subst command to shorten the path length by mapping part of the path to a virtual drive letter. See Answer Record AR52787 for more information.
Resolution: In Windows 7 or later, the mklink command can also be used to create a symbolic link and shorten the path.
ERROR: [BD 41-1030] Generation failed for the IP Integrator block cyclic_gen_1 
Exporting to file D:/FPGA/Vivaldo Project/PUCCH-FORMAT-0/pucch0/pucch0.srcs/sources_1/bd/pucch0/hw_handoff/pucch0.hwh
CRITICAL WARNING: [BD 41-1938] The current design is out-of-date/locked, so it is best to update before calling write_bd_tcl, however, a Tcl script is still generated for the current design.
Generated Block Design Tcl file D:/FPGA/Vivaldo Project/PUCCH-FORMAT-0/pucch0/pucch0.srcs/sources_1/bd/pucch0/hw_handoff/pucch0_bd.tcl
Generated Hardware Definition File D:/FPGA/Vivaldo Project/PUCCH-FORMAT-0/pucch0/pucch0.srcs/sources_1/bd/pucch0/synth/pucch0.hwdef
ERROR: [Common 17-39] 'generate_target' failed due to earlier errors.
report_ip_status -name ip_status 
update_ip_catalog -rebuild -scan_changes
INFO: [IP_Flow 19-234] Refreshing IP repositories
INFO: [IP_Flow 19-1700] Loaded user IP repository 'd:/FPGA/Vivaldo Project/PUCCH-FORMAT-0'.
WARNING: [IP_Flow 19-3656] If you move the project, the path for repository 'd:/FPGA/Vivaldo Project/PUCCH-FORMAT-0' may become invalid. A better location for the repository would be in a path adjacent to the project. (Current project location is 'd:/FPGA/Vivaldo Project/PUCCH-FORMAT-0/pucch0'.)
WARNING: [IP_Flow 19-1663] Duplicate IP found for 'xilinx.com:user:ctr_fft:1.0'. The one found in IP location 'd:/FPGA/Vivaldo Project/PUCCH-FORMAT-0/all_sub_ips/ctr_pre_fft' will take precedence over the same IP in location d:/FPGA/Vivaldo Project/PUCCH-FORMAT-0/ofdm_demodulation/OFDM_Demodulation_v0/ctr_ofdm/ctr_ofdm
report_ip_status -name ip_status
upgrade_ip -vlnv xilinx.com:user:correlation:1.0 [get_ips  pucch0_correlation_0_0] -log ip_upgrade.log
Upgrading 'D:/FPGA/Vivaldo Project/PUCCH-FORMAT-0/pucch0/pucch0.srcs/sources_1/bd/pucch0/pucch0.bd'
INFO: [IP_Flow 19-3422] Upgraded pucch0_correlation_0_0 (correlation_v1_0 1.0) from revision 2 to revision 3
WARNING: [BD 41-1731] Type mismatch between connected pins: /clk(clk) and /correlation_0_upgraded_ipi/clk(undef)
WARNING: [BD 41-1731] Type mismatch between connected pins: /rst(rst) and /correlation_0_upgraded_ipi/rst(undef)
CRITICAL WARNING: [IP_Flow 19-193] Failed to save BOM file 'd:/FPGA/Vivaldo Project/PUCCH-FORMAT-0/pucch0/pucch0.srcs/sources_1/bd/pucch0/ip/pucch0_combine_rx_sym_0_0/combine_rx_sym.srcs/sources_1/ip/combine_fifo_generator_0/combine_fifo_generator_0.xml'.
CRITICAL WARNING: [IP_Flow 19-194] Failed to save IP instance 'combine_fifo_generator_0'.
CRITICAL WARNING: [IP_Flow 19-193] Failed to save BOM file 'd:/FPGA/Vivaldo Project/PUCCH-FORMAT-0/pucch0/pucch0.srcs/sources_1/bd/pucch0/ip/pucch0_rx_duplication_0_0/rx_duplication.srcs/sources_1/ip/rx_dup_mem_1/rx_dup_mem_1.xml'.
CRITICAL WARNING: [IP_Flow 19-194] Failed to save IP instance 'rx_dup_mem_1'.
CRITICAL WARNING: [IP_Flow 19-193] Failed to save BOM file 'd:/FPGA/Vivaldo Project/PUCCH-FORMAT-0/pucch0/pucch0.srcs/sources_1/bd/pucch0/ip/pucch0_sync_cyclic_0_0/sync_cyclic.srcs/sources_1/ip/cycliic_fifo_0/cycliic_fifo_0.xml'.
CRITICAL WARNING: [IP_Flow 19-194] Failed to save IP instance 'cycliic_fifo_0'.
CRITICAL WARNING: [IP_Flow 19-193] Failed to save BOM file 'd:/FPGA/Vivaldo Project/PUCCH-FORMAT-0/pucch0/pucch0.srcs/sources_1/bd/pucch0/ip/pucch0_ofdm_demodulation_v2_0_0/ofdm_demodulation.srcs/sources_1/ip/xfft_0/xfft_0.xml'.
CRITICAL WARNING: [IP_Flow 19-194] Failed to save IP instance 'xfft_0'.
CRITICAL WARNING: [IP_Flow 19-193] Failed to save BOM file 'd:/FPGA/Vivaldo Project/PUCCH-FORMAT-0/pucch0/pucch0.srcs/sources_1/bd/pucch0/ip/pucch0_cyclic_gen_0_0/cyclic_shift.srcs/sources_1/ip/cyc_phase_gen_0/phase_gen.srcs/sources_1/ip/scramble_sequence_8bits_0/scramble_sequence_8bits_0.xml'.
CRITICAL WARNING: [IP_Flow 19-194] Failed to save IP instance 'scramble_sequence_8bits_0'.
Wrote  : <D:\FPGA\Vivaldo Project\PUCCH-FORMAT-0\pucch0\pucch0.srcs\sources_1\bd\pucch0\pucch0.bd> 
INFO: [Coretcl 2-1525] Wrote upgrade log to 'D:/FPGA/Vivaldo Project/PUCCH-FORMAT-0/pucch0/ip_upgrade.log'.
export_ip_user_files -of_objects [get_ips pucch0_correlation_0_0] -no_script -sync -force -quiet
generate_target all [get_files  {{D:/FPGA/Vivaldo Project/PUCCH-FORMAT-0/pucch0/pucch0.srcs/sources_1/bd/pucch0/pucch0.bd}}]
CRITICAL WARNING: [BD 41-759] The input pins (listed below) are either not connected or do not have a source port, and they don't have a tie-off specified. These pins are tied-off to all 0's to avoid error in Implementation flow.
Please check your design and connect them as needed: 
/combine_rx_sym_0/in_sqrt
/correlation_0/resourcesetresourceset

CRITICAL WARNING: [IP_Flow 19-193] Failed to save BOM file 'd:/FPGA/Vivaldo Project/PUCCH-FORMAT-0/pucch0/pucch0.srcs/sources_1/bd/pucch0/ip/pucch0_combine_rx_sym_0_0/combine_rx_sym.srcs/sources_1/ip/combine_fifo_generator_0/combine_fifo_generator_0.xml'.
CRITICAL WARNING: [IP_Flow 19-194] Failed to save IP instance 'combine_fifo_generator_0'.
CRITICAL WARNING: [IP_Flow 19-193] Failed to save BOM file 'd:/FPGA/Vivaldo Project/PUCCH-FORMAT-0/pucch0/pucch0.srcs/sources_1/bd/pucch0/ip/pucch0_rx_duplication_0_0/rx_duplication.srcs/sources_1/ip/rx_dup_mem_1/rx_dup_mem_1.xml'.
CRITICAL WARNING: [IP_Flow 19-194] Failed to save IP instance 'rx_dup_mem_1'.
CRITICAL WARNING: [IP_Flow 19-193] Failed to save BOM file 'd:/FPGA/Vivaldo Project/PUCCH-FORMAT-0/pucch0/pucch0.srcs/sources_1/bd/pucch0/ip/pucch0_sync_cyclic_0_0/sync_cyclic.srcs/sources_1/ip/cycliic_fifo_0/cycliic_fifo_0.xml'.
CRITICAL WARNING: [IP_Flow 19-194] Failed to save IP instance 'cycliic_fifo_0'.
CRITICAL WARNING: [IP_Flow 19-193] Failed to save BOM file 'd:/FPGA/Vivaldo Project/PUCCH-FORMAT-0/pucch0/pucch0.srcs/sources_1/bd/pucch0/ip/pucch0_ofdm_demodulation_v2_0_0/ofdm_demodulation.srcs/sources_1/ip/xfft_0/xfft_0.xml'.
CRITICAL WARNING: [IP_Flow 19-194] Failed to save IP instance 'xfft_0'.
CRITICAL WARNING: [IP_Flow 19-193] Failed to save BOM file 'd:/FPGA/Vivaldo Project/PUCCH-FORMAT-0/pucch0/pucch0.srcs/sources_1/bd/pucch0/ip/pucch0_cyclic_gen_0_0/cyclic_shift.srcs/sources_1/ip/cyc_phase_gen_0/phase_gen.srcs/sources_1/ip/scramble_sequence_8bits_0/scramble_sequence_8bits_0.xml'.
CRITICAL WARNING: [IP_Flow 19-194] Failed to save IP instance 'scramble_sequence_8bits_0'.
Wrote  : <D:\FPGA\Vivaldo Project\PUCCH-FORMAT-0\pucch0\pucch0.srcs\sources_1\bd\pucch0\pucch0.bd> 
CRITICAL WARNING: [BD 41-1228] Width mismatch when connecting input pin '/demapping_0/uci_slot'(5) to net 'slot_ind_1'(8) - Only lower order bits will be connected, and other input bits of this pin will be left unconnected.
CRITICAL WARNING: [BD 41-1228] Width mismatch when connecting input pin '/cyclic_gen_0/uci_slot'(5) to net 'slot_ind_1'(8) - Only lower order bits will be connected, and other input bits of this pin will be left unconnected.
CRITICAL WARNING: [BD 41-1228] Width mismatch when connecting input pin '/cyclic_gen_1/uci_slot'(5) to net 'slot_ind_1'(8) - Only lower order bits will be connected, and other input bits of this pin will be left unconnected.
CRITICAL WARNING: [BD 41-1228] Width mismatch when connecting input pin '/demapping_0/uci_first_symbol_idx'(4) to net 'layer2_parameter_0_uci_frist_symbol'(8) - Only lower order bits will be connected, and other input bits of this pin will be left unconnected.
CRITICAL WARNING: [BD 41-1228] Width mismatch when connecting input pin '/cyclic_gen_0/uci_first_symbol'(4) to net 'layer2_parameter_0_uci_frist_symbol'(8) - Only lower order bits will be connected, and other input bits of this pin will be left unconnected.
CRITICAL WARNING: [BD 41-1228] Width mismatch when connecting input pin '/cyclic_gen_1/uci_first_symbol'(4) to net 'layer2_parameter_0_uci_frist_symbol'(8) - Only lower order bits will be connected, and other input bits of this pin will be left unconnected.
CRITICAL WARNING: [BD 41-1228] Width mismatch when connecting input pin '/demapping_0/uci_nsymbols'(2) to net 'layer2_parameter_0_uci_symbol'(8) - Only lower order bits will be connected, and other input bits of this pin will be left unconnected.
CRITICAL WARNING: [BD 41-1228] Width mismatch when connecting input pin '/demapping_0/uci_prbsoffset'(2) to net 'layer2_parameter_0_uci_pbr_offset'(16) - Only lower order bits will be connected, and other input bits of this pin will be left unconnected.
CRITICAL WARNING: [BD 41-1228] Width mismatch when connecting input pin '/demapping_0/uci_secondhop_prb'(10) to net 'layer2_parameter_0_uci_second_prb'(16) - Only lower order bits will be connected, and other input bits of this pin will be left unconnected.
CRITICAL WARNING: [BD 41-1228] Width mismatch when connecting input pin '/cyclic_gen_0/uci_nID'(11) to net 'layer2_parameter_0_uci_nid'(16) - Only lower order bits will be connected, and other input bits of this pin will be left unconnected.
CRITICAL WARNING: [BD 41-1228] Width mismatch when connecting input pin '/cyclic_gen_1/uci_nID'(11) to net 'layer2_parameter_0_uci_nid'(16) - Only lower order bits will be connected, and other input bits of this pin will be left unconnected.
CRITICAL WARNING: [BD 41-1228] Width mismatch when connecting input pin '/cyclic_gen_0/uci_m0'(4) to net 'layer2_parameter_0_uci_m0'(16) - Only lower order bits will be connected, and other input bits of this pin will be left unconnected.
CRITICAL WARNING: [BD 41-1228] Width mismatch when connecting input pin '/cyclic_gen_1/uci_m0'(4) to net 'layer2_parameter_0_uci_m0'(16) - Only lower order bits will be connected, and other input bits of this pin will be left unconnected.
CRITICAL WARNING: [BD 41-1228] Width mismatch when connecting input pin '/peak_search_0/uci_ack'(2) to net 'layer2_parameter_0_uci_ack'(16) - Only lower order bits will be connected, and other input bits of this pin will be left unconnected.
CRITICAL WARNING: [BD 41-1228] Width mismatch when connecting input pin '/cyclic_gen_0/uci_ack'(2) to net 'layer2_parameter_0_uci_ack'(16) - Only lower order bits will be connected, and other input bits of this pin will be left unconnected.
CRITICAL WARNING: [BD 41-1228] Width mismatch when connecting input pin '/cyclic_gen_1/uci_ack'(2) to net 'layer2_parameter_0_uci_ack'(16) - Only lower order bits will be connected, and other input bits of this pin will be left unconnected.
CRITICAL WARNING: [BD 41-1228] Width mismatch when connecting input pin '/cyclic_gen_0/uci_grouphopping'(2) to net 'group_hopping_1'(8) - Only lower order bits will be connected, and other input bits of this pin will be left unconnected.
CRITICAL WARNING: [BD 41-1228] Width mismatch when connecting input pin '/cyclic_gen_1/uci_grouphopping'(2) to net 'group_hopping_1'(8) - Only lower order bits will be connected, and other input bits of this pin will be left unconnected.
CRITICAL WARNING: [BD 41-1228] Width mismatch when connecting input pin '/ofdm_demodulation_v2_0/scale_factor'(4) to net 'xlconstant_2_dout'(3) - Only lower order bits will be connected, and other input bits of this pin will be left unconnected.
CRITICAL WARNING: [BD 41-1228] Width mismatch when connecting input pin '/ofdm_demodulation_v2_0/ant_input'(32) to net 'xlslice_0_Dout'(16) - Only lower order bits will be connected, and other input bits of this pin will be left unconnected.
VHDL Output written to : D:/FPGA/Vivaldo Project/PUCCH-FORMAT-0/pucch0/pucch0.srcs/sources_1/bd/pucch0/synth/pucch0.v
CRITICAL WARNING: [BD 41-1228] Width mismatch when connecting input pin '/demapping_0/uci_slot'(5) to net 'slot_ind_1'(8) - Only lower order bits will be connected, and other input bits of this pin will be left unconnected.
CRITICAL WARNING: [BD 41-1228] Width mismatch when connecting input pin '/cyclic_gen_0/uci_slot'(5) to net 'slot_ind_1'(8) - Only lower order bits will be connected, and other input bits of this pin will be left unconnected.
CRITICAL WARNING: [BD 41-1228] Width mismatch when connecting input pin '/cyclic_gen_1/uci_slot'(5) to net 'slot_ind_1'(8) - Only lower order bits will be connected, and other input bits of this pin will be left unconnected.
CRITICAL WARNING: [BD 41-1228] Width mismatch when connecting input pin '/demapping_0/uci_first_symbol_idx'(4) to net 'layer2_parameter_0_uci_frist_symbol'(8) - Only lower order bits will be connected, and other input bits of this pin will be left unconnected.
CRITICAL WARNING: [BD 41-1228] Width mismatch when connecting input pin '/cyclic_gen_0/uci_first_symbol'(4) to net 'layer2_parameter_0_uci_frist_symbol'(8) - Only lower order bits will be connected, and other input bits of this pin will be left unconnected.
CRITICAL WARNING: [BD 41-1228] Width mismatch when connecting input pin '/cyclic_gen_1/uci_first_symbol'(4) to net 'layer2_parameter_0_uci_frist_symbol'(8) - Only lower order bits will be connected, and other input bits of this pin will be left unconnected.
CRITICAL WARNING: [BD 41-1228] Width mismatch when connecting input pin '/demapping_0/uci_nsymbols'(2) to net 'layer2_parameter_0_uci_symbol'(8) - Only lower order bits will be connected, and other input bits of this pin will be left unconnected.
CRITICAL WARNING: [BD 41-1228] Width mismatch when connecting input pin '/demapping_0/uci_prbsoffset'(2) to net 'layer2_parameter_0_uci_pbr_offset'(16) - Only lower order bits will be connected, and other input bits of this pin will be left unconnected.
CRITICAL WARNING: [BD 41-1228] Width mismatch when connecting input pin '/demapping_0/uci_secondhop_prb'(10) to net 'layer2_parameter_0_uci_second_prb'(16) - Only lower order bits will be connected, and other input bits of this pin will be left unconnected.
CRITICAL WARNING: [BD 41-1228] Width mismatch when connecting input pin '/cyclic_gen_0/uci_nID'(11) to net 'layer2_parameter_0_uci_nid'(16) - Only lower order bits will be connected, and other input bits of this pin will be left unconnected.
CRITICAL WARNING: [BD 41-1228] Width mismatch when connecting input pin '/cyclic_gen_1/uci_nID'(11) to net 'layer2_parameter_0_uci_nid'(16) - Only lower order bits will be connected, and other input bits of this pin will be left unconnected.
CRITICAL WARNING: [BD 41-1228] Width mismatch when connecting input pin '/cyclic_gen_0/uci_m0'(4) to net 'layer2_parameter_0_uci_m0'(16) - Only lower order bits will be connected, and other input bits of this pin will be left unconnected.
CRITICAL WARNING: [BD 41-1228] Width mismatch when connecting input pin '/cyclic_gen_1/uci_m0'(4) to net 'layer2_parameter_0_uci_m0'(16) - Only lower order bits will be connected, and other input bits of this pin will be left unconnected.
CRITICAL WARNING: [BD 41-1228] Width mismatch when connecting input pin '/peak_search_0/uci_ack'(2) to net 'layer2_parameter_0_uci_ack'(16) - Only lower order bits will be connected, and other input bits of this pin will be left unconnected.
CRITICAL WARNING: [BD 41-1228] Width mismatch when connecting input pin '/cyclic_gen_0/uci_ack'(2) to net 'layer2_parameter_0_uci_ack'(16) - Only lower order bits will be connected, and other input bits of this pin will be left unconnected.
CRITICAL WARNING: [BD 41-1228] Width mismatch when connecting input pin '/cyclic_gen_1/uci_ack'(2) to net 'layer2_parameter_0_uci_ack'(16) - Only lower order bits will be connected, and other input bits of this pin will be left unconnected.
CRITICAL WARNING: [BD 41-1228] Width mismatch when connecting input pin '/cyclic_gen_0/uci_grouphopping'(2) to net 'group_hopping_1'(8) - Only lower order bits will be connected, and other input bits of this pin will be left unconnected.
CRITICAL WARNING: [BD 41-1228] Width mismatch when connecting input pin '/cyclic_gen_1/uci_grouphopping'(2) to net 'group_hopping_1'(8) - Only lower order bits will be connected, and other input bits of this pin will be left unconnected.
CRITICAL WARNING: [BD 41-1228] Width mismatch when connecting input pin '/ofdm_demodulation_v2_0/scale_factor'(4) to net 'xlconstant_2_dout'(3) - Only lower order bits will be connected, and other input bits of this pin will be left unconnected.
CRITICAL WARNING: [BD 41-1228] Width mismatch when connecting input pin '/ofdm_demodulation_v2_0/ant_input'(32) to net 'xlslice_0_Dout'(16) - Only lower order bits will be connected, and other input bits of this pin will be left unconnected.
VHDL Output written to : D:/FPGA/Vivaldo Project/PUCCH-FORMAT-0/pucch0/pucch0.srcs/sources_1/bd/pucch0/sim/pucch0.v
VHDL Output written to : D:/FPGA/Vivaldo Project/PUCCH-FORMAT-0/pucch0/pucch0.srcs/sources_1/bd/pucch0/hdl/pucch0_wrapper.v
INFO: [BD 41-1029] Generation completed for the IP Integrator block physical_control_0 .
INFO: [BD 41-1029] Generation completed for the IP Integrator block demapping_0 .
CRITICAL WARNING: [IP_Flow 19-193] Failed to save BOM file 'd:/FPGA/Vivaldo Project/PUCCH-FORMAT-0/pucch0/pucch0.srcs/sources_1/bd/pucch0/ip/pucch0_rx_duplication_0_0/rx_duplication.srcs/sources_1/ip/rx_dup_mem_1/rx_dup_mem_1.xml'.
CRITICAL WARNING: [IP_Flow 19-194] Failed to save IP instance 'rx_dup_mem_1'.
CRITICAL WARNING: [IP_Flow 19-193] Failed to save BOM file 'd:/FPGA/Vivaldo Project/PUCCH-FORMAT-0/pucch0/pucch0.srcs/sources_1/bd/pucch0/ip/pucch0_rx_duplication_0_0/rx_duplication.srcs/sources_1/ip/rx_dup_mem_1/rx_dup_mem_1.xml'.
CRITICAL WARNING: [IP_Flow 19-194] Failed to save IP instance 'rx_dup_mem_1'.
CRITICAL WARNING: [IP_Flow 19-193] Failed to save BOM file 'd:/FPGA/Vivaldo Project/PUCCH-FORMAT-0/pucch0/pucch0.srcs/sources_1/bd/pucch0/ip/pucch0_rx_duplication_0_0/rx_duplication.srcs/sources_1/ip/rx_dup_mem_1/rx_dup_mem_1.xml'.
CRITICAL WARNING: [IP_Flow 19-194] Failed to save IP instance 'rx_dup_mem_1'.
ERROR: [IP_Flow 19-98] Generation of the IP CORE failed.
ERROR: [BD 41-1030] Generation failed for the IP Integrator block rx_duplication_0 
INFO: [BD 41-1029] Generation completed for the IP Integrator block correlation_0 .
CRITICAL WARNING: [IP_Flow 19-193] Failed to save BOM file 'd:/FPGA/Vivaldo Project/PUCCH-FORMAT-0/pucch0/pucch0.srcs/sources_1/bd/pucch0/ip/pucch0_combine_rx_sym_0_0/combine_rx_sym.srcs/sources_1/ip/combine_fifo_generator_0/combine_fifo_generator_0.xml'.
CRITICAL WARNING: [IP_Flow 19-194] Failed to save IP instance 'combine_fifo_generator_0'.
CRITICAL WARNING: [IP_Flow 19-193] Failed to save BOM file 'd:/FPGA/Vivaldo Project/PUCCH-FORMAT-0/pucch0/pucch0.srcs/sources_1/bd/pucch0/ip/pucch0_combine_rx_sym_0_0/combine_rx_sym.srcs/sources_1/ip/combine_fifo_generator_0/combine_fifo_generator_0.xml'.
CRITICAL WARNING: [IP_Flow 19-194] Failed to save IP instance 'combine_fifo_generator_0'.
CRITICAL WARNING: [IP_Flow 19-193] Failed to save BOM file 'd:/FPGA/Vivaldo Project/PUCCH-FORMAT-0/pucch0/pucch0.srcs/sources_1/bd/pucch0/ip/pucch0_combine_rx_sym_0_0/combine_rx_sym.srcs/sources_1/ip/combine_fifo_generator_0/combine_fifo_generator_0.xml'.
CRITICAL WARNING: [IP_Flow 19-194] Failed to save IP instance 'combine_fifo_generator_0'.
ERROR: [IP_Flow 19-98] Generation of the IP CORE failed.
ERROR: [BD 41-1030] Generation failed for the IP Integrator block combine_rx_sym_0 
INFO: [BD 41-1029] Generation completed for the IP Integrator block peak_search_0 .
INFO: [BD 41-1029] Generation completed for the IP Integrator block frame_sync_0 .
INFO: [BD 41-1029] Generation completed for the IP Integrator block layer2_parameter_0 .
INFO: [BD 41-1029] Generation completed for the IP Integrator block xlconstant_0 .
INFO: [BD 41-1029] Generation completed for the IP Integrator block xlconstant_1 .
CRITICAL WARNING: [IP_Flow 19-193] Failed to save BOM file 'd:/FPGA/Vivaldo Project/PUCCH-FORMAT-0/pucch0/pucch0.srcs/sources_1/bd/pucch0/ip/pucch0_sync_cyclic_0_0/sync_cyclic.srcs/sources_1/ip/cycliic_fifo_0/cycliic_fifo_0.xml'.
CRITICAL WARNING: [IP_Flow 19-194] Failed to save IP instance 'cycliic_fifo_0'.
CRITICAL WARNING: [IP_Flow 19-193] Failed to save BOM file 'd:/FPGA/Vivaldo Project/PUCCH-FORMAT-0/pucch0/pucch0.srcs/sources_1/bd/pucch0/ip/pucch0_sync_cyclic_0_0/sync_cyclic.srcs/sources_1/ip/cycliic_fifo_0/cycliic_fifo_0.xml'.
CRITICAL WARNING: [IP_Flow 19-194] Failed to save IP instance 'cycliic_fifo_0'.
CRITICAL WARNING: [IP_Flow 19-193] Failed to save BOM file 'd:/FPGA/Vivaldo Project/PUCCH-FORMAT-0/pucch0/pucch0.srcs/sources_1/bd/pucch0/ip/pucch0_sync_cyclic_0_0/sync_cyclic.srcs/sources_1/ip/cycliic_fifo_0/cycliic_fifo_0.xml'.
CRITICAL WARNING: [IP_Flow 19-194] Failed to save IP instance 'cycliic_fifo_0'.
ERROR: [IP_Flow 19-98] Generation of the IP CORE failed.
ERROR: [BD 41-1030] Generation failed for the IP Integrator block sync_cyclic_0 
INFO: [BD 41-1029] Generation completed for the IP Integrator block frame_sync_1 .
INFO: [BD 41-1029] Generation completed for the IP Integrator block xlconcat_0 .
CRITICAL WARNING: [IP_Flow 19-193] Failed to save BOM file 'd:/FPGA/Vivaldo Project/PUCCH-FORMAT-0/pucch0/pucch0.srcs/sources_1/bd/pucch0/ip/pucch0_ofdm_demodulation_v2_0_0/ofdm_demodulation.srcs/sources_1/ip/xfft_0/xfft_0.xml'.
CRITICAL WARNING: [IP_Flow 19-194] Failed to save IP instance 'xfft_0'.
CRITICAL WARNING: [IP_Flow 19-193] Failed to save BOM file 'd:/FPGA/Vivaldo Project/PUCCH-FORMAT-0/pucch0/pucch0.srcs/sources_1/bd/pucch0/ip/pucch0_ofdm_demodulation_v2_0_0/ofdm_demodulation.srcs/sources_1/ip/xfft_0/xfft_0.xml'.
CRITICAL WARNING: [IP_Flow 19-194] Failed to save IP instance 'xfft_0'.
CRITICAL WARNING: [IP_Flow 19-193] Failed to save BOM file 'd:/FPGA/Vivaldo Project/PUCCH-FORMAT-0/pucch0/pucch0.srcs/sources_1/bd/pucch0/ip/pucch0_ofdm_demodulation_v2_0_0/ofdm_demodulation.srcs/sources_1/ip/xfft_0/xfft_0.xml'.
CRITICAL WARNING: [IP_Flow 19-194] Failed to save IP instance 'xfft_0'.
ERROR: [IP_Flow 19-98] Generation of the IP CORE failed.
ERROR: [BD 41-1030] Generation failed for the IP Integrator block ofdm_demodulation_v2_0 
INFO: [BD 41-1029] Generation completed for the IP Integrator block xlconstant_2 .
INFO: [BD 41-1029] Generation completed for the IP Integrator block xlslice_0 .
CRITICAL WARNING: [IP_Flow 19-193] Failed to save BOM file 'd:/FPGA/Vivaldo Project/PUCCH-FORMAT-0/pucch0/pucch0.srcs/sources_1/bd/pucch0/ip/pucch0_cyclic_gen_0_0/cyclic_shift.srcs/sources_1/ip/cyc_phase_gen_0/phase_gen.srcs/sources_1/ip/scramble_sequence_8bits_0/scramble_sequence_8bits_0.xml'.
CRITICAL WARNING: [IP_Flow 19-194] Failed to save IP instance 'scramble_sequence_8bits_0'.
CRITICAL WARNING: [IP_Flow 19-193] Failed to save BOM file 'd:/FPGA/Vivaldo Project/PUCCH-FORMAT-0/pucch0/pucch0.srcs/sources_1/bd/pucch0/ip/pucch0_cyclic_gen_0_0/cyclic_shift.srcs/sources_1/ip/cyc_phase_gen_0/phase_gen.srcs/sources_1/ip/scramble_sequence_8bits_0/scramble_sequence_8bits_0.xml'.
CRITICAL WARNING: [IP_Flow 19-194] Failed to save IP instance 'scramble_sequence_8bits_0'.
CRITICAL WARNING: [IP_Flow 19-193] Failed to save BOM file 'd:/FPGA/Vivaldo Project/PUCCH-FORMAT-0/pucch0/pucch0.srcs/sources_1/bd/pucch0/ip/pucch0_cyclic_gen_0_0/cyclic_shift.srcs/sources_1/ip/cyc_phase_gen_0/phase_gen.srcs/sources_1/ip/scramble_sequence_8bits_0/scramble_sequence_8bits_0.xml'.
CRITICAL WARNING: [IP_Flow 19-194] Failed to save IP instance 'scramble_sequence_8bits_0'.
ERROR: [IP_Flow 19-98] Generation of the IP CORE failed.
ERROR: [BD 41-1030] Generation failed for the IP Integrator block cyclic_gen_0 
ERROR: [Common 17-680] Path length exceeds 260-Byte maximum allowed by Windows: d:/FPGA/Vivaldo Project/PUCCH-FORMAT-0/pucch0/pucch0.srcs/sources_1/bd/pucch0/ip/pucch0_cyclic_gen_0_1/cyclic_shift.srcs/sources_1/ip/ba_se_0/base_seq.srcs/sources_1/ip/modulo_30_2/modulo_n.srcs/sources_1/ip/modulo30_mult_gen_1/hdl/xbip_bram18k_v3_0_vh_rfs.vhd
Please consider using the OS subst command to shorten the path length by mapping part of the path to a virtual drive letter. See Answer Record AR52787 for more information.
Resolution: In Windows 7 or later, the mklink command can also be used to create a symbolic link and shorten the path.
ERROR: [BD 41-1030] Generation failed for the IP Integrator block cyclic_gen_1 
Exporting to file D:/FPGA/Vivaldo Project/PUCCH-FORMAT-0/pucch0/pucch0.srcs/sources_1/bd/pucch0/hw_handoff/pucch0.hwh
Generated Block Design Tcl file D:/FPGA/Vivaldo Project/PUCCH-FORMAT-0/pucch0/pucch0.srcs/sources_1/bd/pucch0/hw_handoff/pucch0_bd.tcl
Generated Hardware Definition File D:/FPGA/Vivaldo Project/PUCCH-FORMAT-0/pucch0/pucch0.srcs/sources_1/bd/pucch0/synth/pucch0.hwdef
generate_target: Time (s): cpu = 00:00:08 ; elapsed = 00:00:09 . Memory (MB): peak = 2458.797 ; gain = 0.000
ERROR: [Common 17-39] 'generate_target' failed due to earlier errors.
report_ip_status -name ip_status 
generate_target all [get_files  {{D:/FPGA/Vivaldo Project/PUCCH-FORMAT-0/pucch0/pucch0.srcs/sources_1/bd/pucch0/pucch0.bd} {D:/FPGA/Vivaldo Project/PUCCH-FORMAT-0/pucch0/pucch0.srcs/sources_1/bd/pucch0/pucch0.bd} {D:/FPGA/Vivaldo Project/PUCCH-FORMAT-0/pucch0/pucch0.srcs/sources_1/bd/pucch0/pucch0.bd} {D:/FPGA/Vivaldo Project/PUCCH-FORMAT-0/pucch0/pucch0.srcs/sources_1/bd/pucch0/pucch0.bd} {D:/FPGA/Vivaldo Project/PUCCH-FORMAT-0/pucch0/pucch0.srcs/sources_1/bd/pucch0/pucch0.bd} {D:/FPGA/Vivaldo Project/PUCCH-FORMAT-0/pucch0/pucch0.srcs/sources_1/bd/pucch0/pucch0.bd} {D:/FPGA/Vivaldo Project/PUCCH-FORMAT-0/pucch0/pucch0.srcs/sources_1/bd/pucch0/pucch0.bd} {D:/FPGA/Vivaldo Project/PUCCH-FORMAT-0/pucch0/pucch0.srcs/sources_1/bd/pucch0/pucch0.bd} {D:/FPGA/Vivaldo Project/PUCCH-FORMAT-0/pucch0/pucch0.srcs/sources_1/bd/pucch0/pucch0.bd} {D:/FPGA/Vivaldo Project/PUCCH-FORMAT-0/pucch0/pucch0.srcs/sources_1/bd/pucch0/pucch0.bd} {D:/FPGA/Vivaldo Project/PUCCH-FORMAT-0/pucch0/pucch0.srcs/sources_1/bd/pucch0/pucch0.bd} {D:/FPGA/Vivaldo Project/PUCCH-FORMAT-0/pucch0/pucch0.srcs/sources_1/bd/pucch0/pucch0.bd} {D:/FPGA/Vivaldo Project/PUCCH-FORMAT-0/pucch0/pucch0.srcs/sources_1/bd/pucch0/pucch0.bd} {D:/FPGA/Vivaldo Project/PUCCH-FORMAT-0/pucch0/pucch0.srcs/sources_1/bd/pucch0/pucch0.bd} {D:/FPGA/Vivaldo Project/PUCCH-FORMAT-0/pucch0/pucch0.srcs/sources_1/bd/pucch0/pucch0.bd} {D:/FPGA/Vivaldo Project/PUCCH-FORMAT-0/pucch0/pucch0.srcs/sources_1/bd/pucch0/pucch0.bd} {D:/FPGA/Vivaldo Project/PUCCH-FORMAT-0/pucch0/pucch0.srcs/sources_1/bd/pucch0/pucch0.bd} {D:/FPGA/Vivaldo Project/PUCCH-FORMAT-0/pucch0/pucch0.srcs/sources_1/bd/pucch0/pucch0.bd}}]
INFO: [BD 41-1029] Generation completed for the IP Integrator block physical_control_0 .
INFO: [BD 41-1029] Generation completed for the IP Integrator block demapping_0 .
CRITICAL WARNING: [IP_Flow 19-193] Failed to save BOM file 'd:/FPGA/Vivaldo Project/PUCCH-FORMAT-0/pucch0/pucch0.srcs/sources_1/bd/pucch0/ip/pucch0_rx_duplication_0_0/rx_duplication.srcs/sources_1/ip/rx_dup_mem_1/rx_dup_mem_1.xml'.
CRITICAL WARNING: [IP_Flow 19-194] Failed to save IP instance 'rx_dup_mem_1'.
CRITICAL WARNING: [IP_Flow 19-193] Failed to save BOM file 'd:/FPGA/Vivaldo Project/PUCCH-FORMAT-0/pucch0/pucch0.srcs/sources_1/bd/pucch0/ip/pucch0_rx_duplication_0_0/rx_duplication.srcs/sources_1/ip/rx_dup_mem_1/rx_dup_mem_1.xml'.
CRITICAL WARNING: [IP_Flow 19-194] Failed to save IP instance 'rx_dup_mem_1'.
CRITICAL WARNING: [IP_Flow 19-193] Failed to save BOM file 'd:/FPGA/Vivaldo Project/PUCCH-FORMAT-0/pucch0/pucch0.srcs/sources_1/bd/pucch0/ip/pucch0_rx_duplication_0_0/rx_duplication.srcs/sources_1/ip/rx_dup_mem_1/rx_dup_mem_1.xml'.
CRITICAL WARNING: [IP_Flow 19-194] Failed to save IP instance 'rx_dup_mem_1'.
ERROR: [IP_Flow 19-98] Generation of the IP CORE failed.
ERROR: [BD 41-1030] Generation failed for the IP Integrator block rx_duplication_0 
INFO: [BD 41-1029] Generation completed for the IP Integrator block correlation_0 .
CRITICAL WARNING: [IP_Flow 19-193] Failed to save BOM file 'd:/FPGA/Vivaldo Project/PUCCH-FORMAT-0/pucch0/pucch0.srcs/sources_1/bd/pucch0/ip/pucch0_combine_rx_sym_0_0/combine_rx_sym.srcs/sources_1/ip/combine_fifo_generator_0/combine_fifo_generator_0.xml'.
CRITICAL WARNING: [IP_Flow 19-194] Failed to save IP instance 'combine_fifo_generator_0'.
CRITICAL WARNING: [IP_Flow 19-193] Failed to save BOM file 'd:/FPGA/Vivaldo Project/PUCCH-FORMAT-0/pucch0/pucch0.srcs/sources_1/bd/pucch0/ip/pucch0_combine_rx_sym_0_0/combine_rx_sym.srcs/sources_1/ip/combine_fifo_generator_0/combine_fifo_generator_0.xml'.
CRITICAL WARNING: [IP_Flow 19-194] Failed to save IP instance 'combine_fifo_generator_0'.
CRITICAL WARNING: [IP_Flow 19-193] Failed to save BOM file 'd:/FPGA/Vivaldo Project/PUCCH-FORMAT-0/pucch0/pucch0.srcs/sources_1/bd/pucch0/ip/pucch0_combine_rx_sym_0_0/combine_rx_sym.srcs/sources_1/ip/combine_fifo_generator_0/combine_fifo_generator_0.xml'.
CRITICAL WARNING: [IP_Flow 19-194] Failed to save IP instance 'combine_fifo_generator_0'.
ERROR: [IP_Flow 19-98] Generation of the IP CORE failed.
ERROR: [BD 41-1030] Generation failed for the IP Integrator block combine_rx_sym_0 
INFO: [BD 41-1029] Generation completed for the IP Integrator block peak_search_0 .
INFO: [BD 41-1029] Generation completed for the IP Integrator block frame_sync_0 .
INFO: [BD 41-1029] Generation completed for the IP Integrator block layer2_parameter_0 .
INFO: [BD 41-1029] Generation completed for the IP Integrator block xlconstant_0 .
INFO: [BD 41-1029] Generation completed for the IP Integrator block xlconstant_1 .
CRITICAL WARNING: [IP_Flow 19-193] Failed to save BOM file 'd:/FPGA/Vivaldo Project/PUCCH-FORMAT-0/pucch0/pucch0.srcs/sources_1/bd/pucch0/ip/pucch0_sync_cyclic_0_0/sync_cyclic.srcs/sources_1/ip/cycliic_fifo_0/cycliic_fifo_0.xml'.
CRITICAL WARNING: [IP_Flow 19-194] Failed to save IP instance 'cycliic_fifo_0'.
CRITICAL WARNING: [IP_Flow 19-193] Failed to save BOM file 'd:/FPGA/Vivaldo Project/PUCCH-FORMAT-0/pucch0/pucch0.srcs/sources_1/bd/pucch0/ip/pucch0_sync_cyclic_0_0/sync_cyclic.srcs/sources_1/ip/cycliic_fifo_0/cycliic_fifo_0.xml'.
CRITICAL WARNING: [IP_Flow 19-194] Failed to save IP instance 'cycliic_fifo_0'.
CRITICAL WARNING: [IP_Flow 19-193] Failed to save BOM file 'd:/FPGA/Vivaldo Project/PUCCH-FORMAT-0/pucch0/pucch0.srcs/sources_1/bd/pucch0/ip/pucch0_sync_cyclic_0_0/sync_cyclic.srcs/sources_1/ip/cycliic_fifo_0/cycliic_fifo_0.xml'.
CRITICAL WARNING: [IP_Flow 19-194] Failed to save IP instance 'cycliic_fifo_0'.
ERROR: [IP_Flow 19-98] Generation of the IP CORE failed.
ERROR: [BD 41-1030] Generation failed for the IP Integrator block sync_cyclic_0 
INFO: [BD 41-1029] Generation completed for the IP Integrator block frame_sync_1 .
INFO: [BD 41-1029] Generation completed for the IP Integrator block xlconcat_0 .
CRITICAL WARNING: [IP_Flow 19-193] Failed to save BOM file 'd:/FPGA/Vivaldo Project/PUCCH-FORMAT-0/pucch0/pucch0.srcs/sources_1/bd/pucch0/ip/pucch0_ofdm_demodulation_v2_0_0/ofdm_demodulation.srcs/sources_1/ip/xfft_0/xfft_0.xml'.
CRITICAL WARNING: [IP_Flow 19-194] Failed to save IP instance 'xfft_0'.
CRITICAL WARNING: [IP_Flow 19-193] Failed to save BOM file 'd:/FPGA/Vivaldo Project/PUCCH-FORMAT-0/pucch0/pucch0.srcs/sources_1/bd/pucch0/ip/pucch0_ofdm_demodulation_v2_0_0/ofdm_demodulation.srcs/sources_1/ip/xfft_0/xfft_0.xml'.
CRITICAL WARNING: [IP_Flow 19-194] Failed to save IP instance 'xfft_0'.
CRITICAL WARNING: [IP_Flow 19-193] Failed to save BOM file 'd:/FPGA/Vivaldo Project/PUCCH-FORMAT-0/pucch0/pucch0.srcs/sources_1/bd/pucch0/ip/pucch0_ofdm_demodulation_v2_0_0/ofdm_demodulation.srcs/sources_1/ip/xfft_0/xfft_0.xml'.
CRITICAL WARNING: [IP_Flow 19-194] Failed to save IP instance 'xfft_0'.
ERROR: [IP_Flow 19-98] Generation of the IP CORE failed.
ERROR: [BD 41-1030] Generation failed for the IP Integrator block ofdm_demodulation_v2_0 
INFO: [BD 41-1029] Generation completed for the IP Integrator block xlconstant_2 .
INFO: [BD 41-1029] Generation completed for the IP Integrator block xlslice_0 .
CRITICAL WARNING: [IP_Flow 19-193] Failed to save BOM file 'd:/FPGA/Vivaldo Project/PUCCH-FORMAT-0/pucch0/pucch0.srcs/sources_1/bd/pucch0/ip/pucch0_cyclic_gen_0_0/cyclic_shift.srcs/sources_1/ip/cyc_phase_gen_0/phase_gen.srcs/sources_1/ip/scramble_sequence_8bits_0/scramble_sequence_8bits_0.xml'.
CRITICAL WARNING: [IP_Flow 19-194] Failed to save IP instance 'scramble_sequence_8bits_0'.
CRITICAL WARNING: [IP_Flow 19-193] Failed to save BOM file 'd:/FPGA/Vivaldo Project/PUCCH-FORMAT-0/pucch0/pucch0.srcs/sources_1/bd/pucch0/ip/pucch0_cyclic_gen_0_0/cyclic_shift.srcs/sources_1/ip/cyc_phase_gen_0/phase_gen.srcs/sources_1/ip/scramble_sequence_8bits_0/scramble_sequence_8bits_0.xml'.
CRITICAL WARNING: [IP_Flow 19-194] Failed to save IP instance 'scramble_sequence_8bits_0'.
CRITICAL WARNING: [IP_Flow 19-193] Failed to save BOM file 'd:/FPGA/Vivaldo Project/PUCCH-FORMAT-0/pucch0/pucch0.srcs/sources_1/bd/pucch0/ip/pucch0_cyclic_gen_0_0/cyclic_shift.srcs/sources_1/ip/cyc_phase_gen_0/phase_gen.srcs/sources_1/ip/scramble_sequence_8bits_0/scramble_sequence_8bits_0.xml'.
CRITICAL WARNING: [IP_Flow 19-194] Failed to save IP instance 'scramble_sequence_8bits_0'.
ERROR: [IP_Flow 19-98] Generation of the IP CORE failed.
ERROR: [BD 41-1030] Generation failed for the IP Integrator block cyclic_gen_0 
ERROR: [Common 17-680] Path length exceeds 260-Byte maximum allowed by Windows: d:/FPGA/Vivaldo Project/PUCCH-FORMAT-0/pucch0/pucch0.srcs/sources_1/bd/pucch0/ip/pucch0_cyclic_gen_0_1/cyclic_shift.srcs/sources_1/ip/ba_se_0/base_seq.srcs/sources_1/ip/modulo_30_2/modulo_n.srcs/sources_1/ip/modulo30_mult_gen_1/hdl/xbip_bram18k_v3_0_vh_rfs.vhd
Please consider using the OS subst command to shorten the path length by mapping part of the path to a virtual drive letter. See Answer Record AR52787 for more information.
Resolution: In Windows 7 or later, the mklink command can also be used to create a symbolic link and shorten the path.
ERROR: [BD 41-1030] Generation failed for the IP Integrator block cyclic_gen_1 
INFO: [BD 41-1029] Generation completed for the IP Integrator block physical_control_0 .
INFO: [BD 41-1029] Generation completed for the IP Integrator block demapping_0 .
CRITICAL WARNING: [IP_Flow 19-193] Failed to save BOM file 'd:/FPGA/Vivaldo Project/PUCCH-FORMAT-0/pucch0/pucch0.srcs/sources_1/bd/pucch0/ip/pucch0_rx_duplication_0_0/rx_duplication.srcs/sources_1/ip/rx_dup_mem_1/rx_dup_mem_1.xml'.
CRITICAL WARNING: [IP_Flow 19-194] Failed to save IP instance 'rx_dup_mem_1'.
CRITICAL WARNING: [IP_Flow 19-193] Failed to save BOM file 'd:/FPGA/Vivaldo Project/PUCCH-FORMAT-0/pucch0/pucch0.srcs/sources_1/bd/pucch0/ip/pucch0_rx_duplication_0_0/rx_duplication.srcs/sources_1/ip/rx_dup_mem_1/rx_dup_mem_1.xml'.
CRITICAL WARNING: [IP_Flow 19-194] Failed to save IP instance 'rx_dup_mem_1'.
CRITICAL WARNING: [IP_Flow 19-193] Failed to save BOM file 'd:/FPGA/Vivaldo Project/PUCCH-FORMAT-0/pucch0/pucch0.srcs/sources_1/bd/pucch0/ip/pucch0_rx_duplication_0_0/rx_duplication.srcs/sources_1/ip/rx_dup_mem_1/rx_dup_mem_1.xml'.
CRITICAL WARNING: [IP_Flow 19-194] Failed to save IP instance 'rx_dup_mem_1'.
ERROR: [IP_Flow 19-98] Generation of the IP CORE failed.
ERROR: [BD 41-1030] Generation failed for the IP Integrator block rx_duplication_0 
INFO: [BD 41-1029] Generation completed for the IP Integrator block correlation_0 .
CRITICAL WARNING: [IP_Flow 19-193] Failed to save BOM file 'd:/FPGA/Vivaldo Project/PUCCH-FORMAT-0/pucch0/pucch0.srcs/sources_1/bd/pucch0/ip/pucch0_combine_rx_sym_0_0/combine_rx_sym.srcs/sources_1/ip/combine_fifo_generator_0/combine_fifo_generator_0.xml'.
CRITICAL WARNING: [IP_Flow 19-194] Failed to save IP instance 'combine_fifo_generator_0'.
CRITICAL WARNING: [IP_Flow 19-193] Failed to save BOM file 'd:/FPGA/Vivaldo Project/PUCCH-FORMAT-0/pucch0/pucch0.srcs/sources_1/bd/pucch0/ip/pucch0_combine_rx_sym_0_0/combine_rx_sym.srcs/sources_1/ip/combine_fifo_generator_0/combine_fifo_generator_0.xml'.
CRITICAL WARNING: [IP_Flow 19-194] Failed to save IP instance 'combine_fifo_generator_0'.
CRITICAL WARNING: [IP_Flow 19-193] Failed to save BOM file 'd:/FPGA/Vivaldo Project/PUCCH-FORMAT-0/pucch0/pucch0.srcs/sources_1/bd/pucch0/ip/pucch0_combine_rx_sym_0_0/combine_rx_sym.srcs/sources_1/ip/combine_fifo_generator_0/combine_fifo_generator_0.xml'.
CRITICAL WARNING: [IP_Flow 19-194] Failed to save IP instance 'combine_fifo_generator_0'.
ERROR: [IP_Flow 19-98] Generation of the IP CORE failed.
ERROR: [BD 41-1030] Generation failed for the IP Integrator block combine_rx_sym_0 
INFO: [BD 41-1029] Generation completed for the IP Integrator block peak_search_0 .
INFO: [BD 41-1029] Generation completed for the IP Integrator block frame_sync_0 .
INFO: [BD 41-1029] Generation completed for the IP Integrator block layer2_parameter_0 .
INFO: [BD 41-1029] Generation completed for the IP Integrator block xlconstant_0 .
INFO: [BD 41-1029] Generation completed for the IP Integrator block xlconstant_1 .
CRITICAL WARNING: [IP_Flow 19-193] Failed to save BOM file 'd:/FPGA/Vivaldo Project/PUCCH-FORMAT-0/pucch0/pucch0.srcs/sources_1/bd/pucch0/ip/pucch0_sync_cyclic_0_0/sync_cyclic.srcs/sources_1/ip/cycliic_fifo_0/cycliic_fifo_0.xml'.
CRITICAL WARNING: [IP_Flow 19-194] Failed to save IP instance 'cycliic_fifo_0'.
CRITICAL WARNING: [IP_Flow 19-193] Failed to save BOM file 'd:/FPGA/Vivaldo Project/PUCCH-FORMAT-0/pucch0/pucch0.srcs/sources_1/bd/pucch0/ip/pucch0_sync_cyclic_0_0/sync_cyclic.srcs/sources_1/ip/cycliic_fifo_0/cycliic_fifo_0.xml'.
CRITICAL WARNING: [IP_Flow 19-194] Failed to save IP instance 'cycliic_fifo_0'.
CRITICAL WARNING: [IP_Flow 19-193] Failed to save BOM file 'd:/FPGA/Vivaldo Project/PUCCH-FORMAT-0/pucch0/pucch0.srcs/sources_1/bd/pucch0/ip/pucch0_sync_cyclic_0_0/sync_cyclic.srcs/sources_1/ip/cycliic_fifo_0/cycliic_fifo_0.xml'.
CRITICAL WARNING: [IP_Flow 19-194] Failed to save IP instance 'cycliic_fifo_0'.
ERROR: [IP_Flow 19-98] Generation of the IP CORE failed.
ERROR: [BD 41-1030] Generation failed for the IP Integrator block sync_cyclic_0 
INFO: [BD 41-1029] Generation completed for the IP Integrator block frame_sync_1 .
INFO: [BD 41-1029] Generation completed for the IP Integrator block xlconcat_0 .
CRITICAL WARNING: [IP_Flow 19-193] Failed to save BOM file 'd:/FPGA/Vivaldo Project/PUCCH-FORMAT-0/pucch0/pucch0.srcs/sources_1/bd/pucch0/ip/pucch0_ofdm_demodulation_v2_0_0/ofdm_demodulation.srcs/sources_1/ip/xfft_0/xfft_0.xml'.
CRITICAL WARNING: [IP_Flow 19-194] Failed to save IP instance 'xfft_0'.
CRITICAL WARNING: [IP_Flow 19-193] Failed to save BOM file 'd:/FPGA/Vivaldo Project/PUCCH-FORMAT-0/pucch0/pucch0.srcs/sources_1/bd/pucch0/ip/pucch0_ofdm_demodulation_v2_0_0/ofdm_demodulation.srcs/sources_1/ip/xfft_0/xfft_0.xml'.
CRITICAL WARNING: [IP_Flow 19-194] Failed to save IP instance 'xfft_0'.
CRITICAL WARNING: [IP_Flow 19-193] Failed to save BOM file 'd:/FPGA/Vivaldo Project/PUCCH-FORMAT-0/pucch0/pucch0.srcs/sources_1/bd/pucch0/ip/pucch0_ofdm_demodulation_v2_0_0/ofdm_demodulation.srcs/sources_1/ip/xfft_0/xfft_0.xml'.
CRITICAL WARNING: [IP_Flow 19-194] Failed to save IP instance 'xfft_0'.
ERROR: [IP_Flow 19-98] Generation of the IP CORE failed.
ERROR: [BD 41-1030] Generation failed for the IP Integrator block ofdm_demodulation_v2_0 
INFO: [BD 41-1029] Generation completed for the IP Integrator block xlconstant_2 .
INFO: [BD 41-1029] Generation completed for the IP Integrator block xlslice_0 .
CRITICAL WARNING: [IP_Flow 19-193] Failed to save BOM file 'd:/FPGA/Vivaldo Project/PUCCH-FORMAT-0/pucch0/pucch0.srcs/sources_1/bd/pucch0/ip/pucch0_cyclic_gen_0_0/cyclic_shift.srcs/sources_1/ip/cyc_phase_gen_0/phase_gen.srcs/sources_1/ip/scramble_sequence_8bits_0/scramble_sequence_8bits_0.xml'.
CRITICAL WARNING: [IP_Flow 19-194] Failed to save IP instance 'scramble_sequence_8bits_0'.
CRITICAL WARNING: [IP_Flow 19-193] Failed to save BOM file 'd:/FPGA/Vivaldo Project/PUCCH-FORMAT-0/pucch0/pucch0.srcs/sources_1/bd/pucch0/ip/pucch0_cyclic_gen_0_0/cyclic_shift.srcs/sources_1/ip/cyc_phase_gen_0/phase_gen.srcs/sources_1/ip/scramble_sequence_8bits_0/scramble_sequence_8bits_0.xml'.
CRITICAL WARNING: [IP_Flow 19-194] Failed to save IP instance 'scramble_sequence_8bits_0'.
CRITICAL WARNING: [IP_Flow 19-193] Failed to save BOM file 'd:/FPGA/Vivaldo Project/PUCCH-FORMAT-0/pucch0/pucch0.srcs/sources_1/bd/pucch0/ip/pucch0_cyclic_gen_0_0/cyclic_shift.srcs/sources_1/ip/cyc_phase_gen_0/phase_gen.srcs/sources_1/ip/scramble_sequence_8bits_0/scramble_sequence_8bits_0.xml'.
CRITICAL WARNING: [IP_Flow 19-194] Failed to save IP instance 'scramble_sequence_8bits_0'.
ERROR: [IP_Flow 19-98] Generation of the IP CORE failed.
ERROR: [BD 41-1030] Generation failed for the IP Integrator block cyclic_gen_0 
ERROR: [Common 17-680] Path length exceeds 260-Byte maximum allowed by Windows: d:/FPGA/Vivaldo Project/PUCCH-FORMAT-0/pucch0/pucch0.srcs/sources_1/bd/pucch0/ip/pucch0_cyclic_gen_0_1/cyclic_shift.srcs/sources_1/ip/ba_se_0/base_seq.srcs/sources_1/ip/modulo_30_2/modulo_n.srcs/sources_1/ip/modulo30_mult_gen_1/hdl/xbip_bram18k_v3_0_vh_rfs.vhd
Please consider using the OS subst command to shorten the path length by mapping part of the path to a virtual drive letter. See Answer Record AR52787 for more information.
Resolution: In Windows 7 or later, the mklink command can also be used to create a symbolic link and shorten the path.
ERROR: [BD 41-1030] Generation failed for the IP Integrator block cyclic_gen_1 
INFO: [BD 41-1029] Generation completed for the IP Integrator block physical_control_0 .
INFO: [BD 41-1029] Generation completed for the IP Integrator block demapping_0 .
CRITICAL WARNING: [IP_Flow 19-193] Failed to save BOM file 'd:/FPGA/Vivaldo Project/PUCCH-FORMAT-0/pucch0/pucch0.srcs/sources_1/bd/pucch0/ip/pucch0_rx_duplication_0_0/rx_duplication.srcs/sources_1/ip/rx_dup_mem_1/rx_dup_mem_1.xml'.
CRITICAL WARNING: [IP_Flow 19-194] Failed to save IP instance 'rx_dup_mem_1'.
CRITICAL WARNING: [IP_Flow 19-193] Failed to save BOM file 'd:/FPGA/Vivaldo Project/PUCCH-FORMAT-0/pucch0/pucch0.srcs/sources_1/bd/pucch0/ip/pucch0_rx_duplication_0_0/rx_duplication.srcs/sources_1/ip/rx_dup_mem_1/rx_dup_mem_1.xml'.
CRITICAL WARNING: [IP_Flow 19-194] Failed to save IP instance 'rx_dup_mem_1'.
CRITICAL WARNING: [IP_Flow 19-193] Failed to save BOM file 'd:/FPGA/Vivaldo Project/PUCCH-FORMAT-0/pucch0/pucch0.srcs/sources_1/bd/pucch0/ip/pucch0_rx_duplication_0_0/rx_duplication.srcs/sources_1/ip/rx_dup_mem_1/rx_dup_mem_1.xml'.
CRITICAL WARNING: [IP_Flow 19-194] Failed to save IP instance 'rx_dup_mem_1'.
ERROR: [IP_Flow 19-98] Generation of the IP CORE failed.
ERROR: [BD 41-1030] Generation failed for the IP Integrator block rx_duplication_0 
INFO: [BD 41-1029] Generation completed for the IP Integrator block correlation_0 .
CRITICAL WARNING: [IP_Flow 19-193] Failed to save BOM file 'd:/FPGA/Vivaldo Project/PUCCH-FORMAT-0/pucch0/pucch0.srcs/sources_1/bd/pucch0/ip/pucch0_combine_rx_sym_0_0/combine_rx_sym.srcs/sources_1/ip/combine_fifo_generator_0/combine_fifo_generator_0.xml'.
CRITICAL WARNING: [IP_Flow 19-194] Failed to save IP instance 'combine_fifo_generator_0'.
CRITICAL WARNING: [IP_Flow 19-193] Failed to save BOM file 'd:/FPGA/Vivaldo Project/PUCCH-FORMAT-0/pucch0/pucch0.srcs/sources_1/bd/pucch0/ip/pucch0_combine_rx_sym_0_0/combine_rx_sym.srcs/sources_1/ip/combine_fifo_generator_0/combine_fifo_generator_0.xml'.
CRITICAL WARNING: [IP_Flow 19-194] Failed to save IP instance 'combine_fifo_generator_0'.
CRITICAL WARNING: [IP_Flow 19-193] Failed to save BOM file 'd:/FPGA/Vivaldo Project/PUCCH-FORMAT-0/pucch0/pucch0.srcs/sources_1/bd/pucch0/ip/pucch0_combine_rx_sym_0_0/combine_rx_sym.srcs/sources_1/ip/combine_fifo_generator_0/combine_fifo_generator_0.xml'.
CRITICAL WARNING: [IP_Flow 19-194] Failed to save IP instance 'combine_fifo_generator_0'.
ERROR: [IP_Flow 19-98] Generation of the IP CORE failed.
ERROR: [BD 41-1030] Generation failed for the IP Integrator block combine_rx_sym_0 
INFO: [BD 41-1029] Generation completed for the IP Integrator block peak_search_0 .
INFO: [BD 41-1029] Generation completed for the IP Integrator block frame_sync_0 .
INFO: [BD 41-1029] Generation completed for the IP Integrator block layer2_parameter_0 .
INFO: [BD 41-1029] Generation completed for the IP Integrator block xlconstant_0 .
INFO: [BD 41-1029] Generation completed for the IP Integrator block xlconstant_1 .
CRITICAL WARNING: [IP_Flow 19-193] Failed to save BOM file 'd:/FPGA/Vivaldo Project/PUCCH-FORMAT-0/pucch0/pucch0.srcs/sources_1/bd/pucch0/ip/pucch0_sync_cyclic_0_0/sync_cyclic.srcs/sources_1/ip/cycliic_fifo_0/cycliic_fifo_0.xml'.
CRITICAL WARNING: [IP_Flow 19-194] Failed to save IP instance 'cycliic_fifo_0'.
CRITICAL WARNING: [IP_Flow 19-193] Failed to save BOM file 'd:/FPGA/Vivaldo Project/PUCCH-FORMAT-0/pucch0/pucch0.srcs/sources_1/bd/pucch0/ip/pucch0_sync_cyclic_0_0/sync_cyclic.srcs/sources_1/ip/cycliic_fifo_0/cycliic_fifo_0.xml'.
CRITICAL WARNING: [IP_Flow 19-194] Failed to save IP instance 'cycliic_fifo_0'.
CRITICAL WARNING: [IP_Flow 19-193] Failed to save BOM file 'd:/FPGA/Vivaldo Project/PUCCH-FORMAT-0/pucch0/pucch0.srcs/sources_1/bd/pucch0/ip/pucch0_sync_cyclic_0_0/sync_cyclic.srcs/sources_1/ip/cycliic_fifo_0/cycliic_fifo_0.xml'.
CRITICAL WARNING: [IP_Flow 19-194] Failed to save IP instance 'cycliic_fifo_0'.
ERROR: [IP_Flow 19-98] Generation of the IP CORE failed.
ERROR: [BD 41-1030] Generation failed for the IP Integrator block sync_cyclic_0 
INFO: [BD 41-1029] Generation completed for the IP Integrator block frame_sync_1 .
INFO: [BD 41-1029] Generation completed for the IP Integrator block xlconcat_0 .
CRITICAL WARNING: [IP_Flow 19-193] Failed to save BOM file 'd:/FPGA/Vivaldo Project/PUCCH-FORMAT-0/pucch0/pucch0.srcs/sources_1/bd/pucch0/ip/pucch0_ofdm_demodulation_v2_0_0/ofdm_demodulation.srcs/sources_1/ip/xfft_0/xfft_0.xml'.
CRITICAL WARNING: [IP_Flow 19-194] Failed to save IP instance 'xfft_0'.
CRITICAL WARNING: [IP_Flow 19-193] Failed to save BOM file 'd:/FPGA/Vivaldo Project/PUCCH-FORMAT-0/pucch0/pucch0.srcs/sources_1/bd/pucch0/ip/pucch0_ofdm_demodulation_v2_0_0/ofdm_demodulation.srcs/sources_1/ip/xfft_0/xfft_0.xml'.
CRITICAL WARNING: [IP_Flow 19-194] Failed to save IP instance 'xfft_0'.
CRITICAL WARNING: [IP_Flow 19-193] Failed to save BOM file 'd:/FPGA/Vivaldo Project/PUCCH-FORMAT-0/pucch0/pucch0.srcs/sources_1/bd/pucch0/ip/pucch0_ofdm_demodulation_v2_0_0/ofdm_demodulation.srcs/sources_1/ip/xfft_0/xfft_0.xml'.
CRITICAL WARNING: [IP_Flow 19-194] Failed to save IP instance 'xfft_0'.
ERROR: [IP_Flow 19-98] Generation of the IP CORE failed.
ERROR: [BD 41-1030] Generation failed for the IP Integrator block ofdm_demodulation_v2_0 
INFO: [BD 41-1029] Generation completed for the IP Integrator block xlconstant_2 .
INFO: [BD 41-1029] Generation completed for the IP Integrator block xlslice_0 .
CRITICAL WARNING: [IP_Flow 19-193] Failed to save BOM file 'd:/FPGA/Vivaldo Project/PUCCH-FORMAT-0/pucch0/pucch0.srcs/sources_1/bd/pucch0/ip/pucch0_cyclic_gen_0_0/cyclic_shift.srcs/sources_1/ip/cyc_phase_gen_0/phase_gen.srcs/sources_1/ip/scramble_sequence_8bits_0/scramble_sequence_8bits_0.xml'.
CRITICAL WARNING: [IP_Flow 19-194] Failed to save IP instance 'scramble_sequence_8bits_0'.
CRITICAL WARNING: [IP_Flow 19-193] Failed to save BOM file 'd:/FPGA/Vivaldo Project/PUCCH-FORMAT-0/pucch0/pucch0.srcs/sources_1/bd/pucch0/ip/pucch0_cyclic_gen_0_0/cyclic_shift.srcs/sources_1/ip/cyc_phase_gen_0/phase_gen.srcs/sources_1/ip/scramble_sequence_8bits_0/scramble_sequence_8bits_0.xml'.
CRITICAL WARNING: [IP_Flow 19-194] Failed to save IP instance 'scramble_sequence_8bits_0'.
CRITICAL WARNING: [IP_Flow 19-193] Failed to save BOM file 'd:/FPGA/Vivaldo Project/PUCCH-FORMAT-0/pucch0/pucch0.srcs/sources_1/bd/pucch0/ip/pucch0_cyclic_gen_0_0/cyclic_shift.srcs/sources_1/ip/cyc_phase_gen_0/phase_gen.srcs/sources_1/ip/scramble_sequence_8bits_0/scramble_sequence_8bits_0.xml'.
CRITICAL WARNING: [IP_Flow 19-194] Failed to save IP instance 'scramble_sequence_8bits_0'.
ERROR: [IP_Flow 19-98] Generation of the IP CORE failed.
ERROR: [BD 41-1030] Generation failed for the IP Integrator block cyclic_gen_0 
ERROR: [Common 17-680] Path length exceeds 260-Byte maximum allowed by Windows: d:/FPGA/Vivaldo Project/PUCCH-FORMAT-0/pucch0/pucch0.srcs/sources_1/bd/pucch0/ip/pucch0_cyclic_gen_0_1/cyclic_shift.srcs/sources_1/ip/ba_se_0/base_seq.srcs/sources_1/ip/modulo_30_2/modulo_n.srcs/sources_1/ip/modulo30_mult_gen_1/hdl/xbip_bram18k_v3_0_vh_rfs.vhd
Please consider using the OS subst command to shorten the path length by mapping part of the path to a virtual drive letter. See Answer Record AR52787 for more information.
Resolution: In Windows 7 or later, the mklink command can also be used to create a symbolic link and shorten the path.
ERROR: [BD 41-1030] Generation failed for the IP Integrator block cyclic_gen_1 
INFO: [BD 41-1029] Generation completed for the IP Integrator block physical_control_0 .
INFO: [BD 41-1029] Generation completed for the IP Integrator block demapping_0 .
CRITICAL WARNING: [IP_Flow 19-193] Failed to save BOM file 'd:/FPGA/Vivaldo Project/PUCCH-FORMAT-0/pucch0/pucch0.srcs/sources_1/bd/pucch0/ip/pucch0_rx_duplication_0_0/rx_duplication.srcs/sources_1/ip/rx_dup_mem_1/rx_dup_mem_1.xml'.
CRITICAL WARNING: [IP_Flow 19-194] Failed to save IP instance 'rx_dup_mem_1'.
CRITICAL WARNING: [IP_Flow 19-193] Failed to save BOM file 'd:/FPGA/Vivaldo Project/PUCCH-FORMAT-0/pucch0/pucch0.srcs/sources_1/bd/pucch0/ip/pucch0_rx_duplication_0_0/rx_duplication.srcs/sources_1/ip/rx_dup_mem_1/rx_dup_mem_1.xml'.
CRITICAL WARNING: [IP_Flow 19-194] Failed to save IP instance 'rx_dup_mem_1'.
CRITICAL WARNING: [IP_Flow 19-193] Failed to save BOM file 'd:/FPGA/Vivaldo Project/PUCCH-FORMAT-0/pucch0/pucch0.srcs/sources_1/bd/pucch0/ip/pucch0_rx_duplication_0_0/rx_duplication.srcs/sources_1/ip/rx_dup_mem_1/rx_dup_mem_1.xml'.
CRITICAL WARNING: [IP_Flow 19-194] Failed to save IP instance 'rx_dup_mem_1'.
ERROR: [IP_Flow 19-98] Generation of the IP CORE failed.
ERROR: [BD 41-1030] Generation failed for the IP Integrator block rx_duplication_0 
INFO: [BD 41-1029] Generation completed for the IP Integrator block correlation_0 .
CRITICAL WARNING: [IP_Flow 19-193] Failed to save BOM file 'd:/FPGA/Vivaldo Project/PUCCH-FORMAT-0/pucch0/pucch0.srcs/sources_1/bd/pucch0/ip/pucch0_combine_rx_sym_0_0/combine_rx_sym.srcs/sources_1/ip/combine_fifo_generator_0/combine_fifo_generator_0.xml'.
CRITICAL WARNING: [IP_Flow 19-194] Failed to save IP instance 'combine_fifo_generator_0'.
CRITICAL WARNING: [IP_Flow 19-193] Failed to save BOM file 'd:/FPGA/Vivaldo Project/PUCCH-FORMAT-0/pucch0/pucch0.srcs/sources_1/bd/pucch0/ip/pucch0_combine_rx_sym_0_0/combine_rx_sym.srcs/sources_1/ip/combine_fifo_generator_0/combine_fifo_generator_0.xml'.
CRITICAL WARNING: [IP_Flow 19-194] Failed to save IP instance 'combine_fifo_generator_0'.
CRITICAL WARNING: [IP_Flow 19-193] Failed to save BOM file 'd:/FPGA/Vivaldo Project/PUCCH-FORMAT-0/pucch0/pucch0.srcs/sources_1/bd/pucch0/ip/pucch0_combine_rx_sym_0_0/combine_rx_sym.srcs/sources_1/ip/combine_fifo_generator_0/combine_fifo_generator_0.xml'.
CRITICAL WARNING: [IP_Flow 19-194] Failed to save IP instance 'combine_fifo_generator_0'.
ERROR: [IP_Flow 19-98] Generation of the IP CORE failed.
ERROR: [BD 41-1030] Generation failed for the IP Integrator block combine_rx_sym_0 
INFO: [BD 41-1029] Generation completed for the IP Integrator block peak_search_0 .
INFO: [BD 41-1029] Generation completed for the IP Integrator block frame_sync_0 .
INFO: [BD 41-1029] Generation completed for the IP Integrator block layer2_parameter_0 .
INFO: [BD 41-1029] Generation completed for the IP Integrator block xlconstant_0 .
INFO: [BD 41-1029] Generation completed for the IP Integrator block xlconstant_1 .
CRITICAL WARNING: [IP_Flow 19-193] Failed to save BOM file 'd:/FPGA/Vivaldo Project/PUCCH-FORMAT-0/pucch0/pucch0.srcs/sources_1/bd/pucch0/ip/pucch0_sync_cyclic_0_0/sync_cyclic.srcs/sources_1/ip/cycliic_fifo_0/cycliic_fifo_0.xml'.
CRITICAL WARNING: [IP_Flow 19-194] Failed to save IP instance 'cycliic_fifo_0'.
CRITICAL WARNING: [IP_Flow 19-193] Failed to save BOM file 'd:/FPGA/Vivaldo Project/PUCCH-FORMAT-0/pucch0/pucch0.srcs/sources_1/bd/pucch0/ip/pucch0_sync_cyclic_0_0/sync_cyclic.srcs/sources_1/ip/cycliic_fifo_0/cycliic_fifo_0.xml'.
CRITICAL WARNING: [IP_Flow 19-194] Failed to save IP instance 'cycliic_fifo_0'.
CRITICAL WARNING: [IP_Flow 19-193] Failed to save BOM file 'd:/FPGA/Vivaldo Project/PUCCH-FORMAT-0/pucch0/pucch0.srcs/sources_1/bd/pucch0/ip/pucch0_sync_cyclic_0_0/sync_cyclic.srcs/sources_1/ip/cycliic_fifo_0/cycliic_fifo_0.xml'.
CRITICAL WARNING: [IP_Flow 19-194] Failed to save IP instance 'cycliic_fifo_0'.
ERROR: [IP_Flow 19-98] Generation of the IP CORE failed.
ERROR: [BD 41-1030] Generation failed for the IP Integrator block sync_cyclic_0 
INFO: [BD 41-1029] Generation completed for the IP Integrator block frame_sync_1 .
INFO: [BD 41-1029] Generation completed for the IP Integrator block xlconcat_0 .
CRITICAL WARNING: [IP_Flow 19-193] Failed to save BOM file 'd:/FPGA/Vivaldo Project/PUCCH-FORMAT-0/pucch0/pucch0.srcs/sources_1/bd/pucch0/ip/pucch0_ofdm_demodulation_v2_0_0/ofdm_demodulation.srcs/sources_1/ip/xfft_0/xfft_0.xml'.
CRITICAL WARNING: [IP_Flow 19-194] Failed to save IP instance 'xfft_0'.
CRITICAL WARNING: [IP_Flow 19-193] Failed to save BOM file 'd:/FPGA/Vivaldo Project/PUCCH-FORMAT-0/pucch0/pucch0.srcs/sources_1/bd/pucch0/ip/pucch0_ofdm_demodulation_v2_0_0/ofdm_demodulation.srcs/sources_1/ip/xfft_0/xfft_0.xml'.
CRITICAL WARNING: [IP_Flow 19-194] Failed to save IP instance 'xfft_0'.
CRITICAL WARNING: [IP_Flow 19-193] Failed to save BOM file 'd:/FPGA/Vivaldo Project/PUCCH-FORMAT-0/pucch0/pucch0.srcs/sources_1/bd/pucch0/ip/pucch0_ofdm_demodulation_v2_0_0/ofdm_demodulation.srcs/sources_1/ip/xfft_0/xfft_0.xml'.
CRITICAL WARNING: [IP_Flow 19-194] Failed to save IP instance 'xfft_0'.
ERROR: [IP_Flow 19-98] Generation of the IP CORE failed.
ERROR: [BD 41-1030] Generation failed for the IP Integrator block ofdm_demodulation_v2_0 
INFO: [BD 41-1029] Generation completed for the IP Integrator block xlconstant_2 .
INFO: [BD 41-1029] Generation completed for the IP Integrator block xlslice_0 .
CRITICAL WARNING: [IP_Flow 19-193] Failed to save BOM file 'd:/FPGA/Vivaldo Project/PUCCH-FORMAT-0/pucch0/pucch0.srcs/sources_1/bd/pucch0/ip/pucch0_cyclic_gen_0_0/cyclic_shift.srcs/sources_1/ip/cyc_phase_gen_0/phase_gen.srcs/sources_1/ip/scramble_sequence_8bits_0/scramble_sequence_8bits_0.xml'.
CRITICAL WARNING: [IP_Flow 19-194] Failed to save IP instance 'scramble_sequence_8bits_0'.
CRITICAL WARNING: [IP_Flow 19-193] Failed to save BOM file 'd:/FPGA/Vivaldo Project/PUCCH-FORMAT-0/pucch0/pucch0.srcs/sources_1/bd/pucch0/ip/pucch0_cyclic_gen_0_0/cyclic_shift.srcs/sources_1/ip/cyc_phase_gen_0/phase_gen.srcs/sources_1/ip/scramble_sequence_8bits_0/scramble_sequence_8bits_0.xml'.
CRITICAL WARNING: [IP_Flow 19-194] Failed to save IP instance 'scramble_sequence_8bits_0'.
CRITICAL WARNING: [IP_Flow 19-193] Failed to save BOM file 'd:/FPGA/Vivaldo Project/PUCCH-FORMAT-0/pucch0/pucch0.srcs/sources_1/bd/pucch0/ip/pucch0_cyclic_gen_0_0/cyclic_shift.srcs/sources_1/ip/cyc_phase_gen_0/phase_gen.srcs/sources_1/ip/scramble_sequence_8bits_0/scramble_sequence_8bits_0.xml'.
CRITICAL WARNING: [IP_Flow 19-194] Failed to save IP instance 'scramble_sequence_8bits_0'.
ERROR: [IP_Flow 19-98] Generation of the IP CORE failed.
ERROR: [BD 41-1030] Generation failed for the IP Integrator block cyclic_gen_0 
ERROR: [Common 17-680] Path length exceeds 260-Byte maximum allowed by Windows: d:/FPGA/Vivaldo Project/PUCCH-FORMAT-0/pucch0/pucch0.srcs/sources_1/bd/pucch0/ip/pucch0_cyclic_gen_0_1/cyclic_shift.srcs/sources_1/ip/ba_se_0/base_seq.srcs/sources_1/ip/modulo_30_2/modulo_n.srcs/sources_1/ip/modulo30_mult_gen_1/hdl/xbip_bram18k_v3_0_vh_rfs.vhd
Please consider using the OS subst command to shorten the path length by mapping part of the path to a virtual drive letter. See Answer Record AR52787 for more information.
Resolution: In Windows 7 or later, the mklink command can also be used to create a symbolic link and shorten the path.
ERROR: [BD 41-1030] Generation failed for the IP Integrator block cyclic_gen_1 
INFO: [BD 41-1029] Generation completed for the IP Integrator block physical_control_0 .
INFO: [BD 41-1029] Generation completed for the IP Integrator block demapping_0 .
CRITICAL WARNING: [IP_Flow 19-193] Failed to save BOM file 'd:/FPGA/Vivaldo Project/PUCCH-FORMAT-0/pucch0/pucch0.srcs/sources_1/bd/pucch0/ip/pucch0_rx_duplication_0_0/rx_duplication.srcs/sources_1/ip/rx_dup_mem_1/rx_dup_mem_1.xml'.
CRITICAL WARNING: [IP_Flow 19-194] Failed to save IP instance 'rx_dup_mem_1'.
CRITICAL WARNING: [IP_Flow 19-193] Failed to save BOM file 'd:/FPGA/Vivaldo Project/PUCCH-FORMAT-0/pucch0/pucch0.srcs/sources_1/bd/pucch0/ip/pucch0_rx_duplication_0_0/rx_duplication.srcs/sources_1/ip/rx_dup_mem_1/rx_dup_mem_1.xml'.
CRITICAL WARNING: [IP_Flow 19-194] Failed to save IP instance 'rx_dup_mem_1'.
CRITICAL WARNING: [IP_Flow 19-193] Failed to save BOM file 'd:/FPGA/Vivaldo Project/PUCCH-FORMAT-0/pucch0/pucch0.srcs/sources_1/bd/pucch0/ip/pucch0_rx_duplication_0_0/rx_duplication.srcs/sources_1/ip/rx_dup_mem_1/rx_dup_mem_1.xml'.
CRITICAL WARNING: [IP_Flow 19-194] Failed to save IP instance 'rx_dup_mem_1'.
ERROR: [IP_Flow 19-98] Generation of the IP CORE failed.
ERROR: [BD 41-1030] Generation failed for the IP Integrator block rx_duplication_0 
INFO: [BD 41-1029] Generation completed for the IP Integrator block correlation_0 .
CRITICAL WARNING: [IP_Flow 19-193] Failed to save BOM file 'd:/FPGA/Vivaldo Project/PUCCH-FORMAT-0/pucch0/pucch0.srcs/sources_1/bd/pucch0/ip/pucch0_combine_rx_sym_0_0/combine_rx_sym.srcs/sources_1/ip/combine_fifo_generator_0/combine_fifo_generator_0.xml'.
CRITICAL WARNING: [IP_Flow 19-194] Failed to save IP instance 'combine_fifo_generator_0'.
CRITICAL WARNING: [IP_Flow 19-193] Failed to save BOM file 'd:/FPGA/Vivaldo Project/PUCCH-FORMAT-0/pucch0/pucch0.srcs/sources_1/bd/pucch0/ip/pucch0_combine_rx_sym_0_0/combine_rx_sym.srcs/sources_1/ip/combine_fifo_generator_0/combine_fifo_generator_0.xml'.
CRITICAL WARNING: [IP_Flow 19-194] Failed to save IP instance 'combine_fifo_generator_0'.
CRITICAL WARNING: [IP_Flow 19-193] Failed to save BOM file 'd:/FPGA/Vivaldo Project/PUCCH-FORMAT-0/pucch0/pucch0.srcs/sources_1/bd/pucch0/ip/pucch0_combine_rx_sym_0_0/combine_rx_sym.srcs/sources_1/ip/combine_fifo_generator_0/combine_fifo_generator_0.xml'.
CRITICAL WARNING: [IP_Flow 19-194] Failed to save IP instance 'combine_fifo_generator_0'.
ERROR: [IP_Flow 19-98] Generation of the IP CORE failed.
ERROR: [BD 41-1030] Generation failed for the IP Integrator block combine_rx_sym_0 
INFO: [BD 41-1029] Generation completed for the IP Integrator block peak_search_0 .
INFO: [BD 41-1029] Generation completed for the IP Integrator block frame_sync_0 .
INFO: [BD 41-1029] Generation completed for the IP Integrator block layer2_parameter_0 .
INFO: [BD 41-1029] Generation completed for the IP Integrator block xlconstant_0 .
INFO: [BD 41-1029] Generation completed for the IP Integrator block xlconstant_1 .
CRITICAL WARNING: [IP_Flow 19-193] Failed to save BOM file 'd:/FPGA/Vivaldo Project/PUCCH-FORMAT-0/pucch0/pucch0.srcs/sources_1/bd/pucch0/ip/pucch0_sync_cyclic_0_0/sync_cyclic.srcs/sources_1/ip/cycliic_fifo_0/cycliic_fifo_0.xml'.
CRITICAL WARNING: [IP_Flow 19-194] Failed to save IP instance 'cycliic_fifo_0'.
CRITICAL WARNING: [IP_Flow 19-193] Failed to save BOM file 'd:/FPGA/Vivaldo Project/PUCCH-FORMAT-0/pucch0/pucch0.srcs/sources_1/bd/pucch0/ip/pucch0_sync_cyclic_0_0/sync_cyclic.srcs/sources_1/ip/cycliic_fifo_0/cycliic_fifo_0.xml'.
CRITICAL WARNING: [IP_Flow 19-194] Failed to save IP instance 'cycliic_fifo_0'.
CRITICAL WARNING: [IP_Flow 19-193] Failed to save BOM file 'd:/FPGA/Vivaldo Project/PUCCH-FORMAT-0/pucch0/pucch0.srcs/sources_1/bd/pucch0/ip/pucch0_sync_cyclic_0_0/sync_cyclic.srcs/sources_1/ip/cycliic_fifo_0/cycliic_fifo_0.xml'.
CRITICAL WARNING: [IP_Flow 19-194] Failed to save IP instance 'cycliic_fifo_0'.
ERROR: [IP_Flow 19-98] Generation of the IP CORE failed.
ERROR: [BD 41-1030] Generation failed for the IP Integrator block sync_cyclic_0 
INFO: [BD 41-1029] Generation completed for the IP Integrator block frame_sync_1 .
INFO: [BD 41-1029] Generation completed for the IP Integrator block xlconcat_0 .
CRITICAL WARNING: [IP_Flow 19-193] Failed to save BOM file 'd:/FPGA/Vivaldo Project/PUCCH-FORMAT-0/pucch0/pucch0.srcs/sources_1/bd/pucch0/ip/pucch0_ofdm_demodulation_v2_0_0/ofdm_demodulation.srcs/sources_1/ip/xfft_0/xfft_0.xml'.
CRITICAL WARNING: [IP_Flow 19-194] Failed to save IP instance 'xfft_0'.
CRITICAL WARNING: [IP_Flow 19-193] Failed to save BOM file 'd:/FPGA/Vivaldo Project/PUCCH-FORMAT-0/pucch0/pucch0.srcs/sources_1/bd/pucch0/ip/pucch0_ofdm_demodulation_v2_0_0/ofdm_demodulation.srcs/sources_1/ip/xfft_0/xfft_0.xml'.
CRITICAL WARNING: [IP_Flow 19-194] Failed to save IP instance 'xfft_0'.
CRITICAL WARNING: [IP_Flow 19-193] Failed to save BOM file 'd:/FPGA/Vivaldo Project/PUCCH-FORMAT-0/pucch0/pucch0.srcs/sources_1/bd/pucch0/ip/pucch0_ofdm_demodulation_v2_0_0/ofdm_demodulation.srcs/sources_1/ip/xfft_0/xfft_0.xml'.
CRITICAL WARNING: [IP_Flow 19-194] Failed to save IP instance 'xfft_0'.
ERROR: [IP_Flow 19-98] Generation of the IP CORE failed.
ERROR: [BD 41-1030] Generation failed for the IP Integrator block ofdm_demodulation_v2_0 
INFO: [BD 41-1029] Generation completed for the IP Integrator block xlconstant_2 .
INFO: [BD 41-1029] Generation completed for the IP Integrator block xlslice_0 .
CRITICAL WARNING: [IP_Flow 19-193] Failed to save BOM file 'd:/FPGA/Vivaldo Project/PUCCH-FORMAT-0/pucch0/pucch0.srcs/sources_1/bd/pucch0/ip/pucch0_cyclic_gen_0_0/cyclic_shift.srcs/sources_1/ip/cyc_phase_gen_0/phase_gen.srcs/sources_1/ip/scramble_sequence_8bits_0/scramble_sequence_8bits_0.xml'.
CRITICAL WARNING: [IP_Flow 19-194] Failed to save IP instance 'scramble_sequence_8bits_0'.
CRITICAL WARNING: [IP_Flow 19-193] Failed to save BOM file 'd:/FPGA/Vivaldo Project/PUCCH-FORMAT-0/pucch0/pucch0.srcs/sources_1/bd/pucch0/ip/pucch0_cyclic_gen_0_0/cyclic_shift.srcs/sources_1/ip/cyc_phase_gen_0/phase_gen.srcs/sources_1/ip/scramble_sequence_8bits_0/scramble_sequence_8bits_0.xml'.
CRITICAL WARNING: [IP_Flow 19-194] Failed to save IP instance 'scramble_sequence_8bits_0'.
CRITICAL WARNING: [IP_Flow 19-193] Failed to save BOM file 'd:/FPGA/Vivaldo Project/PUCCH-FORMAT-0/pucch0/pucch0.srcs/sources_1/bd/pucch0/ip/pucch0_cyclic_gen_0_0/cyclic_shift.srcs/sources_1/ip/cyc_phase_gen_0/phase_gen.srcs/sources_1/ip/scramble_sequence_8bits_0/scramble_sequence_8bits_0.xml'.
CRITICAL WARNING: [IP_Flow 19-194] Failed to save IP instance 'scramble_sequence_8bits_0'.
ERROR: [IP_Flow 19-98] Generation of the IP CORE failed.
ERROR: [BD 41-1030] Generation failed for the IP Integrator block cyclic_gen_0 
ERROR: [Common 17-680] Path length exceeds 260-Byte maximum allowed by Windows: d:/FPGA/Vivaldo Project/PUCCH-FORMAT-0/pucch0/pucch0.srcs/sources_1/bd/pucch0/ip/pucch0_cyclic_gen_0_1/cyclic_shift.srcs/sources_1/ip/ba_se_0/base_seq.srcs/sources_1/ip/modulo_30_2/modulo_n.srcs/sources_1/ip/modulo30_mult_gen_1/hdl/xbip_bram18k_v3_0_vh_rfs.vhd
Please consider using the OS subst command to shorten the path length by mapping part of the path to a virtual drive letter. See Answer Record AR52787 for more information.
Resolution: In Windows 7 or later, the mklink command can also be used to create a symbolic link and shorten the path.
ERROR: [BD 41-1030] Generation failed for the IP Integrator block cyclic_gen_1 
INFO: [BD 41-1029] Generation completed for the IP Integrator block physical_control_0 .
INFO: [BD 41-1029] Generation completed for the IP Integrator block demapping_0 .
CRITICAL WARNING: [IP_Flow 19-193] Failed to save BOM file 'd:/FPGA/Vivaldo Project/PUCCH-FORMAT-0/pucch0/pucch0.srcs/sources_1/bd/pucch0/ip/pucch0_rx_duplication_0_0/rx_duplication.srcs/sources_1/ip/rx_dup_mem_1/rx_dup_mem_1.xml'.
CRITICAL WARNING: [IP_Flow 19-194] Failed to save IP instance 'rx_dup_mem_1'.
CRITICAL WARNING: [IP_Flow 19-193] Failed to save BOM file 'd:/FPGA/Vivaldo Project/PUCCH-FORMAT-0/pucch0/pucch0.srcs/sources_1/bd/pucch0/ip/pucch0_rx_duplication_0_0/rx_duplication.srcs/sources_1/ip/rx_dup_mem_1/rx_dup_mem_1.xml'.
CRITICAL WARNING: [IP_Flow 19-194] Failed to save IP instance 'rx_dup_mem_1'.
CRITICAL WARNING: [IP_Flow 19-193] Failed to save BOM file 'd:/FPGA/Vivaldo Project/PUCCH-FORMAT-0/pucch0/pucch0.srcs/sources_1/bd/pucch0/ip/pucch0_rx_duplication_0_0/rx_duplication.srcs/sources_1/ip/rx_dup_mem_1/rx_dup_mem_1.xml'.
CRITICAL WARNING: [IP_Flow 19-194] Failed to save IP instance 'rx_dup_mem_1'.
ERROR: [IP_Flow 19-98] Generation of the IP CORE failed.
ERROR: [BD 41-1030] Generation failed for the IP Integrator block rx_duplication_0 
INFO: [BD 41-1029] Generation completed for the IP Integrator block correlation_0 .
CRITICAL WARNING: [IP_Flow 19-193] Failed to save BOM file 'd:/FPGA/Vivaldo Project/PUCCH-FORMAT-0/pucch0/pucch0.srcs/sources_1/bd/pucch0/ip/pucch0_combine_rx_sym_0_0/combine_rx_sym.srcs/sources_1/ip/combine_fifo_generator_0/combine_fifo_generator_0.xml'.
CRITICAL WARNING: [IP_Flow 19-194] Failed to save IP instance 'combine_fifo_generator_0'.
CRITICAL WARNING: [IP_Flow 19-193] Failed to save BOM file 'd:/FPGA/Vivaldo Project/PUCCH-FORMAT-0/pucch0/pucch0.srcs/sources_1/bd/pucch0/ip/pucch0_combine_rx_sym_0_0/combine_rx_sym.srcs/sources_1/ip/combine_fifo_generator_0/combine_fifo_generator_0.xml'.
CRITICAL WARNING: [IP_Flow 19-194] Failed to save IP instance 'combine_fifo_generator_0'.
CRITICAL WARNING: [IP_Flow 19-193] Failed to save BOM file 'd:/FPGA/Vivaldo Project/PUCCH-FORMAT-0/pucch0/pucch0.srcs/sources_1/bd/pucch0/ip/pucch0_combine_rx_sym_0_0/combine_rx_sym.srcs/sources_1/ip/combine_fifo_generator_0/combine_fifo_generator_0.xml'.
CRITICAL WARNING: [IP_Flow 19-194] Failed to save IP instance 'combine_fifo_generator_0'.
ERROR: [IP_Flow 19-98] Generation of the IP CORE failed.
ERROR: [BD 41-1030] Generation failed for the IP Integrator block combine_rx_sym_0 
INFO: [BD 41-1029] Generation completed for the IP Integrator block peak_search_0 .
INFO: [BD 41-1029] Generation completed for the IP Integrator block frame_sync_0 .
INFO: [BD 41-1029] Generation completed for the IP Integrator block layer2_parameter_0 .
INFO: [BD 41-1029] Generation completed for the IP Integrator block xlconstant_0 .
INFO: [BD 41-1029] Generation completed for the IP Integrator block xlconstant_1 .
CRITICAL WARNING: [IP_Flow 19-193] Failed to save BOM file 'd:/FPGA/Vivaldo Project/PUCCH-FORMAT-0/pucch0/pucch0.srcs/sources_1/bd/pucch0/ip/pucch0_sync_cyclic_0_0/sync_cyclic.srcs/sources_1/ip/cycliic_fifo_0/cycliic_fifo_0.xml'.
CRITICAL WARNING: [IP_Flow 19-194] Failed to save IP instance 'cycliic_fifo_0'.
CRITICAL WARNING: [IP_Flow 19-193] Failed to save BOM file 'd:/FPGA/Vivaldo Project/PUCCH-FORMAT-0/pucch0/pucch0.srcs/sources_1/bd/pucch0/ip/pucch0_sync_cyclic_0_0/sync_cyclic.srcs/sources_1/ip/cycliic_fifo_0/cycliic_fifo_0.xml'.
CRITICAL WARNING: [IP_Flow 19-194] Failed to save IP instance 'cycliic_fifo_0'.
CRITICAL WARNING: [IP_Flow 19-193] Failed to save BOM file 'd:/FPGA/Vivaldo Project/PUCCH-FORMAT-0/pucch0/pucch0.srcs/sources_1/bd/pucch0/ip/pucch0_sync_cyclic_0_0/sync_cyclic.srcs/sources_1/ip/cycliic_fifo_0/cycliic_fifo_0.xml'.
CRITICAL WARNING: [IP_Flow 19-194] Failed to save IP instance 'cycliic_fifo_0'.
ERROR: [IP_Flow 19-98] Generation of the IP CORE failed.
ERROR: [BD 41-1030] Generation failed for the IP Integrator block sync_cyclic_0 
INFO: [BD 41-1029] Generation completed for the IP Integrator block frame_sync_1 .
INFO: [BD 41-1029] Generation completed for the IP Integrator block xlconcat_0 .
CRITICAL WARNING: [IP_Flow 19-193] Failed to save BOM file 'd:/FPGA/Vivaldo Project/PUCCH-FORMAT-0/pucch0/pucch0.srcs/sources_1/bd/pucch0/ip/pucch0_ofdm_demodulation_v2_0_0/ofdm_demodulation.srcs/sources_1/ip/xfft_0/xfft_0.xml'.
CRITICAL WARNING: [IP_Flow 19-194] Failed to save IP instance 'xfft_0'.
CRITICAL WARNING: [IP_Flow 19-193] Failed to save BOM file 'd:/FPGA/Vivaldo Project/PUCCH-FORMAT-0/pucch0/pucch0.srcs/sources_1/bd/pucch0/ip/pucch0_ofdm_demodulation_v2_0_0/ofdm_demodulation.srcs/sources_1/ip/xfft_0/xfft_0.xml'.
CRITICAL WARNING: [IP_Flow 19-194] Failed to save IP instance 'xfft_0'.
CRITICAL WARNING: [IP_Flow 19-193] Failed to save BOM file 'd:/FPGA/Vivaldo Project/PUCCH-FORMAT-0/pucch0/pucch0.srcs/sources_1/bd/pucch0/ip/pucch0_ofdm_demodulation_v2_0_0/ofdm_demodulation.srcs/sources_1/ip/xfft_0/xfft_0.xml'.
CRITICAL WARNING: [IP_Flow 19-194] Failed to save IP instance 'xfft_0'.
ERROR: [IP_Flow 19-98] Generation of the IP CORE failed.
ERROR: [BD 41-1030] Generation failed for the IP Integrator block ofdm_demodulation_v2_0 
INFO: [BD 41-1029] Generation completed for the IP Integrator block xlconstant_2 .
INFO: [BD 41-1029] Generation completed for the IP Integrator block xlslice_0 .
CRITICAL WARNING: [IP_Flow 19-193] Failed to save BOM file 'd:/FPGA/Vivaldo Project/PUCCH-FORMAT-0/pucch0/pucch0.srcs/sources_1/bd/pucch0/ip/pucch0_cyclic_gen_0_0/cyclic_shift.srcs/sources_1/ip/cyc_phase_gen_0/phase_gen.srcs/sources_1/ip/scramble_sequence_8bits_0/scramble_sequence_8bits_0.xml'.
CRITICAL WARNING: [IP_Flow 19-194] Failed to save IP instance 'scramble_sequence_8bits_0'.
CRITICAL WARNING: [IP_Flow 19-193] Failed to save BOM file 'd:/FPGA/Vivaldo Project/PUCCH-FORMAT-0/pucch0/pucch0.srcs/sources_1/bd/pucch0/ip/pucch0_cyclic_gen_0_0/cyclic_shift.srcs/sources_1/ip/cyc_phase_gen_0/phase_gen.srcs/sources_1/ip/scramble_sequence_8bits_0/scramble_sequence_8bits_0.xml'.
CRITICAL WARNING: [IP_Flow 19-194] Failed to save IP instance 'scramble_sequence_8bits_0'.
CRITICAL WARNING: [IP_Flow 19-193] Failed to save BOM file 'd:/FPGA/Vivaldo Project/PUCCH-FORMAT-0/pucch0/pucch0.srcs/sources_1/bd/pucch0/ip/pucch0_cyclic_gen_0_0/cyclic_shift.srcs/sources_1/ip/cyc_phase_gen_0/phase_gen.srcs/sources_1/ip/scramble_sequence_8bits_0/scramble_sequence_8bits_0.xml'.
CRITICAL WARNING: [IP_Flow 19-194] Failed to save IP instance 'scramble_sequence_8bits_0'.
ERROR: [IP_Flow 19-98] Generation of the IP CORE failed.
ERROR: [BD 41-1030] Generation failed for the IP Integrator block cyclic_gen_0 
ERROR: [Common 17-680] Path length exceeds 260-Byte maximum allowed by Windows: d:/FPGA/Vivaldo Project/PUCCH-FORMAT-0/pucch0/pucch0.srcs/sources_1/bd/pucch0/ip/pucch0_cyclic_gen_0_1/cyclic_shift.srcs/sources_1/ip/ba_se_0/base_seq.srcs/sources_1/ip/modulo_30_2/modulo_n.srcs/sources_1/ip/modulo30_mult_gen_1/hdl/xbip_bram18k_v3_0_vh_rfs.vhd
Please consider using the OS subst command to shorten the path length by mapping part of the path to a virtual drive letter. See Answer Record AR52787 for more information.
Resolution: In Windows 7 or later, the mklink command can also be used to create a symbolic link and shorten the path.
ERROR: [BD 41-1030] Generation failed for the IP Integrator block cyclic_gen_1 
INFO: [BD 41-1029] Generation completed for the IP Integrator block physical_control_0 .
INFO: [BD 41-1029] Generation completed for the IP Integrator block demapping_0 .
CRITICAL WARNING: [IP_Flow 19-193] Failed to save BOM file 'd:/FPGA/Vivaldo Project/PUCCH-FORMAT-0/pucch0/pucch0.srcs/sources_1/bd/pucch0/ip/pucch0_rx_duplication_0_0/rx_duplication.srcs/sources_1/ip/rx_dup_mem_1/rx_dup_mem_1.xml'.
CRITICAL WARNING: [IP_Flow 19-194] Failed to save IP instance 'rx_dup_mem_1'.
CRITICAL WARNING: [IP_Flow 19-193] Failed to save BOM file 'd:/FPGA/Vivaldo Project/PUCCH-FORMAT-0/pucch0/pucch0.srcs/sources_1/bd/pucch0/ip/pucch0_rx_duplication_0_0/rx_duplication.srcs/sources_1/ip/rx_dup_mem_1/rx_dup_mem_1.xml'.
CRITICAL WARNING: [IP_Flow 19-194] Failed to save IP instance 'rx_dup_mem_1'.
CRITICAL WARNING: [IP_Flow 19-193] Failed to save BOM file 'd:/FPGA/Vivaldo Project/PUCCH-FORMAT-0/pucch0/pucch0.srcs/sources_1/bd/pucch0/ip/pucch0_rx_duplication_0_0/rx_duplication.srcs/sources_1/ip/rx_dup_mem_1/rx_dup_mem_1.xml'.
CRITICAL WARNING: [IP_Flow 19-194] Failed to save IP instance 'rx_dup_mem_1'.
ERROR: [IP_Flow 19-98] Generation of the IP CORE failed.
ERROR: [BD 41-1030] Generation failed for the IP Integrator block rx_duplication_0 
INFO: [BD 41-1029] Generation completed for the IP Integrator block correlation_0 .
CRITICAL WARNING: [IP_Flow 19-193] Failed to save BOM file 'd:/FPGA/Vivaldo Project/PUCCH-FORMAT-0/pucch0/pucch0.srcs/sources_1/bd/pucch0/ip/pucch0_combine_rx_sym_0_0/combine_rx_sym.srcs/sources_1/ip/combine_fifo_generator_0/combine_fifo_generator_0.xml'.
CRITICAL WARNING: [IP_Flow 19-194] Failed to save IP instance 'combine_fifo_generator_0'.
CRITICAL WARNING: [IP_Flow 19-193] Failed to save BOM file 'd:/FPGA/Vivaldo Project/PUCCH-FORMAT-0/pucch0/pucch0.srcs/sources_1/bd/pucch0/ip/pucch0_combine_rx_sym_0_0/combine_rx_sym.srcs/sources_1/ip/combine_fifo_generator_0/combine_fifo_generator_0.xml'.
CRITICAL WARNING: [IP_Flow 19-194] Failed to save IP instance 'combine_fifo_generator_0'.
CRITICAL WARNING: [IP_Flow 19-193] Failed to save BOM file 'd:/FPGA/Vivaldo Project/PUCCH-FORMAT-0/pucch0/pucch0.srcs/sources_1/bd/pucch0/ip/pucch0_combine_rx_sym_0_0/combine_rx_sym.srcs/sources_1/ip/combine_fifo_generator_0/combine_fifo_generator_0.xml'.
CRITICAL WARNING: [IP_Flow 19-194] Failed to save IP instance 'combine_fifo_generator_0'.
ERROR: [IP_Flow 19-98] Generation of the IP CORE failed.
ERROR: [BD 41-1030] Generation failed for the IP Integrator block combine_rx_sym_0 
INFO: [BD 41-1029] Generation completed for the IP Integrator block peak_search_0 .
INFO: [BD 41-1029] Generation completed for the IP Integrator block frame_sync_0 .
INFO: [BD 41-1029] Generation completed for the IP Integrator block layer2_parameter_0 .
INFO: [BD 41-1029] Generation completed for the IP Integrator block xlconstant_0 .
INFO: [BD 41-1029] Generation completed for the IP Integrator block xlconstant_1 .
CRITICAL WARNING: [IP_Flow 19-193] Failed to save BOM file 'd:/FPGA/Vivaldo Project/PUCCH-FORMAT-0/pucch0/pucch0.srcs/sources_1/bd/pucch0/ip/pucch0_sync_cyclic_0_0/sync_cyclic.srcs/sources_1/ip/cycliic_fifo_0/cycliic_fifo_0.xml'.
CRITICAL WARNING: [IP_Flow 19-194] Failed to save IP instance 'cycliic_fifo_0'.
CRITICAL WARNING: [IP_Flow 19-193] Failed to save BOM file 'd:/FPGA/Vivaldo Project/PUCCH-FORMAT-0/pucch0/pucch0.srcs/sources_1/bd/pucch0/ip/pucch0_sync_cyclic_0_0/sync_cyclic.srcs/sources_1/ip/cycliic_fifo_0/cycliic_fifo_0.xml'.
CRITICAL WARNING: [IP_Flow 19-194] Failed to save IP instance 'cycliic_fifo_0'.
CRITICAL WARNING: [IP_Flow 19-193] Failed to save BOM file 'd:/FPGA/Vivaldo Project/PUCCH-FORMAT-0/pucch0/pucch0.srcs/sources_1/bd/pucch0/ip/pucch0_sync_cyclic_0_0/sync_cyclic.srcs/sources_1/ip/cycliic_fifo_0/cycliic_fifo_0.xml'.
CRITICAL WARNING: [IP_Flow 19-194] Failed to save IP instance 'cycliic_fifo_0'.
ERROR: [IP_Flow 19-98] Generation of the IP CORE failed.
ERROR: [BD 41-1030] Generation failed for the IP Integrator block sync_cyclic_0 
INFO: [BD 41-1029] Generation completed for the IP Integrator block frame_sync_1 .
INFO: [BD 41-1029] Generation completed for the IP Integrator block xlconcat_0 .
CRITICAL WARNING: [IP_Flow 19-193] Failed to save BOM file 'd:/FPGA/Vivaldo Project/PUCCH-FORMAT-0/pucch0/pucch0.srcs/sources_1/bd/pucch0/ip/pucch0_ofdm_demodulation_v2_0_0/ofdm_demodulation.srcs/sources_1/ip/xfft_0/xfft_0.xml'.
INFO: [Common 17-14] Message 'IP_Flow 19-193' appears 100 times and further instances of the messages will be disabled. Use the Tcl command set_msg_config to change the current settings.
CRITICAL WARNING: [IP_Flow 19-194] Failed to save IP instance 'xfft_0'.
INFO: [Common 17-14] Message 'IP_Flow 19-194' appears 100 times and further instances of the messages will be disabled. Use the Tcl command set_msg_config to change the current settings.
ERROR: [IP_Flow 19-98] Generation of the IP CORE failed.
ERROR: [BD 41-1030] Generation failed for the IP Integrator block ofdm_demodulation_v2_0 
INFO: [BD 41-1029] Generation completed for the IP Integrator block xlconstant_2 .
INFO: [BD 41-1029] Generation completed for the IP Integrator block xlslice_0 .
ERROR: [IP_Flow 19-98] Generation of the IP CORE failed.
ERROR: [BD 41-1030] Generation failed for the IP Integrator block cyclic_gen_0 
ERROR: [Common 17-680] Path length exceeds 260-Byte maximum allowed by Windows: d:/FPGA/Vivaldo Project/PUCCH-FORMAT-0/pucch0/pucch0.srcs/sources_1/bd/pucch0/ip/pucch0_cyclic_gen_0_1/cyclic_shift.srcs/sources_1/ip/ba_se_0/base_seq.srcs/sources_1/ip/modulo_30_2/modulo_n.srcs/sources_1/ip/modulo30_mult_gen_1/hdl/xbip_bram18k_v3_0_vh_rfs.vhd
Please consider using the OS subst command to shorten the path length by mapping part of the path to a virtual drive letter. See Answer Record AR52787 for more information.
Resolution: In Windows 7 or later, the mklink command can also be used to create a symbolic link and shorten the path.
ERROR: [BD 41-1030] Generation failed for the IP Integrator block cyclic_gen_1 
INFO: [BD 41-1029] Generation completed for the IP Integrator block physical_control_0 .
INFO: [BD 41-1029] Generation completed for the IP Integrator block demapping_0 .
ERROR: [IP_Flow 19-98] Generation of the IP CORE failed.
ERROR: [BD 41-1030] Generation failed for the IP Integrator block rx_duplication_0 
INFO: [BD 41-1029] Generation completed for the IP Integrator block correlation_0 .
ERROR: [IP_Flow 19-98] Generation of the IP CORE failed.
ERROR: [BD 41-1030] Generation failed for the IP Integrator block combine_rx_sym_0 
INFO: [BD 41-1029] Generation completed for the IP Integrator block peak_search_0 .
INFO: [BD 41-1029] Generation completed for the IP Integrator block frame_sync_0 .
INFO: [BD 41-1029] Generation completed for the IP Integrator block layer2_parameter_0 .
INFO: [BD 41-1029] Generation completed for the IP Integrator block xlconstant_0 .
INFO: [BD 41-1029] Generation completed for the IP Integrator block xlconstant_1 .
ERROR: [IP_Flow 19-98] Generation of the IP CORE failed.
ERROR: [BD 41-1030] Generation failed for the IP Integrator block sync_cyclic_0 
INFO: [BD 41-1029] Generation completed for the IP Integrator block frame_sync_1 .
INFO: [BD 41-1029] Generation completed for the IP Integrator block xlconcat_0 .
ERROR: [IP_Flow 19-98] Generation of the IP CORE failed.
ERROR: [BD 41-1030] Generation failed for the IP Integrator block ofdm_demodulation_v2_0 
INFO: [BD 41-1029] Generation completed for the IP Integrator block xlconstant_2 .
INFO: [BD 41-1029] Generation completed for the IP Integrator block xlslice_0 .
ERROR: [IP_Flow 19-98] Generation of the IP CORE failed.
ERROR: [BD 41-1030] Generation failed for the IP Integrator block cyclic_gen_0 
ERROR: [Common 17-680] Path length exceeds 260-Byte maximum allowed by Windows: d:/FPGA/Vivaldo Project/PUCCH-FORMAT-0/pucch0/pucch0.srcs/sources_1/bd/pucch0/ip/pucch0_cyclic_gen_0_1/cyclic_shift.srcs/sources_1/ip/ba_se_0/base_seq.srcs/sources_1/ip/modulo_30_2/modulo_n.srcs/sources_1/ip/modulo30_mult_gen_1/hdl/xbip_bram18k_v3_0_vh_rfs.vhd
Please consider using the OS subst command to shorten the path length by mapping part of the path to a virtual drive letter. See Answer Record AR52787 for more information.
Resolution: In Windows 7 or later, the mklink command can also be used to create a symbolic link and shorten the path.
ERROR: [BD 41-1030] Generation failed for the IP Integrator block cyclic_gen_1 
INFO: [BD 41-1029] Generation completed for the IP Integrator block physical_control_0 .
INFO: [BD 41-1029] Generation completed for the IP Integrator block demapping_0 .
ERROR: [IP_Flow 19-98] Generation of the IP CORE failed.
ERROR: [BD 41-1030] Generation failed for the IP Integrator block rx_duplication_0 
INFO: [BD 41-1029] Generation completed for the IP Integrator block correlation_0 .
ERROR: [IP_Flow 19-98] Generation of the IP CORE failed.
ERROR: [BD 41-1030] Generation failed for the IP Integrator block combine_rx_sym_0 
INFO: [BD 41-1029] Generation completed for the IP Integrator block peak_search_0 .
INFO: [Common 17-14] Message 'BD 41-1029' appears 100 times and further instances of the messages will be disabled. Use the Tcl command set_msg_config to change the current settings.
ERROR: [IP_Flow 19-98] Generation of the IP CORE failed.
ERROR: [BD 41-1030] Generation failed for the IP Integrator block sync_cyclic_0 
ERROR: [IP_Flow 19-98] Generation of the IP CORE failed.
ERROR: [BD 41-1030] Generation failed for the IP Integrator block ofdm_demodulation_v2_0 
ERROR: [IP_Flow 19-98] Generation of the IP CORE failed.
ERROR: [BD 41-1030] Generation failed for the IP Integrator block cyclic_gen_0 
ERROR: [Common 17-680] Path length exceeds 260-Byte maximum allowed by Windows: d:/FPGA/Vivaldo Project/PUCCH-FORMAT-0/pucch0/pucch0.srcs/sources_1/bd/pucch0/ip/pucch0_cyclic_gen_0_1/cyclic_shift.srcs/sources_1/ip/ba_se_0/base_seq.srcs/sources_1/ip/modulo_30_2/modulo_n.srcs/sources_1/ip/modulo30_mult_gen_1/hdl/xbip_bram18k_v3_0_vh_rfs.vhd
Please consider using the OS subst command to shorten the path length by mapping part of the path to a virtual drive letter. See Answer Record AR52787 for more information.
Resolution: In Windows 7 or later, the mklink command can also be used to create a symbolic link and shorten the path.
ERROR: [BD 41-1030] Generation failed for the IP Integrator block cyclic_gen_1 
ERROR: [IP_Flow 19-98] Generation of the IP CORE failed.
ERROR: [BD 41-1030] Generation failed for the IP Integrator block rx_duplication_0 
ERROR: [IP_Flow 19-98] Generation of the IP CORE failed.
ERROR: [BD 41-1030] Generation failed for the IP Integrator block combine_rx_sym_0 
ERROR: [IP_Flow 19-98] Generation of the IP CORE failed.
ERROR: [BD 41-1030] Generation failed for the IP Integrator block sync_cyclic_0 
ERROR: [IP_Flow 19-98] Generation of the IP CORE failed.
ERROR: [BD 41-1030] Generation failed for the IP Integrator block ofdm_demodulation_v2_0 
ERROR: [IP_Flow 19-98] Generation of the IP CORE failed.
ERROR: [BD 41-1030] Generation failed for the IP Integrator block cyclic_gen_0 
ERROR: [Common 17-680] Path length exceeds 260-Byte maximum allowed by Windows: d:/FPGA/Vivaldo Project/PUCCH-FORMAT-0/pucch0/pucch0.srcs/sources_1/bd/pucch0/ip/pucch0_cyclic_gen_0_1/cyclic_shift.srcs/sources_1/ip/ba_se_0/base_seq.srcs/sources_1/ip/modulo_30_2/modulo_n.srcs/sources_1/ip/modulo30_mult_gen_1/hdl/xbip_bram18k_v3_0_vh_rfs.vhd
Please consider using the OS subst command to shorten the path length by mapping part of the path to a virtual drive letter. See Answer Record AR52787 for more information.
Resolution: In Windows 7 or later, the mklink command can also be used to create a symbolic link and shorten the path.
ERROR: [BD 41-1030] Generation failed for the IP Integrator block cyclic_gen_1 
ERROR: [IP_Flow 19-98] Generation of the IP CORE failed.
ERROR: [BD 41-1030] Generation failed for the IP Integrator block rx_duplication_0 
ERROR: [IP_Flow 19-98] Generation of the IP CORE failed.
ERROR: [BD 41-1030] Generation failed for the IP Integrator block combine_rx_sym_0 
ERROR: [IP_Flow 19-98] Generation of the IP CORE failed.
ERROR: [BD 41-1030] Generation failed for the IP Integrator block sync_cyclic_0 
ERROR: [IP_Flow 19-98] Generation of the IP CORE failed.
ERROR: [BD 41-1030] Generation failed for the IP Integrator block ofdm_demodulation_v2_0 
ERROR: [IP_Flow 19-98] Generation of the IP CORE failed.
ERROR: [BD 41-1030] Generation failed for the IP Integrator block cyclic_gen_0 
ERROR: [Common 17-680] Path length exceeds 260-Byte maximum allowed by Windows: d:/FPGA/Vivaldo Project/PUCCH-FORMAT-0/pucch0/pucch0.srcs/sources_1/bd/pucch0/ip/pucch0_cyclic_gen_0_1/cyclic_shift.srcs/sources_1/ip/ba_se_0/base_seq.srcs/sources_1/ip/modulo_30_2/modulo_n.srcs/sources_1/ip/modulo30_mult_gen_1/hdl/xbip_bram18k_v3_0_vh_rfs.vhd
Please consider using the OS subst command to shorten the path length by mapping part of the path to a virtual drive letter. See Answer Record AR52787 for more information.
Resolution: In Windows 7 or later, the mklink command can also be used to create a symbolic link and shorten the path.
ERROR: [BD 41-1030] Generation failed for the IP Integrator block cyclic_gen_1 
ERROR: [IP_Flow 19-98] Generation of the IP CORE failed.
ERROR: [BD 41-1030] Generation failed for the IP Integrator block rx_duplication_0 
ERROR: [IP_Flow 19-98] Generation of the IP CORE failed.
ERROR: [BD 41-1030] Generation failed for the IP Integrator block combine_rx_sym_0 
ERROR: [IP_Flow 19-98] Generation of the IP CORE failed.
ERROR: [BD 41-1030] Generation failed for the IP Integrator block sync_cyclic_0 
ERROR: [IP_Flow 19-98] Generation of the IP CORE failed.
ERROR: [BD 41-1030] Generation failed for the IP Integrator block ofdm_demodulation_v2_0 
ERROR: [IP_Flow 19-98] Generation of the IP CORE failed.
ERROR: [BD 41-1030] Generation failed for the IP Integrator block cyclic_gen_0 
ERROR: [Common 17-680] Path length exceeds 260-Byte maximum allowed by Windows: d:/FPGA/Vivaldo Project/PUCCH-FORMAT-0/pucch0/pucch0.srcs/sources_1/bd/pucch0/ip/pucch0_cyclic_gen_0_1/cyclic_shift.srcs/sources_1/ip/ba_se_0/base_seq.srcs/sources_1/ip/modulo_30_2/modulo_n.srcs/sources_1/ip/modulo30_mult_gen_1/hdl/xbip_bram18k_v3_0_vh_rfs.vhd
Please consider using the OS subst command to shorten the path length by mapping part of the path to a virtual drive letter. See Answer Record AR52787 for more information.
Resolution: In Windows 7 or later, the mklink command can also be used to create a symbolic link and shorten the path.
ERROR: [BD 41-1030] Generation failed for the IP Integrator block cyclic_gen_1 
ERROR: [IP_Flow 19-98] Generation of the IP CORE failed.
ERROR: [BD 41-1030] Generation failed for the IP Integrator block rx_duplication_0 
ERROR: [IP_Flow 19-98] Generation of the IP CORE failed.
ERROR: [BD 41-1030] Generation failed for the IP Integrator block combine_rx_sym_0 
ERROR: [IP_Flow 19-98] Generation of the IP CORE failed.
ERROR: [BD 41-1030] Generation failed for the IP Integrator block sync_cyclic_0 
ERROR: [IP_Flow 19-98] Generation of the IP CORE failed.
ERROR: [BD 41-1030] Generation failed for the IP Integrator block ofdm_demodulation_v2_0 
ERROR: [IP_Flow 19-98] Generation of the IP CORE failed.
ERROR: [BD 41-1030] Generation failed for the IP Integrator block cyclic_gen_0 
ERROR: [Common 17-680] Path length exceeds 260-Byte maximum allowed by Windows: d:/FPGA/Vivaldo Project/PUCCH-FORMAT-0/pucch0/pucch0.srcs/sources_1/bd/pucch0/ip/pucch0_cyclic_gen_0_1/cyclic_shift.srcs/sources_1/ip/ba_se_0/base_seq.srcs/sources_1/ip/modulo_30_2/modulo_n.srcs/sources_1/ip/modulo30_mult_gen_1/hdl/xbip_bram18k_v3_0_vh_rfs.vhd
Please consider using the OS subst command to shorten the path length by mapping part of the path to a virtual drive letter. See Answer Record AR52787 for more information.
Resolution: In Windows 7 or later, the mklink command can also be used to create a symbolic link and shorten the path.
ERROR: [BD 41-1030] Generation failed for the IP Integrator block cyclic_gen_1 
ERROR: [IP_Flow 19-98] Generation of the IP CORE failed.
ERROR: [BD 41-1030] Generation failed for the IP Integrator block rx_duplication_0 
ERROR: [IP_Flow 19-98] Generation of the IP CORE failed.
ERROR: [BD 41-1030] Generation failed for the IP Integrator block combine_rx_sym_0 
ERROR: [IP_Flow 19-98] Generation of the IP CORE failed.
ERROR: [BD 41-1030] Generation failed for the IP Integrator block sync_cyclic_0 
ERROR: [IP_Flow 19-98] Generation of the IP CORE failed.
ERROR: [BD 41-1030] Generation failed for the IP Integrator block ofdm_demodulation_v2_0 
ERROR: [IP_Flow 19-98] Generation of the IP CORE failed.
ERROR: [BD 41-1030] Generation failed for the IP Integrator block cyclic_gen_0 
ERROR: [Common 17-680] Path length exceeds 260-Byte maximum allowed by Windows: d:/FPGA/Vivaldo Project/PUCCH-FORMAT-0/pucch0/pucch0.srcs/sources_1/bd/pucch0/ip/pucch0_cyclic_gen_0_1/cyclic_shift.srcs/sources_1/ip/ba_se_0/base_seq.srcs/sources_1/ip/modulo_30_2/modulo_n.srcs/sources_1/ip/modulo30_mult_gen_1/hdl/xbip_bram18k_v3_0_vh_rfs.vhd
Please consider using the OS subst command to shorten the path length by mapping part of the path to a virtual drive letter. See Answer Record AR52787 for more information.
Resolution: In Windows 7 or later, the mklink command can also be used to create a symbolic link and shorten the path.
ERROR: [BD 41-1030] Generation failed for the IP Integrator block cyclic_gen_1 
ERROR: [IP_Flow 19-98] Generation of the IP CORE failed.
ERROR: [BD 41-1030] Generation failed for the IP Integrator block rx_duplication_0 
ERROR: [IP_Flow 19-98] Generation of the IP CORE failed.
ERROR: [BD 41-1030] Generation failed for the IP Integrator block combine_rx_sym_0 
ERROR: [IP_Flow 19-98] Generation of the IP CORE failed.
ERROR: [BD 41-1030] Generation failed for the IP Integrator block sync_cyclic_0 
ERROR: [IP_Flow 19-98] Generation of the IP CORE failed.
ERROR: [BD 41-1030] Generation failed for the IP Integrator block ofdm_demodulation_v2_0 
ERROR: [IP_Flow 19-98] Generation of the IP CORE failed.
ERROR: [BD 41-1030] Generation failed for the IP Integrator block cyclic_gen_0 
ERROR: [Common 17-680] Path length exceeds 260-Byte maximum allowed by Windows: d:/FPGA/Vivaldo Project/PUCCH-FORMAT-0/pucch0/pucch0.srcs/sources_1/bd/pucch0/ip/pucch0_cyclic_gen_0_1/cyclic_shift.srcs/sources_1/ip/ba_se_0/base_seq.srcs/sources_1/ip/modulo_30_2/modulo_n.srcs/sources_1/ip/modulo30_mult_gen_1/hdl/xbip_bram18k_v3_0_vh_rfs.vhd
Please consider using the OS subst command to shorten the path length by mapping part of the path to a virtual drive letter. See Answer Record AR52787 for more information.
Resolution: In Windows 7 or later, the mklink command can also be used to create a symbolic link and shorten the path.
ERROR: [BD 41-1030] Generation failed for the IP Integrator block cyclic_gen_1 
ERROR: [IP_Flow 19-98] Generation of the IP CORE failed.
ERROR: [BD 41-1030] Generation failed for the IP Integrator block rx_duplication_0 
ERROR: [IP_Flow 19-98] Generation of the IP CORE failed.
ERROR: [BD 41-1030] Generation failed for the IP Integrator block combine_rx_sym_0 
ERROR: [IP_Flow 19-98] Generation of the IP CORE failed.
ERROR: [BD 41-1030] Generation failed for the IP Integrator block sync_cyclic_0 
ERROR: [IP_Flow 19-98] Generation of the IP CORE failed.
ERROR: [BD 41-1030] Generation failed for the IP Integrator block ofdm_demodulation_v2_0 
ERROR: [IP_Flow 19-98] Generation of the IP CORE failed.
ERROR: [BD 41-1030] Generation failed for the IP Integrator block cyclic_gen_0 
ERROR: [Common 17-680] Path length exceeds 260-Byte maximum allowed by Windows: d:/FPGA/Vivaldo Project/PUCCH-FORMAT-0/pucch0/pucch0.srcs/sources_1/bd/pucch0/ip/pucch0_cyclic_gen_0_1/cyclic_shift.srcs/sources_1/ip/ba_se_0/base_seq.srcs/sources_1/ip/modulo_30_2/modulo_n.srcs/sources_1/ip/modulo30_mult_gen_1/hdl/xbip_bram18k_v3_0_vh_rfs.vhd
Please consider using the OS subst command to shorten the path length by mapping part of the path to a virtual drive letter. See Answer Record AR52787 for more information.
Resolution: In Windows 7 or later, the mklink command can also be used to create a symbolic link and shorten the path.
ERROR: [BD 41-1030] Generation failed for the IP Integrator block cyclic_gen_1 
ERROR: [IP_Flow 19-98] Generation of the IP CORE failed.
ERROR: [BD 41-1030] Generation failed for the IP Integrator block rx_duplication_0 
ERROR: [IP_Flow 19-98] Generation of the IP CORE failed.
ERROR: [BD 41-1030] Generation failed for the IP Integrator block combine_rx_sym_0 
ERROR: [IP_Flow 19-98] Generation of the IP CORE failed.
ERROR: [BD 41-1030] Generation failed for the IP Integrator block sync_cyclic_0 
ERROR: [IP_Flow 19-98] Generation of the IP CORE failed.
ERROR: [BD 41-1030] Generation failed for the IP Integrator block ofdm_demodulation_v2_0 
INFO: [Common 17-14] Message 'BD 41-1030' appears 100 times and further instances of the messages will be disabled. Use the Tcl command set_msg_config to change the current settings.
ERROR: [IP_Flow 19-98] Generation of the IP CORE failed.
ERROR: [Common 17-680] Path length exceeds 260-Byte maximum allowed by Windows: d:/FPGA/Vivaldo Project/PUCCH-FORMAT-0/pucch0/pucch0.srcs/sources_1/bd/pucch0/ip/pucch0_cyclic_gen_0_1/cyclic_shift.srcs/sources_1/ip/ba_se_0/base_seq.srcs/sources_1/ip/modulo_30_2/modulo_n.srcs/sources_1/ip/modulo30_mult_gen_1/hdl/xbip_bram18k_v3_0_vh_rfs.vhd
Please consider using the OS subst command to shorten the path length by mapping part of the path to a virtual drive letter. See Answer Record AR52787 for more information.
Resolution: In Windows 7 or later, the mklink command can also be used to create a symbolic link and shorten the path.
ERROR: [IP_Flow 19-98] Generation of the IP CORE failed.
ERROR: [IP_Flow 19-98] Generation of the IP CORE failed.
ERROR: [IP_Flow 19-98] Generation of the IP CORE failed.
ERROR: [IP_Flow 19-98] Generation of the IP CORE failed.
ERROR: [IP_Flow 19-98] Generation of the IP CORE failed.
ERROR: [Common 17-680] Path length exceeds 260-Byte maximum allowed by Windows: d:/FPGA/Vivaldo Project/PUCCH-FORMAT-0/pucch0/pucch0.srcs/sources_1/bd/pucch0/ip/pucch0_cyclic_gen_0_1/cyclic_shift.srcs/sources_1/ip/ba_se_0/base_seq.srcs/sources_1/ip/modulo_30_2/modulo_n.srcs/sources_1/ip/modulo30_mult_gen_1/hdl/xbip_bram18k_v3_0_vh_rfs.vhd
Please consider using the OS subst command to shorten the path length by mapping part of the path to a virtual drive letter. See Answer Record AR52787 for more information.
Resolution: In Windows 7 or later, the mklink command can also be used to create a symbolic link and shorten the path.
generate_target: Time (s): cpu = 00:00:23 ; elapsed = 00:00:32 . Memory (MB): peak = 2466.973 ; gain = 8.176
ERROR: [Common 17-39] 'generate_target' failed due to earlier errors.
report_ip_status -name ip_status 
update_ip_catalog -rebuild
INFO: [IP_Flow 19-234] Refreshing IP repositories
INFO: [IP_Flow 19-1700] Loaded user IP repository 'd:/FPGA/Vivaldo Project/PUCCH-FORMAT-0'.
WARNING: [IP_Flow 19-3656] If you move the project, the path for repository 'd:/FPGA/Vivaldo Project/PUCCH-FORMAT-0' may become invalid. A better location for the repository would be in a path adjacent to the project. (Current project location is 'd:/FPGA/Vivaldo Project/PUCCH-FORMAT-0/pucch0'.)
WARNING: [IP_Flow 19-1663] Duplicate IP found for 'xilinx.com:user:ctr_fft:1.0'. The one found in IP location 'd:/FPGA/Vivaldo Project/PUCCH-FORMAT-0/all_sub_ips/ctr_pre_fft' will take precedence over the same IP in location d:/FPGA/Vivaldo Project/PUCCH-FORMAT-0/ofdm_demodulation/OFDM_Demodulation_v0/ctr_ofdm/ctr_ofdm
report_ip_status -name ip_status 
upgrade_ip -vlnv xilinx.com:user:cyclic_gen:1.0 [get_ips  pucch0_cyclic_gen_0_1] -log ip_upgrade.log
Upgrading 'D:/FPGA/Vivaldo Project/PUCCH-FORMAT-0/pucch0/pucch0.srcs/sources_1/bd/pucch0/pucch0.bd'
INFO: [IP_Flow 19-1972] Upgraded pucch0_cyclic_gen_0_1 from cyclic_gen_v1_0 1.0 to cyclic_gen_v1_0 1.0
WARNING: [BD 41-1731] Type mismatch between connected pins: /clk(clk) and /cyclic_gen_1_upgraded_ipi/clk(undef)
WARNING: [BD 41-1731] Type mismatch between connected pins: /rst(rst) and /cyclic_gen_1_upgraded_ipi/rst(undef)
Wrote  : <D:\FPGA\Vivaldo Project\PUCCH-FORMAT-0\pucch0\pucch0.srcs\sources_1\bd\pucch0\pucch0.bd> 
Wrote  : <D:/FPGA/Vivaldo Project/PUCCH-FORMAT-0/pucch0/pucch0.srcs/sources_1/bd/pucch0/ui/bd_f85decd.ui> 
INFO: [Coretcl 2-1525] Wrote upgrade log to 'D:/FPGA/Vivaldo Project/PUCCH-FORMAT-0/pucch0/ip_upgrade.log'.
export_ip_user_files -of_objects [get_ips pucch0_cyclic_gen_0_1] -no_script -sync -force -quiet
generate_target all [get_files  {{D:/FPGA/Vivaldo Project/PUCCH-FORMAT-0/pucch0/pucch0.srcs/sources_1/bd/pucch0/pucch0.bd}}]
CRITICAL WARNING: [BD 41-759] The input pins (listed below) are either not connected or do not have a source port, and they don't have a tie-off specified. These pins are tied-off to all 0's to avoid error in Implementation flow.
Please check your design and connect them as needed: 
/combine_rx_sym_0/in_sqrt
/correlation_0/resourcesetresourceset

Wrote  : <D:\FPGA\Vivaldo Project\PUCCH-FORMAT-0\pucch0\pucch0.srcs\sources_1\bd\pucch0\pucch0.bd> 
CRITICAL WARNING: [BD 41-1228] Width mismatch when connecting input pin '/demapping_0/uci_slot'(5) to net 'slot_ind_1'(8) - Only lower order bits will be connected, and other input bits of this pin will be left unconnected.
CRITICAL WARNING: [BD 41-1228] Width mismatch when connecting input pin '/cyclic_gen_0/uci_slot'(5) to net 'slot_ind_1'(8) - Only lower order bits will be connected, and other input bits of this pin will be left unconnected.
CRITICAL WARNING: [BD 41-1228] Width mismatch when connecting input pin '/cyclic_gen_1/uci_slot'(5) to net 'slot_ind_1'(8) - Only lower order bits will be connected, and other input bits of this pin will be left unconnected.
CRITICAL WARNING: [BD 41-1228] Width mismatch when connecting input pin '/demapping_0/uci_first_symbol_idx'(4) to net 'layer2_parameter_0_uci_frist_symbol'(8) - Only lower order bits will be connected, and other input bits of this pin will be left unconnected.
CRITICAL WARNING: [BD 41-1228] Width mismatch when connecting input pin '/cyclic_gen_0/uci_first_symbol'(4) to net 'layer2_parameter_0_uci_frist_symbol'(8) - Only lower order bits will be connected, and other input bits of this pin will be left unconnected.
CRITICAL WARNING: [BD 41-1228] Width mismatch when connecting input pin '/cyclic_gen_1/uci_first_symbol'(4) to net 'layer2_parameter_0_uci_frist_symbol'(8) - Only lower order bits will be connected, and other input bits of this pin will be left unconnected.
CRITICAL WARNING: [BD 41-1228] Width mismatch when connecting input pin '/demapping_0/uci_nsymbols'(2) to net 'layer2_parameter_0_uci_symbol'(8) - Only lower order bits will be connected, and other input bits of this pin will be left unconnected.
CRITICAL WARNING: [BD 41-1228] Width mismatch when connecting input pin '/demapping_0/uci_prbsoffset'(2) to net 'layer2_parameter_0_uci_pbr_offset'(16) - Only lower order bits will be connected, and other input bits of this pin will be left unconnected.
CRITICAL WARNING: [BD 41-1228] Width mismatch when connecting input pin '/demapping_0/uci_secondhop_prb'(10) to net 'layer2_parameter_0_uci_second_prb'(16) - Only lower order bits will be connected, and other input bits of this pin will be left unconnected.
CRITICAL WARNING: [BD 41-1228] Width mismatch when connecting input pin '/cyclic_gen_0/uci_nID'(11) to net 'layer2_parameter_0_uci_nid'(16) - Only lower order bits will be connected, and other input bits of this pin will be left unconnected.
CRITICAL WARNING: [BD 41-1228] Width mismatch when connecting input pin '/cyclic_gen_1/uci_nID'(11) to net 'layer2_parameter_0_uci_nid'(16) - Only lower order bits will be connected, and other input bits of this pin will be left unconnected.
CRITICAL WARNING: [BD 41-1228] Width mismatch when connecting input pin '/cyclic_gen_0/uci_m0'(4) to net 'layer2_parameter_0_uci_m0'(16) - Only lower order bits will be connected, and other input bits of this pin will be left unconnected.
CRITICAL WARNING: [BD 41-1228] Width mismatch when connecting input pin '/cyclic_gen_1/uci_m0'(4) to net 'layer2_parameter_0_uci_m0'(16) - Only lower order bits will be connected, and other input bits of this pin will be left unconnected.
CRITICAL WARNING: [BD 41-1228] Width mismatch when connecting input pin '/peak_search_0/uci_ack'(2) to net 'layer2_parameter_0_uci_ack'(16) - Only lower order bits will be connected, and other input bits of this pin will be left unconnected.
CRITICAL WARNING: [BD 41-1228] Width mismatch when connecting input pin '/cyclic_gen_0/uci_ack'(2) to net 'layer2_parameter_0_uci_ack'(16) - Only lower order bits will be connected, and other input bits of this pin will be left unconnected.
CRITICAL WARNING: [BD 41-1228] Width mismatch when connecting input pin '/cyclic_gen_1/uci_ack'(2) to net 'layer2_parameter_0_uci_ack'(16) - Only lower order bits will be connected, and other input bits of this pin will be left unconnected.
CRITICAL WARNING: [BD 41-1228] Width mismatch when connecting input pin '/cyclic_gen_0/uci_grouphopping'(2) to net 'group_hopping_1'(8) - Only lower order bits will be connected, and other input bits of this pin will be left unconnected.
CRITICAL WARNING: [BD 41-1228] Width mismatch when connecting input pin '/cyclic_gen_1/uci_grouphopping'(2) to net 'group_hopping_1'(8) - Only lower order bits will be connected, and other input bits of this pin will be left unconnected.
CRITICAL WARNING: [BD 41-1228] Width mismatch when connecting input pin '/ofdm_demodulation_v2_0/scale_factor'(4) to net 'xlconstant_2_dout'(3) - Only lower order bits will be connected, and other input bits of this pin will be left unconnected.
CRITICAL WARNING: [BD 41-1228] Width mismatch when connecting input pin '/ofdm_demodulation_v2_0/ant_input'(32) to net 'xlslice_0_Dout'(16) - Only lower order bits will be connected, and other input bits of this pin will be left unconnected.
VHDL Output written to : D:/FPGA/Vivaldo Project/PUCCH-FORMAT-0/pucch0/pucch0.srcs/sources_1/bd/pucch0/synth/pucch0.v
CRITICAL WARNING: [BD 41-1228] Width mismatch when connecting input pin '/demapping_0/uci_slot'(5) to net 'slot_ind_1'(8) - Only lower order bits will be connected, and other input bits of this pin will be left unconnected.
CRITICAL WARNING: [BD 41-1228] Width mismatch when connecting input pin '/cyclic_gen_0/uci_slot'(5) to net 'slot_ind_1'(8) - Only lower order bits will be connected, and other input bits of this pin will be left unconnected.
CRITICAL WARNING: [BD 41-1228] Width mismatch when connecting input pin '/cyclic_gen_1/uci_slot'(5) to net 'slot_ind_1'(8) - Only lower order bits will be connected, and other input bits of this pin will be left unconnected.
CRITICAL WARNING: [BD 41-1228] Width mismatch when connecting input pin '/demapping_0/uci_first_symbol_idx'(4) to net 'layer2_parameter_0_uci_frist_symbol'(8) - Only lower order bits will be connected, and other input bits of this pin will be left unconnected.
CRITICAL WARNING: [BD 41-1228] Width mismatch when connecting input pin '/cyclic_gen_0/uci_first_symbol'(4) to net 'layer2_parameter_0_uci_frist_symbol'(8) - Only lower order bits will be connected, and other input bits of this pin will be left unconnected.
CRITICAL WARNING: [BD 41-1228] Width mismatch when connecting input pin '/cyclic_gen_1/uci_first_symbol'(4) to net 'layer2_parameter_0_uci_frist_symbol'(8) - Only lower order bits will be connected, and other input bits of this pin will be left unconnected.
CRITICAL WARNING: [BD 41-1228] Width mismatch when connecting input pin '/demapping_0/uci_nsymbols'(2) to net 'layer2_parameter_0_uci_symbol'(8) - Only lower order bits will be connected, and other input bits of this pin will be left unconnected.
CRITICAL WARNING: [BD 41-1228] Width mismatch when connecting input pin '/demapping_0/uci_prbsoffset'(2) to net 'layer2_parameter_0_uci_pbr_offset'(16) - Only lower order bits will be connected, and other input bits of this pin will be left unconnected.
CRITICAL WARNING: [BD 41-1228] Width mismatch when connecting input pin '/demapping_0/uci_secondhop_prb'(10) to net 'layer2_parameter_0_uci_second_prb'(16) - Only lower order bits will be connected, and other input bits of this pin will be left unconnected.
CRITICAL WARNING: [BD 41-1228] Width mismatch when connecting input pin '/cyclic_gen_0/uci_nID'(11) to net 'layer2_parameter_0_uci_nid'(16) - Only lower order bits will be connected, and other input bits of this pin will be left unconnected.
CRITICAL WARNING: [BD 41-1228] Width mismatch when connecting input pin '/cyclic_gen_1/uci_nID'(11) to net 'layer2_parameter_0_uci_nid'(16) - Only lower order bits will be connected, and other input bits of this pin will be left unconnected.
CRITICAL WARNING: [BD 41-1228] Width mismatch when connecting input pin '/cyclic_gen_0/uci_m0'(4) to net 'layer2_parameter_0_uci_m0'(16) - Only lower order bits will be connected, and other input bits of this pin will be left unconnected.
CRITICAL WARNING: [BD 41-1228] Width mismatch when connecting input pin '/cyclic_gen_1/uci_m0'(4) to net 'layer2_parameter_0_uci_m0'(16) - Only lower order bits will be connected, and other input bits of this pin will be left unconnected.
CRITICAL WARNING: [BD 41-1228] Width mismatch when connecting input pin '/peak_search_0/uci_ack'(2) to net 'layer2_parameter_0_uci_ack'(16) - Only lower order bits will be connected, and other input bits of this pin will be left unconnected.
CRITICAL WARNING: [BD 41-1228] Width mismatch when connecting input pin '/cyclic_gen_0/uci_ack'(2) to net 'layer2_parameter_0_uci_ack'(16) - Only lower order bits will be connected, and other input bits of this pin will be left unconnected.
CRITICAL WARNING: [BD 41-1228] Width mismatch when connecting input pin '/cyclic_gen_1/uci_ack'(2) to net 'layer2_parameter_0_uci_ack'(16) - Only lower order bits will be connected, and other input bits of this pin will be left unconnected.
CRITICAL WARNING: [BD 41-1228] Width mismatch when connecting input pin '/cyclic_gen_0/uci_grouphopping'(2) to net 'group_hopping_1'(8) - Only lower order bits will be connected, and other input bits of this pin will be left unconnected.
CRITICAL WARNING: [BD 41-1228] Width mismatch when connecting input pin '/cyclic_gen_1/uci_grouphopping'(2) to net 'group_hopping_1'(8) - Only lower order bits will be connected, and other input bits of this pin will be left unconnected.
CRITICAL WARNING: [BD 41-1228] Width mismatch when connecting input pin '/ofdm_demodulation_v2_0/scale_factor'(4) to net 'xlconstant_2_dout'(3) - Only lower order bits will be connected, and other input bits of this pin will be left unconnected.
CRITICAL WARNING: [BD 41-1228] Width mismatch when connecting input pin '/ofdm_demodulation_v2_0/ant_input'(32) to net 'xlslice_0_Dout'(16) - Only lower order bits will be connected, and other input bits of this pin will be left unconnected.
VHDL Output written to : D:/FPGA/Vivaldo Project/PUCCH-FORMAT-0/pucch0/pucch0.srcs/sources_1/bd/pucch0/sim/pucch0.v
VHDL Output written to : D:/FPGA/Vivaldo Project/PUCCH-FORMAT-0/pucch0/pucch0.srcs/sources_1/bd/pucch0/hdl/pucch0_wrapper.v
ERROR: [IP_Flow 19-98] Generation of the IP CORE failed.
ERROR: [IP_Flow 19-98] Generation of the IP CORE failed.
ERROR: [IP_Flow 19-98] Generation of the IP CORE failed.
ERROR: [IP_Flow 19-98] Generation of the IP CORE failed.
ERROR: [IP_Flow 19-98] Generation of the IP CORE failed.
INFO: [IP_Flow 19-3422] Upgraded scramble_sequence_8bits_0 (scramble_sequence_8bits_v1_0 1.0) from revision 4 to revision 2
INFO: [IP_Flow 19-3422] Upgraded phi_matrix_0 (phi_matrix_v1_0 1.0) from revision 3 to revision 2
INFO: [IP_Flow 19-3422] Upgraded modulo_30_2 (modulo_30_v1_0 1.0) from revision 2 to revision 3
INFO: [IP_Flow 19-3422] Upgraded modulo_30_1 (modulo_30_v1_0 1.0) from revision 2 to revision 3
INFO: [IP_Flow 19-3422] Upgraded modulo_30_0 (modulo_30_v1_0 1.0) from revision 2 to revision 3
Exporting to file D:/FPGA/Vivaldo Project/PUCCH-FORMAT-0/pucch0/pucch0.srcs/sources_1/bd/pucch0/hw_handoff/pucch0.hwh
Generated Block Design Tcl file D:/FPGA/Vivaldo Project/PUCCH-FORMAT-0/pucch0/pucch0.srcs/sources_1/bd/pucch0/hw_handoff/pucch0_bd.tcl
Generated Hardware Definition File D:/FPGA/Vivaldo Project/PUCCH-FORMAT-0/pucch0/pucch0.srcs/sources_1/bd/pucch0/synth/pucch0.hwdef
generate_target: Time (s): cpu = 00:00:06 ; elapsed = 00:00:07 . Memory (MB): peak = 2639.160 ; gain = 6.625
ERROR: [Common 17-39] 'generate_target' failed due to earlier errors.
report_ip_status -name ip_status 
reset_target all [get_files  {{D:/FPGA/Vivaldo Project/PUCCH-FORMAT-0/pucch0/pucch0.srcs/sources_1/bd/pucch0/pucch0.bd}}]
export_ip_user_files -of_objects  [get_files  {{D:/FPGA/Vivaldo Project/PUCCH-FORMAT-0/pucch0/pucch0.srcs/sources_1/bd/pucch0/pucch0.bd}}] -sync -no_script -force -quiet
generate_target all [get_files  {{D:/FPGA/Vivaldo Project/PUCCH-FORMAT-0/pucch0/pucch0.srcs/sources_1/bd/pucch0/pucch0.bd}}]
INFO: [BD 41-1662] The design 'pucch0.bd' is already validated. Therefore parameter propagation will not be re-run.
CRITICAL WARNING: [BD 41-759] The input pins (listed below) are either not connected or do not have a source port, and they don't have a tie-off specified. These pins are tied-off to all 0's to avoid error in Implementation flow.
Please check your design and connect them as needed: 
/combine_rx_sym_0/in_sqrt
/correlation_0/resourcesetresourceset

Wrote  : <D:\FPGA\Vivaldo Project\PUCCH-FORMAT-0\pucch0\pucch0.srcs\sources_1\bd\pucch0\pucch0.bd> 
CRITICAL WARNING: [BD 41-1228] Width mismatch when connecting input pin '/demapping_0/uci_slot'(5) to net 'slot_ind_1'(8) - Only lower order bits will be connected, and other input bits of this pin will be left unconnected.
CRITICAL WARNING: [BD 41-1228] Width mismatch when connecting input pin '/cyclic_gen_0/uci_slot'(5) to net 'slot_ind_1'(8) - Only lower order bits will be connected, and other input bits of this pin will be left unconnected.
CRITICAL WARNING: [BD 41-1228] Width mismatch when connecting input pin '/cyclic_gen_1/uci_slot'(5) to net 'slot_ind_1'(8) - Only lower order bits will be connected, and other input bits of this pin will be left unconnected.
CRITICAL WARNING: [BD 41-1228] Width mismatch when connecting input pin '/demapping_0/uci_first_symbol_idx'(4) to net 'layer2_parameter_0_uci_frist_symbol'(8) - Only lower order bits will be connected, and other input bits of this pin will be left unconnected.
CRITICAL WARNING: [BD 41-1228] Width mismatch when connecting input pin '/cyclic_gen_0/uci_first_symbol'(4) to net 'layer2_parameter_0_uci_frist_symbol'(8) - Only lower order bits will be connected, and other input bits of this pin will be left unconnected.
CRITICAL WARNING: [BD 41-1228] Width mismatch when connecting input pin '/cyclic_gen_1/uci_first_symbol'(4) to net 'layer2_parameter_0_uci_frist_symbol'(8) - Only lower order bits will be connected, and other input bits of this pin will be left unconnected.
CRITICAL WARNING: [BD 41-1228] Width mismatch when connecting input pin '/demapping_0/uci_nsymbols'(2) to net 'layer2_parameter_0_uci_symbol'(8) - Only lower order bits will be connected, and other input bits of this pin will be left unconnected.
CRITICAL WARNING: [BD 41-1228] Width mismatch when connecting input pin '/demapping_0/uci_prbsoffset'(2) to net 'layer2_parameter_0_uci_pbr_offset'(16) - Only lower order bits will be connected, and other input bits of this pin will be left unconnected.
CRITICAL WARNING: [BD 41-1228] Width mismatch when connecting input pin '/demapping_0/uci_secondhop_prb'(10) to net 'layer2_parameter_0_uci_second_prb'(16) - Only lower order bits will be connected, and other input bits of this pin will be left unconnected.
CRITICAL WARNING: [BD 41-1228] Width mismatch when connecting input pin '/cyclic_gen_0/uci_nID'(11) to net 'layer2_parameter_0_uci_nid'(16) - Only lower order bits will be connected, and other input bits of this pin will be left unconnected.
CRITICAL WARNING: [BD 41-1228] Width mismatch when connecting input pin '/cyclic_gen_1/uci_nID'(11) to net 'layer2_parameter_0_uci_nid'(16) - Only lower order bits will be connected, and other input bits of this pin will be left unconnected.
CRITICAL WARNING: [BD 41-1228] Width mismatch when connecting input pin '/cyclic_gen_0/uci_m0'(4) to net 'layer2_parameter_0_uci_m0'(16) - Only lower order bits will be connected, and other input bits of this pin will be left unconnected.
CRITICAL WARNING: [BD 41-1228] Width mismatch when connecting input pin '/cyclic_gen_1/uci_m0'(4) to net 'layer2_parameter_0_uci_m0'(16) - Only lower order bits will be connected, and other input bits of this pin will be left unconnected.
CRITICAL WARNING: [BD 41-1228] Width mismatch when connecting input pin '/peak_search_0/uci_ack'(2) to net 'layer2_parameter_0_uci_ack'(16) - Only lower order bits will be connected, and other input bits of this pin will be left unconnected.
CRITICAL WARNING: [BD 41-1228] Width mismatch when connecting input pin '/cyclic_gen_0/uci_ack'(2) to net 'layer2_parameter_0_uci_ack'(16) - Only lower order bits will be connected, and other input bits of this pin will be left unconnected.
CRITICAL WARNING: [BD 41-1228] Width mismatch when connecting input pin '/cyclic_gen_1/uci_ack'(2) to net 'layer2_parameter_0_uci_ack'(16) - Only lower order bits will be connected, and other input bits of this pin will be left unconnected.
CRITICAL WARNING: [BD 41-1228] Width mismatch when connecting input pin '/cyclic_gen_0/uci_grouphopping'(2) to net 'group_hopping_1'(8) - Only lower order bits will be connected, and other input bits of this pin will be left unconnected.
CRITICAL WARNING: [BD 41-1228] Width mismatch when connecting input pin '/cyclic_gen_1/uci_grouphopping'(2) to net 'group_hopping_1'(8) - Only lower order bits will be connected, and other input bits of this pin will be left unconnected.
CRITICAL WARNING: [BD 41-1228] Width mismatch when connecting input pin '/ofdm_demodulation_v2_0/scale_factor'(4) to net 'xlconstant_2_dout'(3) - Only lower order bits will be connected, and other input bits of this pin will be left unconnected.
CRITICAL WARNING: [BD 41-1228] Width mismatch when connecting input pin '/ofdm_demodulation_v2_0/ant_input'(32) to net 'xlslice_0_Dout'(16) - Only lower order bits will be connected, and other input bits of this pin will be left unconnected.
VHDL Output written to : D:/FPGA/Vivaldo Project/PUCCH-FORMAT-0/pucch0/pucch0.srcs/sources_1/bd/pucch0/synth/pucch0.v
CRITICAL WARNING: [BD 41-1228] Width mismatch when connecting input pin '/demapping_0/uci_slot'(5) to net 'slot_ind_1'(8) - Only lower order bits will be connected, and other input bits of this pin will be left unconnected.
CRITICAL WARNING: [BD 41-1228] Width mismatch when connecting input pin '/cyclic_gen_0/uci_slot'(5) to net 'slot_ind_1'(8) - Only lower order bits will be connected, and other input bits of this pin will be left unconnected.
CRITICAL WARNING: [BD 41-1228] Width mismatch when connecting input pin '/cyclic_gen_1/uci_slot'(5) to net 'slot_ind_1'(8) - Only lower order bits will be connected, and other input bits of this pin will be left unconnected.
CRITICAL WARNING: [BD 41-1228] Width mismatch when connecting input pin '/demapping_0/uci_first_symbol_idx'(4) to net 'layer2_parameter_0_uci_frist_symbol'(8) - Only lower order bits will be connected, and other input bits of this pin will be left unconnected.
CRITICAL WARNING: [BD 41-1228] Width mismatch when connecting input pin '/cyclic_gen_0/uci_first_symbol'(4) to net 'layer2_parameter_0_uci_frist_symbol'(8) - Only lower order bits will be connected, and other input bits of this pin will be left unconnected.
CRITICAL WARNING: [BD 41-1228] Width mismatch when connecting input pin '/cyclic_gen_1/uci_first_symbol'(4) to net 'layer2_parameter_0_uci_frist_symbol'(8) - Only lower order bits will be connected, and other input bits of this pin will be left unconnected.
CRITICAL WARNING: [BD 41-1228] Width mismatch when connecting input pin '/demapping_0/uci_nsymbols'(2) to net 'layer2_parameter_0_uci_symbol'(8) - Only lower order bits will be connected, and other input bits of this pin will be left unconnected.
CRITICAL WARNING: [BD 41-1228] Width mismatch when connecting input pin '/demapping_0/uci_prbsoffset'(2) to net 'layer2_parameter_0_uci_pbr_offset'(16) - Only lower order bits will be connected, and other input bits of this pin will be left unconnected.
CRITICAL WARNING: [BD 41-1228] Width mismatch when connecting input pin '/demapping_0/uci_secondhop_prb'(10) to net 'layer2_parameter_0_uci_second_prb'(16) - Only lower order bits will be connected, and other input bits of this pin will be left unconnected.
CRITICAL WARNING: [BD 41-1228] Width mismatch when connecting input pin '/cyclic_gen_0/uci_nID'(11) to net 'layer2_parameter_0_uci_nid'(16) - Only lower order bits will be connected, and other input bits of this pin will be left unconnected.
CRITICAL WARNING: [BD 41-1228] Width mismatch when connecting input pin '/cyclic_gen_1/uci_nID'(11) to net 'layer2_parameter_0_uci_nid'(16) - Only lower order bits will be connected, and other input bits of this pin will be left unconnected.
CRITICAL WARNING: [BD 41-1228] Width mismatch when connecting input pin '/cyclic_gen_0/uci_m0'(4) to net 'layer2_parameter_0_uci_m0'(16) - Only lower order bits will be connected, and other input bits of this pin will be left unconnected.
CRITICAL WARNING: [BD 41-1228] Width mismatch when connecting input pin '/cyclic_gen_1/uci_m0'(4) to net 'layer2_parameter_0_uci_m0'(16) - Only lower order bits will be connected, and other input bits of this pin will be left unconnected.
CRITICAL WARNING: [BD 41-1228] Width mismatch when connecting input pin '/peak_search_0/uci_ack'(2) to net 'layer2_parameter_0_uci_ack'(16) - Only lower order bits will be connected, and other input bits of this pin will be left unconnected.
CRITICAL WARNING: [BD 41-1228] Width mismatch when connecting input pin '/cyclic_gen_0/uci_ack'(2) to net 'layer2_parameter_0_uci_ack'(16) - Only lower order bits will be connected, and other input bits of this pin will be left unconnected.
CRITICAL WARNING: [BD 41-1228] Width mismatch when connecting input pin '/cyclic_gen_1/uci_ack'(2) to net 'layer2_parameter_0_uci_ack'(16) - Only lower order bits will be connected, and other input bits of this pin will be left unconnected.
CRITICAL WARNING: [BD 41-1228] Width mismatch when connecting input pin '/cyclic_gen_0/uci_grouphopping'(2) to net 'group_hopping_1'(8) - Only lower order bits will be connected, and other input bits of this pin will be left unconnected.
CRITICAL WARNING: [BD 41-1228] Width mismatch when connecting input pin '/cyclic_gen_1/uci_grouphopping'(2) to net 'group_hopping_1'(8) - Only lower order bits will be connected, and other input bits of this pin will be left unconnected.
CRITICAL WARNING: [BD 41-1228] Width mismatch when connecting input pin '/ofdm_demodulation_v2_0/scale_factor'(4) to net 'xlconstant_2_dout'(3) - Only lower order bits will be connected, and other input bits of this pin will be left unconnected.
CRITICAL WARNING: [BD 41-1228] Width mismatch when connecting input pin '/ofdm_demodulation_v2_0/ant_input'(32) to net 'xlslice_0_Dout'(16) - Only lower order bits will be connected, and other input bits of this pin will be left unconnected.
VHDL Output written to : D:/FPGA/Vivaldo Project/PUCCH-FORMAT-0/pucch0/pucch0.srcs/sources_1/bd/pucch0/sim/pucch0.v
VHDL Output written to : D:/FPGA/Vivaldo Project/PUCCH-FORMAT-0/pucch0/pucch0.srcs/sources_1/bd/pucch0/hdl/pucch0_wrapper.v
INFO: [BD 41-1029] Generation completed for the IP Integrator block physical_control_0 .
INFO: [BD 41-1029] Generation completed for the IP Integrator block demapping_0 .
CRITICAL WARNING: [IP_Flow 19-193] Failed to save BOM file 'd:/FPGA/Vivaldo Project/PUCCH-FORMAT-0/pucch0/pucch0.srcs/sources_1/bd/pucch0/ip/pucch0_rx_duplication_0_0/rx_duplication.srcs/sources_1/ip/rx_dup_mem_1/rx_dup_mem_1.xml'.
CRITICAL WARNING: [IP_Flow 19-194] Failed to save IP instance 'rx_dup_mem_1'.
CRITICAL WARNING: [IP_Flow 19-193] Failed to save BOM file 'd:/FPGA/Vivaldo Project/PUCCH-FORMAT-0/pucch0/pucch0.srcs/sources_1/bd/pucch0/ip/pucch0_rx_duplication_0_0/rx_duplication.srcs/sources_1/ip/rx_dup_mem_1/rx_dup_mem_1.xml'.
CRITICAL WARNING: [IP_Flow 19-194] Failed to save IP instance 'rx_dup_mem_1'.
ERROR: [IP_Flow 19-98] Generation of the IP CORE failed.
ERROR: [BD 41-1030] Generation failed for the IP Integrator block rx_duplication_0 
CRITICAL WARNING: [IP_Flow 19-193] Failed to save BOM file 'd:/FPGA/Vivaldo Project/PUCCH-FORMAT-0/pucch0/pucch0.srcs/sources_1/bd/pucch0/ip/pucch0_correlation_0_0/correlation.srcs/sources_1/ip/correlation_cordic_0/correlation_cordic_0.xml'.
CRITICAL WARNING: [IP_Flow 19-194] Failed to save IP instance 'correlation_cordic_0'.
CRITICAL WARNING: [IP_Flow 19-193] Failed to save BOM file 'd:/FPGA/Vivaldo Project/PUCCH-FORMAT-0/pucch0/pucch0.srcs/sources_1/bd/pucch0/ip/pucch0_correlation_0_0/correlation.srcs/sources_1/ip/correlation_cordic_0/correlation_cordic_0.xml'.
CRITICAL WARNING: [IP_Flow 19-194] Failed to save IP instance 'correlation_cordic_0'.
ERROR: [IP_Flow 19-98] Generation of the IP CORE failed.
ERROR: [BD 41-1030] Generation failed for the IP Integrator block correlation_0 
CRITICAL WARNING: [IP_Flow 19-193] Failed to save BOM file 'd:/FPGA/Vivaldo Project/PUCCH-FORMAT-0/pucch0/pucch0.srcs/sources_1/bd/pucch0/ip/pucch0_combine_rx_sym_0_0/combine_rx_sym.srcs/sources_1/ip/combine_fifo_generator_0/combine_fifo_generator_0.xml'.
CRITICAL WARNING: [IP_Flow 19-194] Failed to save IP instance 'combine_fifo_generator_0'.
CRITICAL WARNING: [IP_Flow 19-193] Failed to save BOM file 'd:/FPGA/Vivaldo Project/PUCCH-FORMAT-0/pucch0/pucch0.srcs/sources_1/bd/pucch0/ip/pucch0_combine_rx_sym_0_0/combine_rx_sym.srcs/sources_1/ip/combine_fifo_generator_0/combine_fifo_generator_0.xml'.
CRITICAL WARNING: [IP_Flow 19-194] Failed to save IP instance 'combine_fifo_generator_0'.
ERROR: [IP_Flow 19-98] Generation of the IP CORE failed.
ERROR: [BD 41-1030] Generation failed for the IP Integrator block combine_rx_sym_0 
INFO: [BD 41-1029] Generation completed for the IP Integrator block peak_search_0 .
INFO: [BD 41-1029] Generation completed for the IP Integrator block frame_sync_0 .
INFO: [BD 41-1029] Generation completed for the IP Integrator block layer2_parameter_0 .
INFO: [BD 41-1029] Generation completed for the IP Integrator block xlconstant_0 .
INFO: [BD 41-1029] Generation completed for the IP Integrator block xlconstant_1 .
INFO: [IP_Flow 19-3420] Updated cycliic_fifo_0 to use current project options
INFO: [BD 41-1029] Generation completed for the IP Integrator block sync_cyclic_0 .
INFO: [BD 41-1029] Generation completed for the IP Integrator block frame_sync_1 .
INFO: [BD 41-1029] Generation completed for the IP Integrator block xlconcat_0 .
CRITICAL WARNING: [IP_Flow 19-4965] IP xfft_0 was packaged with board value 'xilinx.com:vcu108:part0:1.6'. Current project's board value is 'xilinx.com:vcu118:part0:2.3'. Please update the project settings to match the packaged IP.
INFO: [IP_Flow 19-3420] Updated xfft_0 to use current project options
CRITICAL WARNING: [IP_Flow 19-4965] IP ctr_fft_0 was packaged with board value 'xilinx.com:vcu108:part0:1.6'. Current project's board value is 'xilinx.com:vcu118:part0:2.3'. Please update the project settings to match the packaged IP.
INFO: [IP_Flow 19-3422] Upgraded ctr_fft_0 (ctr_fft_v1_0 1.0) from revision 16 to revision 2
INFO: [BD 41-1029] Generation completed for the IP Integrator block ofdm_demodulation_v2_0 .
INFO: [BD 41-1029] Generation completed for the IP Integrator block xlconstant_2 .
INFO: [BD 41-1029] Generation completed for the IP Integrator block xlslice_0 .
CRITICAL WARNING: [IP_Flow 19-193] Failed to save BOM file 'd:/FPGA/Vivaldo Project/PUCCH-FORMAT-0/pucch0/pucch0.srcs/sources_1/bd/pucch0/ip/pucch0_cyclic_gen_0_0/cyclic_shift.srcs/sources_1/ip/cyclic_cmpy_0/cyclic_cmpy_0.xml'.
CRITICAL WARNING: [IP_Flow 19-194] Failed to save IP instance 'cyclic_cmpy_0'.
CRITICAL WARNING: [IP_Flow 19-193] Failed to save BOM file 'd:/FPGA/Vivaldo Project/PUCCH-FORMAT-0/pucch0/pucch0.srcs/sources_1/bd/pucch0/ip/pucch0_cyclic_gen_0_0/cyclic_shift.srcs/sources_1/ip/cyclic_cmpy_0/cyclic_cmpy_0.xml'.
CRITICAL WARNING: [IP_Flow 19-194] Failed to save IP instance 'cyclic_cmpy_0'.
ERROR: [IP_Flow 19-98] Generation of the IP CORE failed.
ERROR: [BD 41-1030] Generation failed for the IP Integrator block cyclic_gen_0 
CRITICAL WARNING: [IP_Flow 19-193] Failed to save BOM file 'd:/FPGA/Vivaldo Project/PUCCH-FORMAT-0/pucch0/pucch0.srcs/sources_1/bd/pucch0/ip/pucch0_cyclic_gen_0_1/cyclic_shift.srcs/sources_1/ip/cyc_phase_gen_0/phase_gen.srcs/sources_1/ip/scramble_sequence_8bits_0/scramble_sequence_8bits_0.xml'.
CRITICAL WARNING: [IP_Flow 19-194] Failed to save IP instance 'scramble_sequence_8bits_0'.
CRITICAL WARNING: [IP_Flow 19-193] Failed to save BOM file 'd:/FPGA/Vivaldo Project/PUCCH-FORMAT-0/pucch0/pucch0.srcs/sources_1/bd/pucch0/ip/pucch0_cyclic_gen_0_1/cyclic_shift.srcs/sources_1/ip/cyc_phase_gen_0/phase_gen.srcs/sources_1/ip/scramble_sequence_8bits_0/scramble_sequence_8bits_0.xml'.
CRITICAL WARNING: [IP_Flow 19-194] Failed to save IP instance 'scramble_sequence_8bits_0'.
ERROR: [IP_Flow 19-98] Generation of the IP CORE failed.
ERROR: [BD 41-1030] Generation failed for the IP Integrator block cyclic_gen_1 
Exporting to file D:/FPGA/Vivaldo Project/PUCCH-FORMAT-0/pucch0/pucch0.srcs/sources_1/bd/pucch0/hw_handoff/pucch0.hwh
Generated Block Design Tcl file D:/FPGA/Vivaldo Project/PUCCH-FORMAT-0/pucch0/pucch0.srcs/sources_1/bd/pucch0/hw_handoff/pucch0_bd.tcl
Generated Hardware Definition File D:/FPGA/Vivaldo Project/PUCCH-FORMAT-0/pucch0/pucch0.srcs/sources_1/bd/pucch0/synth/pucch0.hwdef
generate_target: Time (s): cpu = 00:00:17 ; elapsed = 00:00:17 . Memory (MB): peak = 2650.746 ; gain = 11.586
ERROR: [Common 17-39] 'generate_target' failed due to earlier errors.
reset_target all [get_files  {{D:/FPGA/Vivaldo Project/PUCCH-FORMAT-0/pucch0/pucch0.srcs/sources_1/bd/pucch0/pucch0.bd}}]
export_ip_user_files -of_objects  [get_files  {{D:/FPGA/Vivaldo Project/PUCCH-FORMAT-0/pucch0/pucch0.srcs/sources_1/bd/pucch0/pucch0.bd}}] -sync -no_script -force -quiet
generate_target all [get_files  {{D:/FPGA/Vivaldo Project/PUCCH-FORMAT-0/pucch0/pucch0.srcs/sources_1/bd/pucch0/pucch0.bd}}]
INFO: [BD 41-1662] The design 'pucch0.bd' is already validated. Therefore parameter propagation will not be re-run.
CRITICAL WARNING: [BD 41-759] The input pins (listed below) are either not connected or do not have a source port, and they don't have a tie-off specified. These pins are tied-off to all 0's to avoid error in Implementation flow.
Please check your design and connect them as needed: 
/combine_rx_sym_0/in_sqrt
/correlation_0/resourcesetresourceset

Wrote  : <D:\FPGA\Vivaldo Project\PUCCH-FORMAT-0\pucch0\pucch0.srcs\sources_1\bd\pucch0\pucch0.bd> 
CRITICAL WARNING: [BD 41-1228] Width mismatch when connecting input pin '/demapping_0/uci_slot'(5) to net 'slot_ind_1'(8) - Only lower order bits will be connected, and other input bits of this pin will be left unconnected.
CRITICAL WARNING: [BD 41-1228] Width mismatch when connecting input pin '/cyclic_gen_0/uci_slot'(5) to net 'slot_ind_1'(8) - Only lower order bits will be connected, and other input bits of this pin will be left unconnected.
CRITICAL WARNING: [BD 41-1228] Width mismatch when connecting input pin '/cyclic_gen_1/uci_slot'(5) to net 'slot_ind_1'(8) - Only lower order bits will be connected, and other input bits of this pin will be left unconnected.
CRITICAL WARNING: [BD 41-1228] Width mismatch when connecting input pin '/demapping_0/uci_first_symbol_idx'(4) to net 'layer2_parameter_0_uci_frist_symbol'(8) - Only lower order bits will be connected, and other input bits of this pin will be left unconnected.
CRITICAL WARNING: [BD 41-1228] Width mismatch when connecting input pin '/cyclic_gen_0/uci_first_symbol'(4) to net 'layer2_parameter_0_uci_frist_symbol'(8) - Only lower order bits will be connected, and other input bits of this pin will be left unconnected.
CRITICAL WARNING: [BD 41-1228] Width mismatch when connecting input pin '/cyclic_gen_1/uci_first_symbol'(4) to net 'layer2_parameter_0_uci_frist_symbol'(8) - Only lower order bits will be connected, and other input bits of this pin will be left unconnected.
CRITICAL WARNING: [BD 41-1228] Width mismatch when connecting input pin '/demapping_0/uci_nsymbols'(2) to net 'layer2_parameter_0_uci_symbol'(8) - Only lower order bits will be connected, and other input bits of this pin will be left unconnected.
CRITICAL WARNING: [BD 41-1228] Width mismatch when connecting input pin '/demapping_0/uci_prbsoffset'(2) to net 'layer2_parameter_0_uci_pbr_offset'(16) - Only lower order bits will be connected, and other input bits of this pin will be left unconnected.
CRITICAL WARNING: [BD 41-1228] Width mismatch when connecting input pin '/demapping_0/uci_secondhop_prb'(10) to net 'layer2_parameter_0_uci_second_prb'(16) - Only lower order bits will be connected, and other input bits of this pin will be left unconnected.
CRITICAL WARNING: [BD 41-1228] Width mismatch when connecting input pin '/cyclic_gen_0/uci_nID'(11) to net 'layer2_parameter_0_uci_nid'(16) - Only lower order bits will be connected, and other input bits of this pin will be left unconnected.
CRITICAL WARNING: [BD 41-1228] Width mismatch when connecting input pin '/cyclic_gen_1/uci_nID'(11) to net 'layer2_parameter_0_uci_nid'(16) - Only lower order bits will be connected, and other input bits of this pin will be left unconnected.
CRITICAL WARNING: [BD 41-1228] Width mismatch when connecting input pin '/cyclic_gen_0/uci_m0'(4) to net 'layer2_parameter_0_uci_m0'(16) - Only lower order bits will be connected, and other input bits of this pin will be left unconnected.
CRITICAL WARNING: [BD 41-1228] Width mismatch when connecting input pin '/cyclic_gen_1/uci_m0'(4) to net 'layer2_parameter_0_uci_m0'(16) - Only lower order bits will be connected, and other input bits of this pin will be left unconnected.
CRITICAL WARNING: [BD 41-1228] Width mismatch when connecting input pin '/peak_search_0/uci_ack'(2) to net 'layer2_parameter_0_uci_ack'(16) - Only lower order bits will be connected, and other input bits of this pin will be left unconnected.
CRITICAL WARNING: [BD 41-1228] Width mismatch when connecting input pin '/cyclic_gen_0/uci_ack'(2) to net 'layer2_parameter_0_uci_ack'(16) - Only lower order bits will be connected, and other input bits of this pin will be left unconnected.
CRITICAL WARNING: [BD 41-1228] Width mismatch when connecting input pin '/cyclic_gen_1/uci_ack'(2) to net 'layer2_parameter_0_uci_ack'(16) - Only lower order bits will be connected, and other input bits of this pin will be left unconnected.
CRITICAL WARNING: [BD 41-1228] Width mismatch when connecting input pin '/cyclic_gen_0/uci_grouphopping'(2) to net 'group_hopping_1'(8) - Only lower order bits will be connected, and other input bits of this pin will be left unconnected.
CRITICAL WARNING: [BD 41-1228] Width mismatch when connecting input pin '/cyclic_gen_1/uci_grouphopping'(2) to net 'group_hopping_1'(8) - Only lower order bits will be connected, and other input bits of this pin will be left unconnected.
CRITICAL WARNING: [BD 41-1228] Width mismatch when connecting input pin '/ofdm_demodulation_v2_0/scale_factor'(4) to net 'xlconstant_2_dout'(3) - Only lower order bits will be connected, and other input bits of this pin will be left unconnected.
CRITICAL WARNING: [BD 41-1228] Width mismatch when connecting input pin '/ofdm_demodulation_v2_0/ant_input'(32) to net 'xlslice_0_Dout'(16) - Only lower order bits will be connected, and other input bits of this pin will be left unconnected.
VHDL Output written to : D:/FPGA/Vivaldo Project/PUCCH-FORMAT-0/pucch0/pucch0.srcs/sources_1/bd/pucch0/synth/pucch0.v
CRITICAL WARNING: [BD 41-1228] Width mismatch when connecting input pin '/demapping_0/uci_slot'(5) to net 'slot_ind_1'(8) - Only lower order bits will be connected, and other input bits of this pin will be left unconnected.
CRITICAL WARNING: [BD 41-1228] Width mismatch when connecting input pin '/cyclic_gen_0/uci_slot'(5) to net 'slot_ind_1'(8) - Only lower order bits will be connected, and other input bits of this pin will be left unconnected.
CRITICAL WARNING: [BD 41-1228] Width mismatch when connecting input pin '/cyclic_gen_1/uci_slot'(5) to net 'slot_ind_1'(8) - Only lower order bits will be connected, and other input bits of this pin will be left unconnected.
CRITICAL WARNING: [BD 41-1228] Width mismatch when connecting input pin '/demapping_0/uci_first_symbol_idx'(4) to net 'layer2_parameter_0_uci_frist_symbol'(8) - Only lower order bits will be connected, and other input bits of this pin will be left unconnected.
CRITICAL WARNING: [BD 41-1228] Width mismatch when connecting input pin '/cyclic_gen_0/uci_first_symbol'(4) to net 'layer2_parameter_0_uci_frist_symbol'(8) - Only lower order bits will be connected, and other input bits of this pin will be left unconnected.
CRITICAL WARNING: [BD 41-1228] Width mismatch when connecting input pin '/cyclic_gen_1/uci_first_symbol'(4) to net 'layer2_parameter_0_uci_frist_symbol'(8) - Only lower order bits will be connected, and other input bits of this pin will be left unconnected.
CRITICAL WARNING: [BD 41-1228] Width mismatch when connecting input pin '/demapping_0/uci_nsymbols'(2) to net 'layer2_parameter_0_uci_symbol'(8) - Only lower order bits will be connected, and other input bits of this pin will be left unconnected.
CRITICAL WARNING: [BD 41-1228] Width mismatch when connecting input pin '/demapping_0/uci_prbsoffset'(2) to net 'layer2_parameter_0_uci_pbr_offset'(16) - Only lower order bits will be connected, and other input bits of this pin will be left unconnected.
CRITICAL WARNING: [BD 41-1228] Width mismatch when connecting input pin '/demapping_0/uci_secondhop_prb'(10) to net 'layer2_parameter_0_uci_second_prb'(16) - Only lower order bits will be connected, and other input bits of this pin will be left unconnected.
CRITICAL WARNING: [BD 41-1228] Width mismatch when connecting input pin '/cyclic_gen_0/uci_nID'(11) to net 'layer2_parameter_0_uci_nid'(16) - Only lower order bits will be connected, and other input bits of this pin will be left unconnected.
CRITICAL WARNING: [BD 41-1228] Width mismatch when connecting input pin '/cyclic_gen_1/uci_nID'(11) to net 'layer2_parameter_0_uci_nid'(16) - Only lower order bits will be connected, and other input bits of this pin will be left unconnected.
CRITICAL WARNING: [BD 41-1228] Width mismatch when connecting input pin '/cyclic_gen_0/uci_m0'(4) to net 'layer2_parameter_0_uci_m0'(16) - Only lower order bits will be connected, and other input bits of this pin will be left unconnected.
CRITICAL WARNING: [BD 41-1228] Width mismatch when connecting input pin '/cyclic_gen_1/uci_m0'(4) to net 'layer2_parameter_0_uci_m0'(16) - Only lower order bits will be connected, and other input bits of this pin will be left unconnected.
CRITICAL WARNING: [BD 41-1228] Width mismatch when connecting input pin '/peak_search_0/uci_ack'(2) to net 'layer2_parameter_0_uci_ack'(16) - Only lower order bits will be connected, and other input bits of this pin will be left unconnected.
CRITICAL WARNING: [BD 41-1228] Width mismatch when connecting input pin '/cyclic_gen_0/uci_ack'(2) to net 'layer2_parameter_0_uci_ack'(16) - Only lower order bits will be connected, and other input bits of this pin will be left unconnected.
CRITICAL WARNING: [BD 41-1228] Width mismatch when connecting input pin '/cyclic_gen_1/uci_ack'(2) to net 'layer2_parameter_0_uci_ack'(16) - Only lower order bits will be connected, and other input bits of this pin will be left unconnected.
CRITICAL WARNING: [BD 41-1228] Width mismatch when connecting input pin '/cyclic_gen_0/uci_grouphopping'(2) to net 'group_hopping_1'(8) - Only lower order bits will be connected, and other input bits of this pin will be left unconnected.
CRITICAL WARNING: [BD 41-1228] Width mismatch when connecting input pin '/cyclic_gen_1/uci_grouphopping'(2) to net 'group_hopping_1'(8) - Only lower order bits will be connected, and other input bits of this pin will be left unconnected.
CRITICAL WARNING: [BD 41-1228] Width mismatch when connecting input pin '/ofdm_demodulation_v2_0/scale_factor'(4) to net 'xlconstant_2_dout'(3) - Only lower order bits will be connected, and other input bits of this pin will be left unconnected.
CRITICAL WARNING: [BD 41-1228] Width mismatch when connecting input pin '/ofdm_demodulation_v2_0/ant_input'(32) to net 'xlslice_0_Dout'(16) - Only lower order bits will be connected, and other input bits of this pin will be left unconnected.
VHDL Output written to : D:/FPGA/Vivaldo Project/PUCCH-FORMAT-0/pucch0/pucch0.srcs/sources_1/bd/pucch0/sim/pucch0.v
VHDL Output written to : D:/FPGA/Vivaldo Project/PUCCH-FORMAT-0/pucch0/pucch0.srcs/sources_1/bd/pucch0/hdl/pucch0_wrapper.v
INFO: [BD 41-1029] Generation completed for the IP Integrator block physical_control_0 .
INFO: [BD 41-1029] Generation completed for the IP Integrator block demapping_0 .
CRITICAL WARNING: [IP_Flow 19-193] Failed to save BOM file 'd:/FPGA/Vivaldo Project/PUCCH-FORMAT-0/pucch0/pucch0.srcs/sources_1/bd/pucch0/ip/pucch0_rx_duplication_0_0/rx_duplication.srcs/sources_1/ip/rx_dup_mem_1/rx_dup_mem_1.xml'.
CRITICAL WARNING: [IP_Flow 19-194] Failed to save IP instance 'rx_dup_mem_1'.
CRITICAL WARNING: [IP_Flow 19-193] Failed to save BOM file 'd:/FPGA/Vivaldo Project/PUCCH-FORMAT-0/pucch0/pucch0.srcs/sources_1/bd/pucch0/ip/pucch0_rx_duplication_0_0/rx_duplication.srcs/sources_1/ip/rx_dup_mem_1/rx_dup_mem_1.xml'.
CRITICAL WARNING: [IP_Flow 19-194] Failed to save IP instance 'rx_dup_mem_1'.
ERROR: [IP_Flow 19-98] Generation of the IP CORE failed.
ERROR: [BD 41-1030] Generation failed for the IP Integrator block rx_duplication_0 
CRITICAL WARNING: [IP_Flow 19-193] Failed to save BOM file 'd:/FPGA/Vivaldo Project/PUCCH-FORMAT-0/pucch0/pucch0.srcs/sources_1/bd/pucch0/ip/pucch0_correlation_0_0/correlation.srcs/sources_1/ip/correlation_cordic_0/correlation_cordic_0.xml'.
CRITICAL WARNING: [IP_Flow 19-194] Failed to save IP instance 'correlation_cordic_0'.
CRITICAL WARNING: [IP_Flow 19-193] Failed to save BOM file 'd:/FPGA/Vivaldo Project/PUCCH-FORMAT-0/pucch0/pucch0.srcs/sources_1/bd/pucch0/ip/pucch0_correlation_0_0/correlation.srcs/sources_1/ip/correlation_cordic_0/correlation_cordic_0.xml'.
CRITICAL WARNING: [IP_Flow 19-194] Failed to save IP instance 'correlation_cordic_0'.
ERROR: [IP_Flow 19-98] Generation of the IP CORE failed.
ERROR: [BD 41-1030] Generation failed for the IP Integrator block correlation_0 
CRITICAL WARNING: [IP_Flow 19-193] Failed to save BOM file 'd:/FPGA/Vivaldo Project/PUCCH-FORMAT-0/pucch0/pucch0.srcs/sources_1/bd/pucch0/ip/pucch0_combine_rx_sym_0_0/combine_rx_sym.srcs/sources_1/ip/combine_fifo_generator_0/combine_fifo_generator_0.xml'.
CRITICAL WARNING: [IP_Flow 19-194] Failed to save IP instance 'combine_fifo_generator_0'.
CRITICAL WARNING: [IP_Flow 19-193] Failed to save BOM file 'd:/FPGA/Vivaldo Project/PUCCH-FORMAT-0/pucch0/pucch0.srcs/sources_1/bd/pucch0/ip/pucch0_combine_rx_sym_0_0/combine_rx_sym.srcs/sources_1/ip/combine_fifo_generator_0/combine_fifo_generator_0.xml'.
CRITICAL WARNING: [IP_Flow 19-194] Failed to save IP instance 'combine_fifo_generator_0'.
ERROR: [IP_Flow 19-98] Generation of the IP CORE failed.
ERROR: [BD 41-1030] Generation failed for the IP Integrator block combine_rx_sym_0 
INFO: [BD 41-1029] Generation completed for the IP Integrator block peak_search_0 .
INFO: [BD 41-1029] Generation completed for the IP Integrator block frame_sync_0 .
INFO: [BD 41-1029] Generation completed for the IP Integrator block layer2_parameter_0 .
INFO: [BD 41-1029] Generation completed for the IP Integrator block xlconstant_0 .
INFO: [BD 41-1029] Generation completed for the IP Integrator block xlconstant_1 .
CRITICAL WARNING: [IP_Flow 19-193] Failed to save BOM file 'd:/FPGA/Vivaldo Project/PUCCH-FORMAT-0/pucch0/pucch0.srcs/sources_1/bd/pucch0/ip/pucch0_sync_cyclic_0_0/sync_cyclic.srcs/sources_1/ip/cycliic_fifo_0/cycliic_fifo_0.xml'.
CRITICAL WARNING: [IP_Flow 19-194] Failed to save IP instance 'cycliic_fifo_0'.
CRITICAL WARNING: [IP_Flow 19-193] Failed to save BOM file 'd:/FPGA/Vivaldo Project/PUCCH-FORMAT-0/pucch0/pucch0.srcs/sources_1/bd/pucch0/ip/pucch0_sync_cyclic_0_0/sync_cyclic.srcs/sources_1/ip/cycliic_fifo_0/cycliic_fifo_0.xml'.
CRITICAL WARNING: [IP_Flow 19-194] Failed to save IP instance 'cycliic_fifo_0'.
ERROR: [IP_Flow 19-98] Generation of the IP CORE failed.
ERROR: [BD 41-1030] Generation failed for the IP Integrator block sync_cyclic_0 
INFO: [BD 41-1029] Generation completed for the IP Integrator block frame_sync_1 .
INFO: [BD 41-1029] Generation completed for the IP Integrator block xlconcat_0 .
CRITICAL WARNING: [IP_Flow 19-193] Failed to save BOM file 'd:/FPGA/Vivaldo Project/PUCCH-FORMAT-0/pucch0/pucch0.srcs/sources_1/bd/pucch0/ip/pucch0_ofdm_demodulation_v2_0_0/ofdm_demodulation.srcs/sources_1/ip/xfft_0/xfft_0.xml'.
CRITICAL WARNING: [IP_Flow 19-194] Failed to save IP instance 'xfft_0'.
CRITICAL WARNING: [IP_Flow 19-193] Failed to save BOM file 'd:/FPGA/Vivaldo Project/PUCCH-FORMAT-0/pucch0/pucch0.srcs/sources_1/bd/pucch0/ip/pucch0_ofdm_demodulation_v2_0_0/ofdm_demodulation.srcs/sources_1/ip/xfft_0/xfft_0.xml'.
CRITICAL WARNING: [IP_Flow 19-194] Failed to save IP instance 'xfft_0'.
CRITICAL WARNING: [IP_Flow 19-4739] Writing uncustomized BOM file 'd:/FPGA/Vivaldo Project/PUCCH-FORMAT-0/pucch0/pucch0.srcs/sources_1/bd/pucch0/ip/pucch0_ofdm_demodulation_v2_0_0/ofdm_demodulation.srcs/sources_1/ip/ctr_fft_0/ctr_fft_0.xml'
ERROR: [IP_Flow 19-98] Generation of the IP CORE failed.
ERROR: [BD 41-1030] Generation failed for the IP Integrator block ofdm_demodulation_v2_0 
INFO: [BD 41-1029] Generation completed for the IP Integrator block xlconstant_2 .
INFO: [BD 41-1029] Generation completed for the IP Integrator block xlslice_0 .
CRITICAL WARNING: [IP_Flow 19-193] Failed to save BOM file 'd:/FPGA/Vivaldo Project/PUCCH-FORMAT-0/pucch0/pucch0.srcs/sources_1/bd/pucch0/ip/pucch0_cyclic_gen_0_0/cyclic_shift.srcs/sources_1/ip/cyclic_cmpy_0/cyclic_cmpy_0.xml'.
CRITICAL WARNING: [IP_Flow 19-194] Failed to save IP instance 'cyclic_cmpy_0'.
CRITICAL WARNING: [IP_Flow 19-193] Failed to save BOM file 'd:/FPGA/Vivaldo Project/PUCCH-FORMAT-0/pucch0/pucch0.srcs/sources_1/bd/pucch0/ip/pucch0_cyclic_gen_0_0/cyclic_shift.srcs/sources_1/ip/cyclic_cmpy_0/cyclic_cmpy_0.xml'.
CRITICAL WARNING: [IP_Flow 19-194] Failed to save IP instance 'cyclic_cmpy_0'.
ERROR: [IP_Flow 19-98] Generation of the IP CORE failed.
ERROR: [BD 41-1030] Generation failed for the IP Integrator block cyclic_gen_0 
CRITICAL WARNING: [IP_Flow 19-193] Failed to save BOM file 'd:/FPGA/Vivaldo Project/PUCCH-FORMAT-0/pucch0/pucch0.srcs/sources_1/bd/pucch0/ip/pucch0_cyclic_gen_0_1/cyclic_shift.srcs/sources_1/ip/cyc_phase_gen_0/phase_gen.srcs/sources_1/ip/scramble_sequence_8bits_0/scramble_sequence_8bits_0.xml'.
CRITICAL WARNING: [IP_Flow 19-194] Failed to save IP instance 'scramble_sequence_8bits_0'.
CRITICAL WARNING: [IP_Flow 19-193] Failed to save BOM file 'd:/FPGA/Vivaldo Project/PUCCH-FORMAT-0/pucch0/pucch0.srcs/sources_1/bd/pucch0/ip/pucch0_cyclic_gen_0_1/cyclic_shift.srcs/sources_1/ip/cyc_phase_gen_0/phase_gen.srcs/sources_1/ip/scramble_sequence_8bits_0/scramble_sequence_8bits_0.xml'.
CRITICAL WARNING: [IP_Flow 19-194] Failed to save IP instance 'scramble_sequence_8bits_0'.
ERROR: [IP_Flow 19-98] Generation of the IP CORE failed.
ERROR: [BD 41-1030] Generation failed for the IP Integrator block cyclic_gen_1 
Exporting to file D:/FPGA/Vivaldo Project/PUCCH-FORMAT-0/pucch0/pucch0.srcs/sources_1/bd/pucch0/hw_handoff/pucch0.hwh
CRITICAL WARNING: [BD 41-1938] The current design is out-of-date/locked, so it is best to update before calling write_bd_tcl, however, a Tcl script is still generated for the current design.
Generated Block Design Tcl file D:/FPGA/Vivaldo Project/PUCCH-FORMAT-0/pucch0/pucch0.srcs/sources_1/bd/pucch0/hw_handoff/pucch0_bd.tcl
Generated Hardware Definition File D:/FPGA/Vivaldo Project/PUCCH-FORMAT-0/pucch0/pucch0.srcs/sources_1/bd/pucch0/synth/pucch0.hwdef
ERROR: [Common 17-39] 'generate_target' failed due to earlier errors.
update_ip_catalog -rebuild
INFO: [IP_Flow 19-234] Refreshing IP repositories
INFO: [IP_Flow 19-1700] Loaded user IP repository 'd:/FPGA/Vivaldo Project/PUCCH-FORMAT-0'.
WARNING: [IP_Flow 19-3656] If you move the project, the path for repository 'd:/FPGA/Vivaldo Project/PUCCH-FORMAT-0' may become invalid. A better location for the repository would be in a path adjacent to the project. (Current project location is 'd:/FPGA/Vivaldo Project/PUCCH-FORMAT-0/pucch0'.)
WARNING: [IP_Flow 19-1663] Duplicate IP found for 'xilinx.com:user:ctr_fft:1.0'. The one found in IP location 'd:/FPGA/Vivaldo Project/PUCCH-FORMAT-0/all_sub_ips/ctr_pre_fft' will take precedence over the same IP in location d:/FPGA/Vivaldo Project/PUCCH-FORMAT-0/ofdm_demodulation/OFDM_Demodulation_v0/ctr_ofdm/ctr_ofdm
report_ip_status -name ip_status 
upgrade_ip -vlnv xilinx.com:user:ofdm_demodulation_v2:2 [get_ips  pucch0_ofdm_demodulation_v2_0_0] -log ip_upgrade.log
Upgrading 'D:/FPGA/Vivaldo Project/PUCCH-FORMAT-0/pucch0/pucch0.srcs/sources_1/bd/pucch0/pucch0.bd'
INFO: [IP_Flow 19-1972] Upgraded pucch0_ofdm_demodulation_v2_0_0 from ofdm_demodulation_v2 2 to ofdm_demodulation_v2 2
WARNING: [BD 41-1731] Type mismatch between connected pins: /clk(clk) and /ofdm_demodulation_v2_0_upgraded_ipi/clk(undef)
WARNING: [BD 41-1731] Type mismatch between connected pins: /rst(rst) and /ofdm_demodulation_v2_0_upgraded_ipi/rst(undef)
CRITICAL WARNING: [IP_Flow 19-193] Failed to save BOM file 'd:/FPGA/Vivaldo Project/PUCCH-FORMAT-0/pucch0/pucch0.srcs/sources_1/bd/pucch0/ip/pucch0_combine_rx_sym_0_0/combine_rx_sym.srcs/sources_1/ip/combine_fifo_generator_0/combine_fifo_generator_0.xml'.
CRITICAL WARNING: [IP_Flow 19-194] Failed to save IP instance 'combine_fifo_generator_0'.
CRITICAL WARNING: [IP_Flow 19-193] Failed to save BOM file 'd:/FPGA/Vivaldo Project/PUCCH-FORMAT-0/pucch0/pucch0.srcs/sources_1/bd/pucch0/ip/pucch0_rx_duplication_0_0/rx_duplication.srcs/sources_1/ip/rx_dup_mem_1/rx_dup_mem_1.xml'.
CRITICAL WARNING: [IP_Flow 19-194] Failed to save IP instance 'rx_dup_mem_1'.
CRITICAL WARNING: [IP_Flow 19-193] Failed to save BOM file 'd:/FPGA/Vivaldo Project/PUCCH-FORMAT-0/pucch0/pucch0.srcs/sources_1/bd/pucch0/ip/pucch0_sync_cyclic_0_0/sync_cyclic.srcs/sources_1/ip/cycliic_fifo_0/cycliic_fifo_0.xml'.
CRITICAL WARNING: [IP_Flow 19-194] Failed to save IP instance 'cycliic_fifo_0'.
CRITICAL WARNING: [IP_Flow 19-193] Failed to save BOM file 'd:/FPGA/Vivaldo Project/PUCCH-FORMAT-0/pucch0/pucch0.srcs/sources_1/bd/pucch0/ip/pucch0_cyclic_gen_0_0/cyclic_shift.srcs/sources_1/ip/cyclic_cmpy_0/cyclic_cmpy_0.xml'.
CRITICAL WARNING: [IP_Flow 19-194] Failed to save IP instance 'cyclic_cmpy_0'.
CRITICAL WARNING: [IP_Flow 19-193] Failed to save BOM file 'd:/FPGA/Vivaldo Project/PUCCH-FORMAT-0/pucch0/pucch0.srcs/sources_1/bd/pucch0/ip/pucch0_correlation_0_0/correlation.srcs/sources_1/ip/correlation_cordic_0/correlation_cordic_0.xml'.
CRITICAL WARNING: [IP_Flow 19-194] Failed to save IP instance 'correlation_cordic_0'.
CRITICAL WARNING: [IP_Flow 19-193] Failed to save BOM file 'd:/FPGA/Vivaldo Project/PUCCH-FORMAT-0/pucch0/pucch0.srcs/sources_1/bd/pucch0/ip/pucch0_cyclic_gen_0_1/cyclic_shift.srcs/sources_1/ip/cyc_phase_gen_0/phase_gen.srcs/sources_1/ip/scramble_sequence_8bits_0/scramble_sequence_8bits_0.xml'.
CRITICAL WARNING: [IP_Flow 19-194] Failed to save IP instance 'scramble_sequence_8bits_0'.
Wrote  : <D:\FPGA\Vivaldo Project\PUCCH-FORMAT-0\pucch0\pucch0.srcs\sources_1\bd\pucch0\pucch0.bd> 
Wrote  : <D:/FPGA/Vivaldo Project/PUCCH-FORMAT-0/pucch0/pucch0.srcs/sources_1/bd/pucch0/ui/bd_f85decd.ui> 
INFO: [Coretcl 2-1525] Wrote upgrade log to 'D:/FPGA/Vivaldo Project/PUCCH-FORMAT-0/pucch0/ip_upgrade.log'.
export_ip_user_files -of_objects [get_ips pucch0_ofdm_demodulation_v2_0_0] -no_script -sync -force -quiet
generate_target all [get_files  {{D:/FPGA/Vivaldo Project/PUCCH-FORMAT-0/pucch0/pucch0.srcs/sources_1/bd/pucch0/pucch0.bd}}]
CRITICAL WARNING: [BD 41-759] The input pins (listed below) are either not connected or do not have a source port, and they don't have a tie-off specified. These pins are tied-off to all 0's to avoid error in Implementation flow.
Please check your design and connect them as needed: 
/combine_rx_sym_0/in_sqrt
/correlation_0/resourcesetresourceset

CRITICAL WARNING: [IP_Flow 19-193] Failed to save BOM file 'd:/FPGA/Vivaldo Project/PUCCH-FORMAT-0/pucch0/pucch0.srcs/sources_1/bd/pucch0/ip/pucch0_combine_rx_sym_0_0/combine_rx_sym.srcs/sources_1/ip/combine_fifo_generator_0/combine_fifo_generator_0.xml'.
CRITICAL WARNING: [IP_Flow 19-194] Failed to save IP instance 'combine_fifo_generator_0'.
CRITICAL WARNING: [IP_Flow 19-193] Failed to save BOM file 'd:/FPGA/Vivaldo Project/PUCCH-FORMAT-0/pucch0/pucch0.srcs/sources_1/bd/pucch0/ip/pucch0_rx_duplication_0_0/rx_duplication.srcs/sources_1/ip/rx_dup_mem_1/rx_dup_mem_1.xml'.
CRITICAL WARNING: [IP_Flow 19-194] Failed to save IP instance 'rx_dup_mem_1'.
CRITICAL WARNING: [IP_Flow 19-193] Failed to save BOM file 'd:/FPGA/Vivaldo Project/PUCCH-FORMAT-0/pucch0/pucch0.srcs/sources_1/bd/pucch0/ip/pucch0_sync_cyclic_0_0/sync_cyclic.srcs/sources_1/ip/cycliic_fifo_0/cycliic_fifo_0.xml'.
CRITICAL WARNING: [IP_Flow 19-194] Failed to save IP instance 'cycliic_fifo_0'.
CRITICAL WARNING: [IP_Flow 19-193] Failed to save BOM file 'd:/FPGA/Vivaldo Project/PUCCH-FORMAT-0/pucch0/pucch0.srcs/sources_1/bd/pucch0/ip/pucch0_cyclic_gen_0_0/cyclic_shift.srcs/sources_1/ip/cyclic_cmpy_0/cyclic_cmpy_0.xml'.
CRITICAL WARNING: [IP_Flow 19-194] Failed to save IP instance 'cyclic_cmpy_0'.
CRITICAL WARNING: [IP_Flow 19-193] Failed to save BOM file 'd:/FPGA/Vivaldo Project/PUCCH-FORMAT-0/pucch0/pucch0.srcs/sources_1/bd/pucch0/ip/pucch0_correlation_0_0/correlation.srcs/sources_1/ip/correlation_cordic_0/correlation_cordic_0.xml'.
CRITICAL WARNING: [IP_Flow 19-194] Failed to save IP instance 'correlation_cordic_0'.
CRITICAL WARNING: [IP_Flow 19-193] Failed to save BOM file 'd:/FPGA/Vivaldo Project/PUCCH-FORMAT-0/pucch0/pucch0.srcs/sources_1/bd/pucch0/ip/pucch0_cyclic_gen_0_1/cyclic_shift.srcs/sources_1/ip/cyc_phase_gen_0/phase_gen.srcs/sources_1/ip/scramble_sequence_8bits_0/scramble_sequence_8bits_0.xml'.
CRITICAL WARNING: [IP_Flow 19-194] Failed to save IP instance 'scramble_sequence_8bits_0'.
Wrote  : <D:\FPGA\Vivaldo Project\PUCCH-FORMAT-0\pucch0\pucch0.srcs\sources_1\bd\pucch0\pucch0.bd> 
CRITICAL WARNING: [BD 41-1228] Width mismatch when connecting input pin '/demapping_0/uci_slot'(5) to net 'slot_ind_1'(8) - Only lower order bits will be connected, and other input bits of this pin will be left unconnected.
CRITICAL WARNING: [BD 41-1228] Width mismatch when connecting input pin '/cyclic_gen_0/uci_slot'(5) to net 'slot_ind_1'(8) - Only lower order bits will be connected, and other input bits of this pin will be left unconnected.
CRITICAL WARNING: [BD 41-1228] Width mismatch when connecting input pin '/cyclic_gen_1/uci_slot'(5) to net 'slot_ind_1'(8) - Only lower order bits will be connected, and other input bits of this pin will be left unconnected.
CRITICAL WARNING: [BD 41-1228] Width mismatch when connecting input pin '/demapping_0/uci_first_symbol_idx'(4) to net 'layer2_parameter_0_uci_frist_symbol'(8) - Only lower order bits will be connected, and other input bits of this pin will be left unconnected.
CRITICAL WARNING: [BD 41-1228] Width mismatch when connecting input pin '/cyclic_gen_0/uci_first_symbol'(4) to net 'layer2_parameter_0_uci_frist_symbol'(8) - Only lower order bits will be connected, and other input bits of this pin will be left unconnected.
CRITICAL WARNING: [BD 41-1228] Width mismatch when connecting input pin '/cyclic_gen_1/uci_first_symbol'(4) to net 'layer2_parameter_0_uci_frist_symbol'(8) - Only lower order bits will be connected, and other input bits of this pin will be left unconnected.
CRITICAL WARNING: [BD 41-1228] Width mismatch when connecting input pin '/demapping_0/uci_nsymbols'(2) to net 'layer2_parameter_0_uci_symbol'(8) - Only lower order bits will be connected, and other input bits of this pin will be left unconnected.
CRITICAL WARNING: [BD 41-1228] Width mismatch when connecting input pin '/demapping_0/uci_prbsoffset'(2) to net 'layer2_parameter_0_uci_pbr_offset'(16) - Only lower order bits will be connected, and other input bits of this pin will be left unconnected.
CRITICAL WARNING: [BD 41-1228] Width mismatch when connecting input pin '/demapping_0/uci_secondhop_prb'(10) to net 'layer2_parameter_0_uci_second_prb'(16) - Only lower order bits will be connected, and other input bits of this pin will be left unconnected.
CRITICAL WARNING: [BD 41-1228] Width mismatch when connecting input pin '/cyclic_gen_0/uci_nID'(11) to net 'layer2_parameter_0_uci_nid'(16) - Only lower order bits will be connected, and other input bits of this pin will be left unconnected.
CRITICAL WARNING: [BD 41-1228] Width mismatch when connecting input pin '/cyclic_gen_1/uci_nID'(11) to net 'layer2_parameter_0_uci_nid'(16) - Only lower order bits will be connected, and other input bits of this pin will be left unconnected.
CRITICAL WARNING: [BD 41-1228] Width mismatch when connecting input pin '/cyclic_gen_0/uci_m0'(4) to net 'layer2_parameter_0_uci_m0'(16) - Only lower order bits will be connected, and other input bits of this pin will be left unconnected.
CRITICAL WARNING: [BD 41-1228] Width mismatch when connecting input pin '/cyclic_gen_1/uci_m0'(4) to net 'layer2_parameter_0_uci_m0'(16) - Only lower order bits will be connected, and other input bits of this pin will be left unconnected.
CRITICAL WARNING: [BD 41-1228] Width mismatch when connecting input pin '/peak_search_0/uci_ack'(2) to net 'layer2_parameter_0_uci_ack'(16) - Only lower order bits will be connected, and other input bits of this pin will be left unconnected.
CRITICAL WARNING: [BD 41-1228] Width mismatch when connecting input pin '/cyclic_gen_0/uci_ack'(2) to net 'layer2_parameter_0_uci_ack'(16) - Only lower order bits will be connected, and other input bits of this pin will be left unconnected.
CRITICAL WARNING: [BD 41-1228] Width mismatch when connecting input pin '/cyclic_gen_1/uci_ack'(2) to net 'layer2_parameter_0_uci_ack'(16) - Only lower order bits will be connected, and other input bits of this pin will be left unconnected.
CRITICAL WARNING: [BD 41-1228] Width mismatch when connecting input pin '/cyclic_gen_0/uci_grouphopping'(2) to net 'group_hopping_1'(8) - Only lower order bits will be connected, and other input bits of this pin will be left unconnected.
CRITICAL WARNING: [BD 41-1228] Width mismatch when connecting input pin '/cyclic_gen_1/uci_grouphopping'(2) to net 'group_hopping_1'(8) - Only lower order bits will be connected, and other input bits of this pin will be left unconnected.
CRITICAL WARNING: [BD 41-1228] Width mismatch when connecting input pin '/ofdm_demodulation_v2_0/scale_factor'(4) to net 'xlconstant_2_dout'(3) - Only lower order bits will be connected, and other input bits of this pin will be left unconnected.
CRITICAL WARNING: [BD 41-1228] Width mismatch when connecting input pin '/ofdm_demodulation_v2_0/ant_input'(32) to net 'xlslice_0_Dout'(16) - Only lower order bits will be connected, and other input bits of this pin will be left unconnected.
VHDL Output written to : D:/FPGA/Vivaldo Project/PUCCH-FORMAT-0/pucch0/pucch0.srcs/sources_1/bd/pucch0/synth/pucch0.v
CRITICAL WARNING: [BD 41-1228] Width mismatch when connecting input pin '/demapping_0/uci_slot'(5) to net 'slot_ind_1'(8) - Only lower order bits will be connected, and other input bits of this pin will be left unconnected.
CRITICAL WARNING: [BD 41-1228] Width mismatch when connecting input pin '/cyclic_gen_0/uci_slot'(5) to net 'slot_ind_1'(8) - Only lower order bits will be connected, and other input bits of this pin will be left unconnected.
CRITICAL WARNING: [BD 41-1228] Width mismatch when connecting input pin '/cyclic_gen_1/uci_slot'(5) to net 'slot_ind_1'(8) - Only lower order bits will be connected, and other input bits of this pin will be left unconnected.
CRITICAL WARNING: [BD 41-1228] Width mismatch when connecting input pin '/demapping_0/uci_first_symbol_idx'(4) to net 'layer2_parameter_0_uci_frist_symbol'(8) - Only lower order bits will be connected, and other input bits of this pin will be left unconnected.
CRITICAL WARNING: [BD 41-1228] Width mismatch when connecting input pin '/cyclic_gen_0/uci_first_symbol'(4) to net 'layer2_parameter_0_uci_frist_symbol'(8) - Only lower order bits will be connected, and other input bits of this pin will be left unconnected.
CRITICAL WARNING: [BD 41-1228] Width mismatch when connecting input pin '/cyclic_gen_1/uci_first_symbol'(4) to net 'layer2_parameter_0_uci_frist_symbol'(8) - Only lower order bits will be connected, and other input bits of this pin will be left unconnected.
CRITICAL WARNING: [BD 41-1228] Width mismatch when connecting input pin '/demapping_0/uci_nsymbols'(2) to net 'layer2_parameter_0_uci_symbol'(8) - Only lower order bits will be connected, and other input bits of this pin will be left unconnected.
CRITICAL WARNING: [BD 41-1228] Width mismatch when connecting input pin '/demapping_0/uci_prbsoffset'(2) to net 'layer2_parameter_0_uci_pbr_offset'(16) - Only lower order bits will be connected, and other input bits of this pin will be left unconnected.
CRITICAL WARNING: [BD 41-1228] Width mismatch when connecting input pin '/demapping_0/uci_secondhop_prb'(10) to net 'layer2_parameter_0_uci_second_prb'(16) - Only lower order bits will be connected, and other input bits of this pin will be left unconnected.
CRITICAL WARNING: [BD 41-1228] Width mismatch when connecting input pin '/cyclic_gen_0/uci_nID'(11) to net 'layer2_parameter_0_uci_nid'(16) - Only lower order bits will be connected, and other input bits of this pin will be left unconnected.
CRITICAL WARNING: [BD 41-1228] Width mismatch when connecting input pin '/cyclic_gen_1/uci_nID'(11) to net 'layer2_parameter_0_uci_nid'(16) - Only lower order bits will be connected, and other input bits of this pin will be left unconnected.
CRITICAL WARNING: [BD 41-1228] Width mismatch when connecting input pin '/cyclic_gen_0/uci_m0'(4) to net 'layer2_parameter_0_uci_m0'(16) - Only lower order bits will be connected, and other input bits of this pin will be left unconnected.
CRITICAL WARNING: [BD 41-1228] Width mismatch when connecting input pin '/cyclic_gen_1/uci_m0'(4) to net 'layer2_parameter_0_uci_m0'(16) - Only lower order bits will be connected, and other input bits of this pin will be left unconnected.
CRITICAL WARNING: [BD 41-1228] Width mismatch when connecting input pin '/peak_search_0/uci_ack'(2) to net 'layer2_parameter_0_uci_ack'(16) - Only lower order bits will be connected, and other input bits of this pin will be left unconnected.
CRITICAL WARNING: [BD 41-1228] Width mismatch when connecting input pin '/cyclic_gen_0/uci_ack'(2) to net 'layer2_parameter_0_uci_ack'(16) - Only lower order bits will be connected, and other input bits of this pin will be left unconnected.
CRITICAL WARNING: [BD 41-1228] Width mismatch when connecting input pin '/cyclic_gen_1/uci_ack'(2) to net 'layer2_parameter_0_uci_ack'(16) - Only lower order bits will be connected, and other input bits of this pin will be left unconnected.
CRITICAL WARNING: [BD 41-1228] Width mismatch when connecting input pin '/cyclic_gen_0/uci_grouphopping'(2) to net 'group_hopping_1'(8) - Only lower order bits will be connected, and other input bits of this pin will be left unconnected.
CRITICAL WARNING: [BD 41-1228] Width mismatch when connecting input pin '/cyclic_gen_1/uci_grouphopping'(2) to net 'group_hopping_1'(8) - Only lower order bits will be connected, and other input bits of this pin will be left unconnected.
CRITICAL WARNING: [BD 41-1228] Width mismatch when connecting input pin '/ofdm_demodulation_v2_0/scale_factor'(4) to net 'xlconstant_2_dout'(3) - Only lower order bits will be connected, and other input bits of this pin will be left unconnected.
CRITICAL WARNING: [BD 41-1228] Width mismatch when connecting input pin '/ofdm_demodulation_v2_0/ant_input'(32) to net 'xlslice_0_Dout'(16) - Only lower order bits will be connected, and other input bits of this pin will be left unconnected.
VHDL Output written to : D:/FPGA/Vivaldo Project/PUCCH-FORMAT-0/pucch0/pucch0.srcs/sources_1/bd/pucch0/sim/pucch0.v
VHDL Output written to : D:/FPGA/Vivaldo Project/PUCCH-FORMAT-0/pucch0/pucch0.srcs/sources_1/bd/pucch0/hdl/pucch0_wrapper.v
INFO: [BD 41-1029] Generation completed for the IP Integrator block physical_control_0 .
INFO: [BD 41-1029] Generation completed for the IP Integrator block demapping_0 .
CRITICAL WARNING: [IP_Flow 19-193] Failed to save BOM file 'd:/FPGA/Vivaldo Project/PUCCH-FORMAT-0/pucch0/pucch0.srcs/sources_1/bd/pucch0/ip/pucch0_rx_duplication_0_0/rx_duplication.srcs/sources_1/ip/rx_dup_mem_1/rx_dup_mem_1.xml'.
CRITICAL WARNING: [IP_Flow 19-194] Failed to save IP instance 'rx_dup_mem_1'.
CRITICAL WARNING: [IP_Flow 19-193] Failed to save BOM file 'd:/FPGA/Vivaldo Project/PUCCH-FORMAT-0/pucch0/pucch0.srcs/sources_1/bd/pucch0/ip/pucch0_rx_duplication_0_0/rx_duplication.srcs/sources_1/ip/rx_dup_mem_1/rx_dup_mem_1.xml'.
CRITICAL WARNING: [IP_Flow 19-194] Failed to save IP instance 'rx_dup_mem_1'.
CRITICAL WARNING: [IP_Flow 19-193] Failed to save BOM file 'd:/FPGA/Vivaldo Project/PUCCH-FORMAT-0/pucch0/pucch0.srcs/sources_1/bd/pucch0/ip/pucch0_rx_duplication_0_0/rx_duplication.srcs/sources_1/ip/rx_dup_mem_1/rx_dup_mem_1.xml'.
CRITICAL WARNING: [IP_Flow 19-194] Failed to save IP instance 'rx_dup_mem_1'.
ERROR: [IP_Flow 19-98] Generation of the IP CORE failed.
ERROR: [BD 41-1030] Generation failed for the IP Integrator block rx_duplication_0 
CRITICAL WARNING: [IP_Flow 19-193] Failed to save BOM file 'd:/FPGA/Vivaldo Project/PUCCH-FORMAT-0/pucch0/pucch0.srcs/sources_1/bd/pucch0/ip/pucch0_correlation_0_0/correlation.srcs/sources_1/ip/correlation_cordic_0/correlation_cordic_0.xml'.
CRITICAL WARNING: [IP_Flow 19-194] Failed to save IP instance 'correlation_cordic_0'.
CRITICAL WARNING: [IP_Flow 19-193] Failed to save BOM file 'd:/FPGA/Vivaldo Project/PUCCH-FORMAT-0/pucch0/pucch0.srcs/sources_1/bd/pucch0/ip/pucch0_correlation_0_0/correlation.srcs/sources_1/ip/correlation_cordic_0/correlation_cordic_0.xml'.
CRITICAL WARNING: [IP_Flow 19-194] Failed to save IP instance 'correlation_cordic_0'.
CRITICAL WARNING: [IP_Flow 19-193] Failed to save BOM file 'd:/FPGA/Vivaldo Project/PUCCH-FORMAT-0/pucch0/pucch0.srcs/sources_1/bd/pucch0/ip/pucch0_correlation_0_0/correlation.srcs/sources_1/ip/correlation_cordic_0/correlation_cordic_0.xml'.
CRITICAL WARNING: [IP_Flow 19-194] Failed to save IP instance 'correlation_cordic_0'.
ERROR: [IP_Flow 19-98] Generation of the IP CORE failed.
ERROR: [BD 41-1030] Generation failed for the IP Integrator block correlation_0 
CRITICAL WARNING: [IP_Flow 19-193] Failed to save BOM file 'd:/FPGA/Vivaldo Project/PUCCH-FORMAT-0/pucch0/pucch0.srcs/sources_1/bd/pucch0/ip/pucch0_combine_rx_sym_0_0/combine_rx_sym.srcs/sources_1/ip/combine_fifo_generator_0/combine_fifo_generator_0.xml'.
CRITICAL WARNING: [IP_Flow 19-194] Failed to save IP instance 'combine_fifo_generator_0'.
CRITICAL WARNING: [IP_Flow 19-193] Failed to save BOM file 'd:/FPGA/Vivaldo Project/PUCCH-FORMAT-0/pucch0/pucch0.srcs/sources_1/bd/pucch0/ip/pucch0_combine_rx_sym_0_0/combine_rx_sym.srcs/sources_1/ip/combine_fifo_generator_0/combine_fifo_generator_0.xml'.
CRITICAL WARNING: [IP_Flow 19-194] Failed to save IP instance 'combine_fifo_generator_0'.
CRITICAL WARNING: [IP_Flow 19-193] Failed to save BOM file 'd:/FPGA/Vivaldo Project/PUCCH-FORMAT-0/pucch0/pucch0.srcs/sources_1/bd/pucch0/ip/pucch0_combine_rx_sym_0_0/combine_rx_sym.srcs/sources_1/ip/combine_fifo_generator_0/combine_fifo_generator_0.xml'.
CRITICAL WARNING: [IP_Flow 19-194] Failed to save IP instance 'combine_fifo_generator_0'.
ERROR: [IP_Flow 19-98] Generation of the IP CORE failed.
ERROR: [BD 41-1030] Generation failed for the IP Integrator block combine_rx_sym_0 
INFO: [BD 41-1029] Generation completed for the IP Integrator block peak_search_0 .
INFO: [BD 41-1029] Generation completed for the IP Integrator block frame_sync_0 .
INFO: [BD 41-1029] Generation completed for the IP Integrator block layer2_parameter_0 .
INFO: [BD 41-1029] Generation completed for the IP Integrator block xlconstant_0 .
INFO: [BD 41-1029] Generation completed for the IP Integrator block xlconstant_1 .
CRITICAL WARNING: [IP_Flow 19-193] Failed to save BOM file 'd:/FPGA/Vivaldo Project/PUCCH-FORMAT-0/pucch0/pucch0.srcs/sources_1/bd/pucch0/ip/pucch0_sync_cyclic_0_0/sync_cyclic.srcs/sources_1/ip/cycliic_fifo_0/cycliic_fifo_0.xml'.
CRITICAL WARNING: [IP_Flow 19-194] Failed to save IP instance 'cycliic_fifo_0'.
CRITICAL WARNING: [IP_Flow 19-193] Failed to save BOM file 'd:/FPGA/Vivaldo Project/PUCCH-FORMAT-0/pucch0/pucch0.srcs/sources_1/bd/pucch0/ip/pucch0_sync_cyclic_0_0/sync_cyclic.srcs/sources_1/ip/cycliic_fifo_0/cycliic_fifo_0.xml'.
CRITICAL WARNING: [IP_Flow 19-194] Failed to save IP instance 'cycliic_fifo_0'.
CRITICAL WARNING: [IP_Flow 19-193] Failed to save BOM file 'd:/FPGA/Vivaldo Project/PUCCH-FORMAT-0/pucch0/pucch0.srcs/sources_1/bd/pucch0/ip/pucch0_sync_cyclic_0_0/sync_cyclic.srcs/sources_1/ip/cycliic_fifo_0/cycliic_fifo_0.xml'.
CRITICAL WARNING: [IP_Flow 19-194] Failed to save IP instance 'cycliic_fifo_0'.
ERROR: [IP_Flow 19-98] Generation of the IP CORE failed.
ERROR: [BD 41-1030] Generation failed for the IP Integrator block sync_cyclic_0 
INFO: [BD 41-1029] Generation completed for the IP Integrator block frame_sync_1 .
INFO: [BD 41-1029] Generation completed for the IP Integrator block xlconcat_0 .
CRITICAL WARNING: [IP_Flow 19-4965] IP xfft_0 was packaged with board value 'xilinx.com:vcu108:part0:1.6'. Current project's board value is 'xilinx.com:vcu118:part0:2.3'. Please update the project settings to match the packaged IP.
INFO: [IP_Flow 19-3420] Updated xfft_0 to use current project options
CRITICAL WARNING: [IP_Flow 19-4965] IP ctr_fft_0 was packaged with board value 'xilinx.com:vcu108:part0:1.6'. Current project's board value is 'xilinx.com:vcu118:part0:2.3'. Please update the project settings to match the packaged IP.
INFO: [IP_Flow 19-3422] Upgraded ctr_fft_0 (ctr_fft_v1_0 1.0) from revision 16 to revision 2
INFO: [BD 41-1029] Generation completed for the IP Integrator block ofdm_demodulation_v2_0 .
INFO: [BD 41-1029] Generation completed for the IP Integrator block xlconstant_2 .
INFO: [BD 41-1029] Generation completed for the IP Integrator block xlslice_0 .
CRITICAL WARNING: [IP_Flow 19-193] Failed to save BOM file 'd:/FPGA/Vivaldo Project/PUCCH-FORMAT-0/pucch0/pucch0.srcs/sources_1/bd/pucch0/ip/pucch0_cyclic_gen_0_0/cyclic_shift.srcs/sources_1/ip/cyclic_cmpy_0/cyclic_cmpy_0.xml'.
CRITICAL WARNING: [IP_Flow 19-194] Failed to save IP instance 'cyclic_cmpy_0'.
CRITICAL WARNING: [IP_Flow 19-193] Failed to save BOM file 'd:/FPGA/Vivaldo Project/PUCCH-FORMAT-0/pucch0/pucch0.srcs/sources_1/bd/pucch0/ip/pucch0_cyclic_gen_0_0/cyclic_shift.srcs/sources_1/ip/cyclic_cmpy_0/cyclic_cmpy_0.xml'.
CRITICAL WARNING: [IP_Flow 19-194] Failed to save IP instance 'cyclic_cmpy_0'.
CRITICAL WARNING: [IP_Flow 19-193] Failed to save BOM file 'd:/FPGA/Vivaldo Project/PUCCH-FORMAT-0/pucch0/pucch0.srcs/sources_1/bd/pucch0/ip/pucch0_cyclic_gen_0_0/cyclic_shift.srcs/sources_1/ip/cyclic_cmpy_0/cyclic_cmpy_0.xml'.
CRITICAL WARNING: [IP_Flow 19-194] Failed to save IP instance 'cyclic_cmpy_0'.
ERROR: [IP_Flow 19-98] Generation of the IP CORE failed.
ERROR: [BD 41-1030] Generation failed for the IP Integrator block cyclic_gen_0 
CRITICAL WARNING: [IP_Flow 19-193] Failed to save BOM file 'd:/FPGA/Vivaldo Project/PUCCH-FORMAT-0/pucch0/pucch0.srcs/sources_1/bd/pucch0/ip/pucch0_cyclic_gen_0_1/cyclic_shift.srcs/sources_1/ip/cyc_phase_gen_0/phase_gen.srcs/sources_1/ip/scramble_sequence_8bits_0/scramble_sequence_8bits_0.xml'.
CRITICAL WARNING: [IP_Flow 19-194] Failed to save IP instance 'scramble_sequence_8bits_0'.
CRITICAL WARNING: [IP_Flow 19-193] Failed to save BOM file 'd:/FPGA/Vivaldo Project/PUCCH-FORMAT-0/pucch0/pucch0.srcs/sources_1/bd/pucch0/ip/pucch0_cyclic_gen_0_1/cyclic_shift.srcs/sources_1/ip/cyc_phase_gen_0/phase_gen.srcs/sources_1/ip/scramble_sequence_8bits_0/scramble_sequence_8bits_0.xml'.
CRITICAL WARNING: [IP_Flow 19-194] Failed to save IP instance 'scramble_sequence_8bits_0'.
CRITICAL WARNING: [IP_Flow 19-193] Failed to save BOM file 'd:/FPGA/Vivaldo Project/PUCCH-FORMAT-0/pucch0/pucch0.srcs/sources_1/bd/pucch0/ip/pucch0_cyclic_gen_0_1/cyclic_shift.srcs/sources_1/ip/cyc_phase_gen_0/phase_gen.srcs/sources_1/ip/scramble_sequence_8bits_0/scramble_sequence_8bits_0.xml'.
CRITICAL WARNING: [IP_Flow 19-194] Failed to save IP instance 'scramble_sequence_8bits_0'.
ERROR: [IP_Flow 19-98] Generation of the IP CORE failed.
ERROR: [BD 41-1030] Generation failed for the IP Integrator block cyclic_gen_1 
Exporting to file D:/FPGA/Vivaldo Project/PUCCH-FORMAT-0/pucch0/pucch0.srcs/sources_1/bd/pucch0/hw_handoff/pucch0.hwh
Generated Block Design Tcl file D:/FPGA/Vivaldo Project/PUCCH-FORMAT-0/pucch0/pucch0.srcs/sources_1/bd/pucch0/hw_handoff/pucch0_bd.tcl
Generated Hardware Definition File D:/FPGA/Vivaldo Project/PUCCH-FORMAT-0/pucch0/pucch0.srcs/sources_1/bd/pucch0/synth/pucch0.hwdef
ERROR: [Common 17-39] 'generate_target' failed due to earlier errors.
report_ip_status -name ip_status 
reset_target all [get_files  {{D:/FPGA/Vivaldo Project/PUCCH-FORMAT-0/pucch0/pucch0.srcs/sources_1/bd/pucch0/pucch0.bd}}]
export_ip_user_files -of_objects  [get_files  {{D:/FPGA/Vivaldo Project/PUCCH-FORMAT-0/pucch0/pucch0.srcs/sources_1/bd/pucch0/pucch0.bd}}] -sync -no_script -force -quiet
generate_target all [get_files  {{D:/FPGA/Vivaldo Project/PUCCH-FORMAT-0/pucch0/pucch0.srcs/sources_1/bd/pucch0/pucch0.bd}}]
INFO: [BD 41-1662] The design 'pucch0.bd' is already validated. Therefore parameter propagation will not be re-run.
CRITICAL WARNING: [BD 41-759] The input pins (listed below) are either not connected or do not have a source port, and they don't have a tie-off specified. These pins are tied-off to all 0's to avoid error in Implementation flow.
Please check your design and connect them as needed: 
/combine_rx_sym_0/in_sqrt
/correlation_0/resourcesetresourceset

Wrote  : <D:\FPGA\Vivaldo Project\PUCCH-FORMAT-0\pucch0\pucch0.srcs\sources_1\bd\pucch0\pucch0.bd> 
CRITICAL WARNING: [BD 41-1228] Width mismatch when connecting input pin '/demapping_0/uci_slot'(5) to net 'slot_ind_1'(8) - Only lower order bits will be connected, and other input bits of this pin will be left unconnected.
CRITICAL WARNING: [BD 41-1228] Width mismatch when connecting input pin '/cyclic_gen_0/uci_slot'(5) to net 'slot_ind_1'(8) - Only lower order bits will be connected, and other input bits of this pin will be left unconnected.
CRITICAL WARNING: [BD 41-1228] Width mismatch when connecting input pin '/cyclic_gen_1/uci_slot'(5) to net 'slot_ind_1'(8) - Only lower order bits will be connected, and other input bits of this pin will be left unconnected.
CRITICAL WARNING: [BD 41-1228] Width mismatch when connecting input pin '/demapping_0/uci_first_symbol_idx'(4) to net 'layer2_parameter_0_uci_frist_symbol'(8) - Only lower order bits will be connected, and other input bits of this pin will be left unconnected.
CRITICAL WARNING: [BD 41-1228] Width mismatch when connecting input pin '/cyclic_gen_0/uci_first_symbol'(4) to net 'layer2_parameter_0_uci_frist_symbol'(8) - Only lower order bits will be connected, and other input bits of this pin will be left unconnected.
CRITICAL WARNING: [BD 41-1228] Width mismatch when connecting input pin '/cyclic_gen_1/uci_first_symbol'(4) to net 'layer2_parameter_0_uci_frist_symbol'(8) - Only lower order bits will be connected, and other input bits of this pin will be left unconnected.
CRITICAL WARNING: [BD 41-1228] Width mismatch when connecting input pin '/demapping_0/uci_nsymbols'(2) to net 'layer2_parameter_0_uci_symbol'(8) - Only lower order bits will be connected, and other input bits of this pin will be left unconnected.
CRITICAL WARNING: [BD 41-1228] Width mismatch when connecting input pin '/demapping_0/uci_prbsoffset'(2) to net 'layer2_parameter_0_uci_pbr_offset'(16) - Only lower order bits will be connected, and other input bits of this pin will be left unconnected.
CRITICAL WARNING: [BD 41-1228] Width mismatch when connecting input pin '/demapping_0/uci_secondhop_prb'(10) to net 'layer2_parameter_0_uci_second_prb'(16) - Only lower order bits will be connected, and other input bits of this pin will be left unconnected.
CRITICAL WARNING: [BD 41-1228] Width mismatch when connecting input pin '/cyclic_gen_0/uci_nID'(11) to net 'layer2_parameter_0_uci_nid'(16) - Only lower order bits will be connected, and other input bits of this pin will be left unconnected.
CRITICAL WARNING: [BD 41-1228] Width mismatch when connecting input pin '/cyclic_gen_1/uci_nID'(11) to net 'layer2_parameter_0_uci_nid'(16) - Only lower order bits will be connected, and other input bits of this pin will be left unconnected.
CRITICAL WARNING: [BD 41-1228] Width mismatch when connecting input pin '/cyclic_gen_0/uci_m0'(4) to net 'layer2_parameter_0_uci_m0'(16) - Only lower order bits will be connected, and other input bits of this pin will be left unconnected.
CRITICAL WARNING: [BD 41-1228] Width mismatch when connecting input pin '/cyclic_gen_1/uci_m0'(4) to net 'layer2_parameter_0_uci_m0'(16) - Only lower order bits will be connected, and other input bits of this pin will be left unconnected.
CRITICAL WARNING: [BD 41-1228] Width mismatch when connecting input pin '/peak_search_0/uci_ack'(2) to net 'layer2_parameter_0_uci_ack'(16) - Only lower order bits will be connected, and other input bits of this pin will be left unconnected.
CRITICAL WARNING: [BD 41-1228] Width mismatch when connecting input pin '/cyclic_gen_0/uci_ack'(2) to net 'layer2_parameter_0_uci_ack'(16) - Only lower order bits will be connected, and other input bits of this pin will be left unconnected.
CRITICAL WARNING: [BD 41-1228] Width mismatch when connecting input pin '/cyclic_gen_1/uci_ack'(2) to net 'layer2_parameter_0_uci_ack'(16) - Only lower order bits will be connected, and other input bits of this pin will be left unconnected.
CRITICAL WARNING: [BD 41-1228] Width mismatch when connecting input pin '/cyclic_gen_0/uci_grouphopping'(2) to net 'group_hopping_1'(8) - Only lower order bits will be connected, and other input bits of this pin will be left unconnected.
CRITICAL WARNING: [BD 41-1228] Width mismatch when connecting input pin '/cyclic_gen_1/uci_grouphopping'(2) to net 'group_hopping_1'(8) - Only lower order bits will be connected, and other input bits of this pin will be left unconnected.
CRITICAL WARNING: [BD 41-1228] Width mismatch when connecting input pin '/ofdm_demodulation_v2_0/scale_factor'(4) to net 'xlconstant_2_dout'(3) - Only lower order bits will be connected, and other input bits of this pin will be left unconnected.
CRITICAL WARNING: [BD 41-1228] Width mismatch when connecting input pin '/ofdm_demodulation_v2_0/ant_input'(32) to net 'xlslice_0_Dout'(16) - Only lower order bits will be connected, and other input bits of this pin will be left unconnected.
VHDL Output written to : D:/FPGA/Vivaldo Project/PUCCH-FORMAT-0/pucch0/pucch0.srcs/sources_1/bd/pucch0/synth/pucch0.v
CRITICAL WARNING: [BD 41-1228] Width mismatch when connecting input pin '/demapping_0/uci_slot'(5) to net 'slot_ind_1'(8) - Only lower order bits will be connected, and other input bits of this pin will be left unconnected.
CRITICAL WARNING: [BD 41-1228] Width mismatch when connecting input pin '/cyclic_gen_0/uci_slot'(5) to net 'slot_ind_1'(8) - Only lower order bits will be connected, and other input bits of this pin will be left unconnected.
CRITICAL WARNING: [BD 41-1228] Width mismatch when connecting input pin '/cyclic_gen_1/uci_slot'(5) to net 'slot_ind_1'(8) - Only lower order bits will be connected, and other input bits of this pin will be left unconnected.
CRITICAL WARNING: [BD 41-1228] Width mismatch when connecting input pin '/demapping_0/uci_first_symbol_idx'(4) to net 'layer2_parameter_0_uci_frist_symbol'(8) - Only lower order bits will be connected, and other input bits of this pin will be left unconnected.
CRITICAL WARNING: [BD 41-1228] Width mismatch when connecting input pin '/cyclic_gen_0/uci_first_symbol'(4) to net 'layer2_parameter_0_uci_frist_symbol'(8) - Only lower order bits will be connected, and other input bits of this pin will be left unconnected.
CRITICAL WARNING: [BD 41-1228] Width mismatch when connecting input pin '/cyclic_gen_1/uci_first_symbol'(4) to net 'layer2_parameter_0_uci_frist_symbol'(8) - Only lower order bits will be connected, and other input bits of this pin will be left unconnected.
CRITICAL WARNING: [BD 41-1228] Width mismatch when connecting input pin '/demapping_0/uci_nsymbols'(2) to net 'layer2_parameter_0_uci_symbol'(8) - Only lower order bits will be connected, and other input bits of this pin will be left unconnected.
CRITICAL WARNING: [BD 41-1228] Width mismatch when connecting input pin '/demapping_0/uci_prbsoffset'(2) to net 'layer2_parameter_0_uci_pbr_offset'(16) - Only lower order bits will be connected, and other input bits of this pin will be left unconnected.
CRITICAL WARNING: [BD 41-1228] Width mismatch when connecting input pin '/demapping_0/uci_secondhop_prb'(10) to net 'layer2_parameter_0_uci_second_prb'(16) - Only lower order bits will be connected, and other input bits of this pin will be left unconnected.
CRITICAL WARNING: [BD 41-1228] Width mismatch when connecting input pin '/cyclic_gen_0/uci_nID'(11) to net 'layer2_parameter_0_uci_nid'(16) - Only lower order bits will be connected, and other input bits of this pin will be left unconnected.
CRITICAL WARNING: [BD 41-1228] Width mismatch when connecting input pin '/cyclic_gen_1/uci_nID'(11) to net 'layer2_parameter_0_uci_nid'(16) - Only lower order bits will be connected, and other input bits of this pin will be left unconnected.
CRITICAL WARNING: [BD 41-1228] Width mismatch when connecting input pin '/cyclic_gen_0/uci_m0'(4) to net 'layer2_parameter_0_uci_m0'(16) - Only lower order bits will be connected, and other input bits of this pin will be left unconnected.
CRITICAL WARNING: [BD 41-1228] Width mismatch when connecting input pin '/cyclic_gen_1/uci_m0'(4) to net 'layer2_parameter_0_uci_m0'(16) - Only lower order bits will be connected, and other input bits of this pin will be left unconnected.
CRITICAL WARNING: [BD 41-1228] Width mismatch when connecting input pin '/peak_search_0/uci_ack'(2) to net 'layer2_parameter_0_uci_ack'(16) - Only lower order bits will be connected, and other input bits of this pin will be left unconnected.
CRITICAL WARNING: [BD 41-1228] Width mismatch when connecting input pin '/cyclic_gen_0/uci_ack'(2) to net 'layer2_parameter_0_uci_ack'(16) - Only lower order bits will be connected, and other input bits of this pin will be left unconnected.
CRITICAL WARNING: [BD 41-1228] Width mismatch when connecting input pin '/cyclic_gen_1/uci_ack'(2) to net 'layer2_parameter_0_uci_ack'(16) - Only lower order bits will be connected, and other input bits of this pin will be left unconnected.
CRITICAL WARNING: [BD 41-1228] Width mismatch when connecting input pin '/cyclic_gen_0/uci_grouphopping'(2) to net 'group_hopping_1'(8) - Only lower order bits will be connected, and other input bits of this pin will be left unconnected.
CRITICAL WARNING: [BD 41-1228] Width mismatch when connecting input pin '/cyclic_gen_1/uci_grouphopping'(2) to net 'group_hopping_1'(8) - Only lower order bits will be connected, and other input bits of this pin will be left unconnected.
CRITICAL WARNING: [BD 41-1228] Width mismatch when connecting input pin '/ofdm_demodulation_v2_0/scale_factor'(4) to net 'xlconstant_2_dout'(3) - Only lower order bits will be connected, and other input bits of this pin will be left unconnected.
CRITICAL WARNING: [BD 41-1228] Width mismatch when connecting input pin '/ofdm_demodulation_v2_0/ant_input'(32) to net 'xlslice_0_Dout'(16) - Only lower order bits will be connected, and other input bits of this pin will be left unconnected.
VHDL Output written to : D:/FPGA/Vivaldo Project/PUCCH-FORMAT-0/pucch0/pucch0.srcs/sources_1/bd/pucch0/sim/pucch0.v
VHDL Output written to : D:/FPGA/Vivaldo Project/PUCCH-FORMAT-0/pucch0/pucch0.srcs/sources_1/bd/pucch0/hdl/pucch0_wrapper.v
INFO: [BD 41-1029] Generation completed for the IP Integrator block physical_control_0 .
INFO: [BD 41-1029] Generation completed for the IP Integrator block demapping_0 .
CRITICAL WARNING: [IP_Flow 19-193] Failed to save BOM file 'd:/FPGA/Vivaldo Project/PUCCH-FORMAT-0/pucch0/pucch0.srcs/sources_1/bd/pucch0/ip/pucch0_rx_duplication_0_0/rx_duplication.srcs/sources_1/ip/rx_dup_mem_1/rx_dup_mem_1.xml'.
CRITICAL WARNING: [IP_Flow 19-194] Failed to save IP instance 'rx_dup_mem_1'.
CRITICAL WARNING: [IP_Flow 19-193] Failed to save BOM file 'd:/FPGA/Vivaldo Project/PUCCH-FORMAT-0/pucch0/pucch0.srcs/sources_1/bd/pucch0/ip/pucch0_rx_duplication_0_0/rx_duplication.srcs/sources_1/ip/rx_dup_mem_1/rx_dup_mem_1.xml'.
CRITICAL WARNING: [IP_Flow 19-194] Failed to save IP instance 'rx_dup_mem_1'.
ERROR: [IP_Flow 19-98] Generation of the IP CORE failed.
ERROR: [BD 41-1030] Generation failed for the IP Integrator block rx_duplication_0 
CRITICAL WARNING: [IP_Flow 19-193] Failed to save BOM file 'd:/FPGA/Vivaldo Project/PUCCH-FORMAT-0/pucch0/pucch0.srcs/sources_1/bd/pucch0/ip/pucch0_correlation_0_0/correlation.srcs/sources_1/ip/correlation_cordic_0/correlation_cordic_0.xml'.
CRITICAL WARNING: [IP_Flow 19-194] Failed to save IP instance 'correlation_cordic_0'.
CRITICAL WARNING: [IP_Flow 19-193] Failed to save BOM file 'd:/FPGA/Vivaldo Project/PUCCH-FORMAT-0/pucch0/pucch0.srcs/sources_1/bd/pucch0/ip/pucch0_correlation_0_0/correlation.srcs/sources_1/ip/correlation_cordic_0/correlation_cordic_0.xml'.
CRITICAL WARNING: [IP_Flow 19-194] Failed to save IP instance 'correlation_cordic_0'.
ERROR: [IP_Flow 19-98] Generation of the IP CORE failed.
ERROR: [BD 41-1030] Generation failed for the IP Integrator block correlation_0 
CRITICAL WARNING: [IP_Flow 19-193] Failed to save BOM file 'd:/FPGA/Vivaldo Project/PUCCH-FORMAT-0/pucch0/pucch0.srcs/sources_1/bd/pucch0/ip/pucch0_combine_rx_sym_0_0/combine_rx_sym.srcs/sources_1/ip/combine_fifo_generator_0/combine_fifo_generator_0.xml'.
CRITICAL WARNING: [IP_Flow 19-194] Failed to save IP instance 'combine_fifo_generator_0'.
CRITICAL WARNING: [IP_Flow 19-193] Failed to save BOM file 'd:/FPGA/Vivaldo Project/PUCCH-FORMAT-0/pucch0/pucch0.srcs/sources_1/bd/pucch0/ip/pucch0_combine_rx_sym_0_0/combine_rx_sym.srcs/sources_1/ip/combine_fifo_generator_0/combine_fifo_generator_0.xml'.
CRITICAL WARNING: [IP_Flow 19-194] Failed to save IP instance 'combine_fifo_generator_0'.
ERROR: [IP_Flow 19-98] Generation of the IP CORE failed.
ERROR: [BD 41-1030] Generation failed for the IP Integrator block combine_rx_sym_0 
INFO: [BD 41-1029] Generation completed for the IP Integrator block peak_search_0 .
INFO: [BD 41-1029] Generation completed for the IP Integrator block frame_sync_0 .
INFO: [BD 41-1029] Generation completed for the IP Integrator block layer2_parameter_0 .
INFO: [BD 41-1029] Generation completed for the IP Integrator block xlconstant_0 .
INFO: [BD 41-1029] Generation completed for the IP Integrator block xlconstant_1 .
INFO: [IP_Flow 19-3420] Updated cycliic_fifo_0 to use current project options
INFO: [BD 41-1029] Generation completed for the IP Integrator block sync_cyclic_0 .
INFO: [BD 41-1029] Generation completed for the IP Integrator block frame_sync_1 .
INFO: [BD 41-1029] Generation completed for the IP Integrator block xlconcat_0 .
CRITICAL WARNING: [IP_Flow 19-193] Failed to save BOM file 'd:/FPGA/Vivaldo Project/PUCCH-FORMAT-0/pucch0/pucch0.srcs/sources_1/bd/pucch0/ip/pucch0_ofdm_demodulation_v2_0_0/ofdm_demodulation.srcs/sources_1/ip/xfft_0/xfft_0.xml'.
CRITICAL WARNING: [IP_Flow 19-194] Failed to save IP instance 'xfft_0'.
CRITICAL WARNING: [IP_Flow 19-193] Failed to save BOM file 'd:/FPGA/Vivaldo Project/PUCCH-FORMAT-0/pucch0/pucch0.srcs/sources_1/bd/pucch0/ip/pucch0_ofdm_demodulation_v2_0_0/ofdm_demodulation.srcs/sources_1/ip/xfft_0/xfft_0.xml'.
CRITICAL WARNING: [IP_Flow 19-194] Failed to save IP instance 'xfft_0'.
CRITICAL WARNING: [IP_Flow 19-4739] Writing uncustomized BOM file 'd:/FPGA/Vivaldo Project/PUCCH-FORMAT-0/pucch0/pucch0.srcs/sources_1/bd/pucch0/ip/pucch0_ofdm_demodulation_v2_0_0/ofdm_demodulation.srcs/sources_1/ip/ctr_fft_0/ctr_fft_0.xml'
ERROR: [IP_Flow 19-98] Generation of the IP CORE failed.
ERROR: [BD 41-1030] Generation failed for the IP Integrator block ofdm_demodulation_v2_0 
INFO: [BD 41-1029] Generation completed for the IP Integrator block xlconstant_2 .
INFO: [BD 41-1029] Generation completed for the IP Integrator block xlslice_0 .
CRITICAL WARNING: [IP_Flow 19-193] Failed to save BOM file 'd:/FPGA/Vivaldo Project/PUCCH-FORMAT-0/pucch0/pucch0.srcs/sources_1/bd/pucch0/ip/pucch0_cyclic_gen_0_0/cyclic_shift.srcs/sources_1/ip/cyclic_cmpy_0/cyclic_cmpy_0.xml'.
CRITICAL WARNING: [IP_Flow 19-194] Failed to save IP instance 'cyclic_cmpy_0'.
CRITICAL WARNING: [IP_Flow 19-193] Failed to save BOM file 'd:/FPGA/Vivaldo Project/PUCCH-FORMAT-0/pucch0/pucch0.srcs/sources_1/bd/pucch0/ip/pucch0_cyclic_gen_0_0/cyclic_shift.srcs/sources_1/ip/cyclic_cmpy_0/cyclic_cmpy_0.xml'.
CRITICAL WARNING: [IP_Flow 19-194] Failed to save IP instance 'cyclic_cmpy_0'.
ERROR: [IP_Flow 19-98] Generation of the IP CORE failed.
ERROR: [BD 41-1030] Generation failed for the IP Integrator block cyclic_gen_0 
CRITICAL WARNING: [IP_Flow 19-193] Failed to save BOM file 'd:/FPGA/Vivaldo Project/PUCCH-FORMAT-0/pucch0/pucch0.srcs/sources_1/bd/pucch0/ip/pucch0_cyclic_gen_0_1/cyclic_shift.srcs/sources_1/ip/cyclic_fifo_generator_0/cyclic_fifo_generator_0.xml'.
CRITICAL WARNING: [IP_Flow 19-194] Failed to save IP instance 'cyclic_fifo_generator_0'.
CRITICAL WARNING: [IP_Flow 19-193] Failed to save BOM file 'd:/FPGA/Vivaldo Project/PUCCH-FORMAT-0/pucch0/pucch0.srcs/sources_1/bd/pucch0/ip/pucch0_cyclic_gen_0_1/cyclic_shift.srcs/sources_1/ip/cyclic_fifo_generator_0/cyclic_fifo_generator_0.xml'.
CRITICAL WARNING: [IP_Flow 19-194] Failed to save IP instance 'cyclic_fifo_generator_0'.
ERROR: [IP_Flow 19-98] Generation of the IP CORE failed.
ERROR: [BD 41-1030] Generation failed for the IP Integrator block cyclic_gen_1 
Exporting to file D:/FPGA/Vivaldo Project/PUCCH-FORMAT-0/pucch0/pucch0.srcs/sources_1/bd/pucch0/hw_handoff/pucch0.hwh
CRITICAL WARNING: [BD 41-1938] The current design is out-of-date/locked, so it is best to update before calling write_bd_tcl, however, a Tcl script is still generated for the current design.
Generated Block Design Tcl file D:/FPGA/Vivaldo Project/PUCCH-FORMAT-0/pucch0/pucch0.srcs/sources_1/bd/pucch0/hw_handoff/pucch0_bd.tcl
Generated Hardware Definition File D:/FPGA/Vivaldo Project/PUCCH-FORMAT-0/pucch0/pucch0.srcs/sources_1/bd/pucch0/synth/pucch0.hwdef
generate_target: Time (s): cpu = 00:00:17 ; elapsed = 00:00:17 . Memory (MB): peak = 2650.746 ; gain = 0.000
ERROR: [Common 17-39] 'generate_target' failed due to earlier errors.
launch_simulation
Command: launch_simulation 
INFO: [Vivado 12-5682] Launching behavioral simulation in 'D:/FPGA/Vivaldo Project/PUCCH-FORMAT-0/pucch0/pucch0.sim/sim_1/behav/xsim'
INFO: [Vivado 12-4795] Using compiled simulation libraries for IPs
INFO: [SIM-utils-51] Simulation object is 'sim_1'
INFO: [USF-XSim-7] Finding pre-compiled libraries...
INFO: [USF-XSim-11] File 'D:/Xilinx/Vivado/2019.2/data/xsim/xsim.ini' copied to run dir:'D:/FPGA/Vivaldo Project/PUCCH-FORMAT-0/pucch0/pucch0.sim/sim_1/behav/xsim'
INFO: [SIM-utils-54] Inspecting design source files for 'tb' in fileset 'sim_1'...
INFO: [SIM-utils-43] Exported 'D:/FPGA/Vivaldo Project/PUCCH-FORMAT-0/pucch0/pucch0.sim/sim_1/behav/xsim/phi.coe'
INFO: [SIM-utils-43] Exported 'D:/FPGA/Vivaldo Project/PUCCH-FORMAT-0/pucch0/pucch0.sim/sim_1/behav/xsim/phi.coe'
INFO: [SIM-utils-43] Exported 'D:/FPGA/Vivaldo Project/PUCCH-FORMAT-0/pucch0/pucch0.sim/sim_1/behav/xsim/phi.coe'
INFO: [SIM-utils-43] Exported 'D:/FPGA/Vivaldo Project/PUCCH-FORMAT-0/pucch0/pucch0.sim/sim_1/behav/xsim/phi.coe'
WARNING: [SIM-utils-52] IP component XML file does not exist: 'd:/FPGA/Vivaldo Project/PUCCH-FORMAT-0/pucch0/pucch0.srcs/sources_1/bd/pucch0/ip/pucch0_combine_rx_sym_0_0/combine_rx_sym.srcs/sources_1/ip/combine_fifo_generator_0/combine_fifo_generator_0.xml'
WARNING: [SIM-utils-52] IP component XML file does not exist: 'd:/FPGA/Vivaldo Project/PUCCH-FORMAT-0/pucch0/pucch0.srcs/sources_1/bd/pucch0/ip/pucch0_correlation_0_0/correlation.srcs/sources_1/ip/correlation_cordic_0/correlation_cordic_0.xml'
WARNING: [SIM-utils-52] IP component XML file does not exist: 'd:/FPGA/Vivaldo Project/PUCCH-FORMAT-0/pucch0/pucch0.srcs/sources_1/bd/pucch0/ip/pucch0_ofdm_demodulation_v2_0_0/ofdm_demodulation.srcs/sources_1/ip/ctr_fft_0/ctr_fft_0.xml'
WARNING: [SIM-utils-52] IP component XML file does not exist: 'd:/FPGA/Vivaldo Project/PUCCH-FORMAT-0/pucch0/pucch0.srcs/sources_1/bd/pucch0/ip/pucch0_cyclic_gen_0_0/cyclic_shift.srcs/sources_1/ip/cyclic_cmpy_0/cyclic_cmpy_0.xml'
WARNING: [SIM-utils-52] IP component XML file does not exist: 'd:/FPGA/Vivaldo Project/PUCCH-FORMAT-0/pucch0/pucch0.srcs/sources_1/bd/pucch0/ip/pucch0_cyclic_gen_0_1/cyclic_shift.srcs/sources_1/ip/cyclic_fifo_generator_0/cyclic_fifo_generator_0.xml'
WARNING: [SIM-utils-52] IP component XML file does not exist: 'd:/FPGA/Vivaldo Project/PUCCH-FORMAT-0/pucch0/pucch0.srcs/sources_1/bd/pucch0/ip/pucch0_rx_duplication_0_0/rx_duplication.srcs/sources_1/ip/rx_dup_mem_1/rx_dup_mem_1.xml'
WARNING: [SIM-utils-52] IP component XML file does not exist: 'd:/FPGA/Vivaldo Project/PUCCH-FORMAT-0/pucch0/pucch0.srcs/sources_1/bd/pucch0/ip/pucch0_ofdm_demodulation_v2_0_0/ofdm_demodulation.srcs/sources_1/ip/xfft_0/xfft_0.xml'
INFO: [USF-XSim-97] Finding global include files...
INFO: [USF-XSim-98] Fetching design files from 'sim_1'...
INFO: [USF-XSim-2] XSim::Compile design
INFO: [USF-XSim-61] Executing 'COMPILE and ANALYZE' step in 'D:/FPGA/Vivaldo Project/PUCCH-FORMAT-0/pucch0/pucch0.sim/sim_1/behav/xsim'
"xvlog --incr --relax -prj tb_vlog.prj"
INFO: [VRFC 10-2263] Analyzing Verilog file "D:/FPGA/Vivaldo Project/PUCCH-FORMAT-0/pucch0/pucch0.srcs/sources_1/bd/pucch0/ipshared/fcfe/physical_control.srcs/sources_1/new/physical_control.v" into library xil_defaultlib
INFO: [VRFC 10-311] analyzing module physical_control
INFO: [VRFC 10-2263] Analyzing Verilog file "D:/FPGA/Vivaldo Project/PUCCH-FORMAT-0/pucch0/pucch0.srcs/sources_1/bd/pucch0/ip/pucch0_physical_control_0_0/sim/pucch0_physical_control_0_0.v" into library xil_defaultlib
INFO: [VRFC 10-311] analyzing module pucch0_physical_control_0_0
INFO: [VRFC 10-2263] Analyzing Verilog file "D:/FPGA/Vivaldo Project/PUCCH-FORMAT-0/pucch0/pucch0.srcs/sources_1/bd/pucch0/ipshared/6919/demapping.srcs/sources_1/new/demapping.v" into library xil_defaultlib
INFO: [VRFC 10-311] analyzing module demapping
INFO: [VRFC 10-311] analyzing module delay_N
INFO: [VRFC 10-311] analyzing module rasing_edge
INFO: [VRFC 10-311] analyzing module extend_valid_new
INFO: [VRFC 10-2263] Analyzing Verilog file "D:/FPGA/Vivaldo Project/PUCCH-FORMAT-0/pucch0/pucch0.srcs/sources_1/bd/pucch0/ip/pucch0_demapping_0_0/sim/pucch0_demapping_0_0.v" into library xil_defaultlib
INFO: [VRFC 10-311] analyzing module pucch0_demapping_0_0
INFO: [VRFC 10-2263] Analyzing Verilog file "D:/FPGA/Vivaldo Project/PUCCH-FORMAT-0/pucch0/pucch0.srcs/sources_1/bd/pucch0/ipshared/7569/rx_duplication.srcs/sources_1/new/rx_duplication.v" into library xil_defaultlib
INFO: [VRFC 10-311] analyzing module rx_duplication
INFO: [VRFC 10-311] analyzing module extend_valid_new
WARNING: [VRFC 10-3609] overwriting previous definition of module 'extend_valid_new' [D:/FPGA/Vivaldo Project/PUCCH-FORMAT-0/pucch0/pucch0.srcs/sources_1/bd/pucch0/ipshared/7569/rx_duplication.srcs/sources_1/new/rx_duplication.v:99]
INFO: [VRFC 10-311] analyzing module falling_edge
INFO: [VRFC 10-2263] Analyzing Verilog file "D:/FPGA/Vivaldo Project/PUCCH-FORMAT-0/pucch0/pucch0.srcs/sources_1/bd/pucch0/ip/pucch0_rx_duplication_0_0/sim/pucch0_rx_duplication_0_0.v" into library xil_defaultlib
INFO: [VRFC 10-311] analyzing module pucch0_rx_duplication_0_0
INFO: [VRFC 10-2263] Analyzing Verilog file "D:/FPGA/Vivaldo Project/PUCCH-FORMAT-0/pucch0/pucch0.srcs/sources_1/bd/pucch0/ipshared/74e7/correlation.srcs/sources_1/new/correlation.v" into library xil_defaultlib
INFO: [VRFC 10-311] analyzing module correlation
INFO: [VRFC 10-2263] Analyzing Verilog file "D:/FPGA/Vivaldo Project/PUCCH-FORMAT-0/pucch0/pucch0.srcs/sources_1/bd/pucch0/ip/pucch0_correlation_0_0/sim/pucch0_correlation_0_0.v" into library xil_defaultlib
INFO: [VRFC 10-311] analyzing module pucch0_correlation_0_0
INFO: [VRFC 10-2263] Analyzing Verilog file "D:/FPGA/Vivaldo Project/PUCCH-FORMAT-0/pucch0/pucch0.srcs/sources_1/bd/pucch0/ipshared/35d7/combine_rx_sym.srcs/sources_1/new/combine_rx_sym.v" into library xil_defaultlib
INFO: [VRFC 10-311] analyzing module combine_rx_sym
INFO: [VRFC 10-2458] undeclared symbol empty, assumed default net type wire [D:/FPGA/Vivaldo Project/PUCCH-FORMAT-0/pucch0/pucch0.srcs/sources_1/bd/pucch0/ipshared/35d7/combine_rx_sym.srcs/sources_1/new/combine_rx_sym.v:95]
INFO: [VRFC 10-2263] Analyzing Verilog file "D:/FPGA/Vivaldo Project/PUCCH-FORMAT-0/pucch0/pucch0.srcs/sources_1/bd/pucch0/ip/pucch0_combine_rx_sym_0_0/sim/pucch0_combine_rx_sym_0_0.v" into library xil_defaultlib
INFO: [VRFC 10-311] analyzing module pucch0_combine_rx_sym_0_0
INFO: [VRFC 10-2263] Analyzing Verilog file "D:/FPGA/Vivaldo Project/PUCCH-FORMAT-0/pucch0/pucch0.srcs/sources_1/bd/pucch0/ipshared/16a5/peak_search.srcs/sources_1/new/peak_search.v" into library xil_defaultlib
INFO: [VRFC 10-311] analyzing module peak_search
INFO: [VRFC 10-2263] Analyzing Verilog file "D:/FPGA/Vivaldo Project/PUCCH-FORMAT-0/pucch0/pucch0.srcs/sources_1/bd/pucch0/ip/pucch0_peak_search_0_0/sim/pucch0_peak_search_0_0.v" into library xil_defaultlib
INFO: [VRFC 10-311] analyzing module pucch0_peak_search_0_0
INFO: [VRFC 10-2263] Analyzing Verilog file "D:/FPGA/Vivaldo Project/PUCCH-FORMAT-0/pucch0/pucch0.srcs/sources_1/bd/pucch0/ipshared/5e8b/frame_sync.srcs/sources_1/new/frame_sync.v" into library xil_defaultlib
INFO: [VRFC 10-311] analyzing module frame_sync
INFO: [VRFC 10-311] analyzing module des_cnt
INFO: [VRFC 10-311] analyzing module delay_N
WARNING: [VRFC 10-3609] overwriting previous definition of module 'delay_N' [D:/FPGA/Vivaldo Project/PUCCH-FORMAT-0/pucch0/pucch0.srcs/sources_1/bd/pucch0/ipshared/5e8b/frame_sync.srcs/sources_1/new/frame_sync.v:130]
INFO: [VRFC 10-311] analyzing module extend_valid
INFO: [VRFC 10-2263] Analyzing Verilog file "D:/FPGA/Vivaldo Project/PUCCH-FORMAT-0/pucch0/pucch0.srcs/sources_1/bd/pucch0/ip/pucch0_frame_sync_0_3/sim/pucch0_frame_sync_0_3.v" into library xil_defaultlib
INFO: [VRFC 10-311] analyzing module pucch0_frame_sync_0_3
INFO: [VRFC 10-2263] Analyzing Verilog file "D:/FPGA/Vivaldo Project/PUCCH-FORMAT-0/pucch0/pucch0.srcs/sources_1/bd/pucch0/ipshared/165e/layer2_parameter.v" into library xil_defaultlib
INFO: [VRFC 10-311] analyzing module layer2_parameter
INFO: [VRFC 10-2263] Analyzing Verilog file "D:/FPGA/Vivaldo Project/PUCCH-FORMAT-0/pucch0/pucch0.srcs/sources_1/bd/pucch0/ip/pucch0_layer2_parameter_0_0/sim/pucch0_layer2_parameter_0_0.v" into library xil_defaultlib
INFO: [VRFC 10-311] analyzing module pucch0_layer2_parameter_0_0
INFO: [VRFC 10-2263] Analyzing Verilog file "D:/FPGA/Vivaldo Project/PUCCH-FORMAT-0/pucch0/pucch0.srcs/sources_1/bd/pucch0/ip/pucch0_xlconstant_0_0/sim/pucch0_xlconstant_0_0.v" into library xil_defaultlib
INFO: [VRFC 10-311] analyzing module pucch0_xlconstant_0_0
INFO: [VRFC 10-2263] Analyzing Verilog file "D:/FPGA/Vivaldo Project/PUCCH-FORMAT-0/pucch0/pucch0.srcs/sources_1/bd/pucch0/ip/pucch0_xlconstant_0_1/sim/pucch0_xlconstant_0_1.v" into library xil_defaultlib
INFO: [VRFC 10-311] analyzing module pucch0_xlconstant_0_1
INFO: [VRFC 10-2263] Analyzing Verilog file "D:/FPGA/Vivaldo Project/PUCCH-FORMAT-0/pucch0/pucch0.srcs/sources_1/bd/pucch0/ip/pucch0_sync_cyclic_0_0/sync_cyclic.srcs/sources_1/ip/cycliic_fifo_0/sim/cycliic_fifo_0.v" into library xil_defaultlib
INFO: [VRFC 10-311] analyzing module cycliic_fifo_0
INFO: [VRFC 10-2263] Analyzing Verilog file "D:/FPGA/Vivaldo Project/PUCCH-FORMAT-0/pucch0/pucch0.srcs/sources_1/bd/pucch0/ipshared/ff42/sync_cyclic.srcs/sources_1/new/sync_cyclic.v" into library xil_defaultlib
INFO: [VRFC 10-311] analyzing module sync_cyclic
INFO: [VRFC 10-2263] Analyzing Verilog file "D:/FPGA/Vivaldo Project/PUCCH-FORMAT-0/pucch0/pucch0.srcs/sources_1/bd/pucch0/ip/pucch0_sync_cyclic_0_0/sim/pucch0_sync_cyclic_0_0.v" into library xil_defaultlib
INFO: [VRFC 10-311] analyzing module pucch0_sync_cyclic_0_0
INFO: [VRFC 10-2263] Analyzing Verilog file "D:/FPGA/Vivaldo Project/PUCCH-FORMAT-0/pucch0/pucch0.srcs/sources_1/bd/pucch0/ip/pucch0_frame_sync_0_4/sim/pucch0_frame_sync_0_4.v" into library xil_defaultlib
INFO: [VRFC 10-311] analyzing module pucch0_frame_sync_0_4
INFO: [VRFC 10-2263] Analyzing Verilog file "D:/FPGA/Vivaldo Project/PUCCH-FORMAT-0/pucch0/pucch0.srcs/sources_1/bd/pucch0/ip/pucch0_xlconcat_0_0/sim/pucch0_xlconcat_0_0.v" into library xil_defaultlib
INFO: [VRFC 10-311] analyzing module pucch0_xlconcat_0_0
INFO: [VRFC 10-2263] Analyzing Verilog file "D:/FPGA/Vivaldo Project/PUCCH-FORMAT-0/pucch0/pucch0.srcs/sources_1/bd/pucch0/ipshared/0507/ofdm_demodulation.srcs/sources_1/new/fft.v" into library xil_defaultlib
INFO: [VRFC 10-311] analyzing module ofdm_demodulation
INFO: [VRFC 10-2458] undeclared symbol m_axis_data_tvalid, assumed default net type wire [D:/FPGA/Vivaldo Project/PUCCH-FORMAT-0/pucch0/pucch0.srcs/sources_1/bd/pucch0/ipshared/0507/ofdm_demodulation.srcs/sources_1/new/fft.v:74]
INFO: [VRFC 10-2263] Analyzing Verilog file "D:/FPGA/Vivaldo Project/PUCCH-FORMAT-0/pucch0/pucch0.srcs/sources_1/bd/pucch0/ip/pucch0_ofdm_demodulation_v2_0_0/sim/pucch0_ofdm_demodulation_v2_0_0.v" into library xil_defaultlib
INFO: [VRFC 10-311] analyzing module pucch0_ofdm_demodulation_v2_0_0
INFO: [VRFC 10-2263] Analyzing Verilog file "D:/FPGA/Vivaldo Project/PUCCH-FORMAT-0/pucch0/pucch0.srcs/sources_1/bd/pucch0/ip/pucch0_xlconstant_0_2/sim/pucch0_xlconstant_0_2.v" into library xil_defaultlib
INFO: [VRFC 10-311] analyzing module pucch0_xlconstant_0_2
INFO: [VRFC 10-2263] Analyzing Verilog file "D:/FPGA/Vivaldo Project/PUCCH-FORMAT-0/pucch0/pucch0.srcs/sources_1/bd/pucch0/ip/pucch0_xlslice_0_0/sim/pucch0_xlslice_0_0.v" into library xil_defaultlib
INFO: [VRFC 10-311] analyzing module pucch0_xlslice_0_0
INFO: [VRFC 10-2263] Analyzing Verilog file "D:/FPGA/Vivaldo Project/PUCCH-FORMAT-0/pucch0/pucch0.srcs/sources_1/bd/pucch0/ipshared/cdf8/cyclic_shift.srcs/sources_1/new/cyclic_gen.v" into library xil_defaultlib
INFO: [VRFC 10-311] analyzing module cyclic_gen
INFO: [VRFC 10-2263] Analyzing Verilog file "D:/FPGA/Vivaldo Project/PUCCH-FORMAT-0/pucch0/pucch0.srcs/sources_1/bd/pucch0/ip/pucch0_cyclic_gen_0_0/sim/pucch0_cyclic_gen_0_0.v" into library xil_defaultlib
INFO: [VRFC 10-311] analyzing module pucch0_cyclic_gen_0_0
INFO: [VRFC 10-2263] Analyzing Verilog file "D:/FPGA/Vivaldo Project/PUCCH-FORMAT-0/pucch0/pucch0.srcs/sources_1/bd/pucch0/ip/pucch0_cyclic_gen_0_1/sim/pucch0_cyclic_gen_0_1.v" into library xil_defaultlib
INFO: [VRFC 10-311] analyzing module pucch0_cyclic_gen_0_1
INFO: [VRFC 10-2263] Analyzing Verilog file "D:/FPGA/Vivaldo Project/PUCCH-FORMAT-0/pucch0/pucch0.srcs/sources_1/bd/pucch0/sim/pucch0.v" into library xil_defaultlib
INFO: [VRFC 10-311] analyzing module pucch0
INFO: [VRFC 10-2263] Analyzing Verilog file "D:/FPGA/Vivaldo Project/PUCCH-FORMAT-0/pucch0/pucch0.srcs/sources_1/bd/pucch0/hdl/pucch0_wrapper.v" into library xil_defaultlib
INFO: [VRFC 10-311] analyzing module pucch0_wrapper
INFO: [VRFC 10-2263] Analyzing Verilog file "D:/FPGA/Vivaldo Project/PUCCH-FORMAT-0/pucch0/pucch0.srcs/sim_1/new/tb.v" into library xil_defaultlib
INFO: [VRFC 10-311] analyzing module tb
INFO: [VRFC 10-2263] Analyzing Verilog file "D:/FPGA/Vivaldo Project/PUCCH-FORMAT-0/pucch0/pucch0.sim/sim_1/behav/xsim/glbl.v" into library xil_defaultlib
INFO: [VRFC 10-311] analyzing module glbl
"xvhdl --incr --relax -prj tb_vhdl.prj"
run_program: Time (s): cpu = 00:00:00 ; elapsed = 00:00:06 . Memory (MB): peak = 2650.746 ; gain = 0.000
INFO: [USF-XSim-69] 'compile' step finished in '6' seconds
INFO: [USF-XSim-3] XSim::Elaborate design
INFO: [USF-XSim-61] Executing 'ELABORATE' step in 'D:/FPGA/Vivaldo Project/PUCCH-FORMAT-0/pucch0/pucch0.sim/sim_1/behav/xsim'
"xelab -wto 60f2c524edc648469501b532ad886952 --incr --debug typical --relax --mt 2 -L xil_defaultlib -L xlconstant_v1_1_6 -L fifo_generator_v13_2_5 -L xlconcat_v2_1_3 -L xlslice_v1_0_2 -L unisims_ver -L unimacro_ver -L secureip -L xpm --snapshot tb_behav xil_defaultlib.tb xil_defaultlib.glbl -log elaborate.log"
Vivado Simulator 2019.2
Copyright 1986-1999, 2001-2019 Xilinx, Inc. All Rights Reserved.
Running: D:/Xilinx/Vivado/2019.2/bin/unwrapped/win64.o/xelab.exe -wto 60f2c524edc648469501b532ad886952 --incr --debug typical --relax --mt 2 -L xil_defaultlib -L xlconstant_v1_1_6 -L fifo_generator_v13_2_5 -L xlconcat_v2_1_3 -L xlslice_v1_0_2 -L unisims_ver -L unimacro_ver -L secureip -L xpm --snapshot tb_behav xil_defaultlib.tb xil_defaultlib.glbl -log elaborate.log 
Using 2 slave threads.
Starting static elaboration
Pass Through NonSizing Optimizer
ERROR: [VRFC 10-2063] Module <combine_fifo_generator_0> not found while processing module instance <combine_fifo_generator_0> [D:/FPGA/Vivaldo Project/PUCCH-FORMAT-0/pucch0/pucch0.srcs/sources_1/bd/pucch0/ipshared/35d7/combine_rx_sym.srcs/sources_1/new/combine_rx_sym.v:88]
ERROR: [VRFC 10-2063] Module <correlation_fifo_generator_0> not found while processing module instance <correlation_fifo_generator_0> [D:/FPGA/Vivaldo Project/PUCCH-FORMAT-0/pucch0/pucch0.srcs/sources_1/bd/pucch0/ipshared/74e7/correlation.srcs/sources_1/new/correlation.v:48]
ERROR: [VRFC 10-2063] Module <correlation_fifo_generator_1> not found while processing module instance <correlation_fifo_generator_1> [D:/FPGA/Vivaldo Project/PUCCH-FORMAT-0/pucch0/pucch0.srcs/sources_1/bd/pucch0/ipshared/74e7/correlation.srcs/sources_1/new/correlation.v:57]
ERROR: [VRFC 10-2063] Module <correlation_xcorr_12_0> not found while processing module instance <correlation_xcorr_12_0> [D:/FPGA/Vivaldo Project/PUCCH-FORMAT-0/pucch0/pucch0.srcs/sources_1/bd/pucch0/ipshared/74e7/correlation.srcs/sources_1/new/correlation.v:90]
ERROR: [VRFC 10-2063] Module <correlation_mult_gen_0> not found while processing module instance <correlation_mult_gen_0> [D:/FPGA/Vivaldo Project/PUCCH-FORMAT-0/pucch0/pucch0.srcs/sources_1/bd/pucch0/ipshared/74e7/correlation.srcs/sources_1/new/correlation.v:100]
ERROR: [VRFC 10-2063] Module <correlation_mult_gen_1> not found while processing module instance <correlation_mult_gen_1> [D:/FPGA/Vivaldo Project/PUCCH-FORMAT-0/pucch0/pucch0.srcs/sources_1/bd/pucch0/ipshared/74e7/correlation.srcs/sources_1/new/correlation.v:106]
ERROR: [VRFC 10-2063] Module <correlation_cordic_0> not found while processing module instance <correlation_cordic_0> [D:/FPGA/Vivaldo Project/PUCCH-FORMAT-0/pucch0/pucch0.srcs/sources_1/bd/pucch0/ipshared/74e7/correlation.srcs/sources_1/new/correlation.v:120]
ERROR: [VRFC 10-2063] Module <ba_se_0> not found while processing module instance <ba_se_0> [D:/FPGA/Vivaldo Project/PUCCH-FORMAT-0/pucch0/pucch0.srcs/sources_1/bd/pucch0/ipshared/cdf8/cyclic_shift.srcs/sources_1/new/cyclic_gen.v:57]
ERROR: [VRFC 10-2063] Module <cyc_phase_gen_0> not found while processing module instance <cyc_phase_gen_0> [D:/FPGA/Vivaldo Project/PUCCH-FORMAT-0/pucch0/pucch0.srcs/sources_1/bd/pucch0/ipshared/cdf8/cyclic_shift.srcs/sources_1/new/cyclic_gen.v:68]
ERROR: [VRFC 10-2063] Module <cyclic_fifo_generator_0> not found while processing module instance <cyclic_fifo_generator_0> [D:/FPGA/Vivaldo Project/PUCCH-FORMAT-0/pucch0/pucch0.srcs/sources_1/bd/pucch0/ipshared/cdf8/cyclic_shift.srcs/sources_1/new/cyclic_gen.v:82]
ERROR: [VRFC 10-2063] Module <cyclic_cmpy_0> not found while processing module instance <cyclic_cmpy_0> [D:/FPGA/Vivaldo Project/PUCCH-FORMAT-0/pucch0/pucch0.srcs/sources_1/bd/pucch0/ipshared/cdf8/cyclic_shift.srcs/sources_1/new/cyclic_gen.v:101]
ERROR: [VRFC 10-2063] Module <ctr_fft_0> not found while processing module instance <ctr_fft_v0> [D:/FPGA/Vivaldo Project/PUCCH-FORMAT-0/pucch0/pucch0.srcs/sources_1/bd/pucch0/ipshared/0507/ofdm_demodulation.srcs/sources_1/new/fft.v:50]
ERROR: [VRFC 10-2063] Module <xfft_0> not found while processing module instance <fft_0> [D:/FPGA/Vivaldo Project/PUCCH-FORMAT-0/pucch0/pucch0.srcs/sources_1/bd/pucch0/ipshared/0507/ofdm_demodulation.srcs/sources_1/new/fft.v:64]
ERROR: [VRFC 10-2063] Module <rx_dup_mem_0> not found while processing module instance <rx_dup_mem_0> [D:/FPGA/Vivaldo Project/PUCCH-FORMAT-0/pucch0/pucch0.srcs/sources_1/bd/pucch0/ipshared/7569/rx_duplication.srcs/sources_1/new/rx_duplication.v:53]
ERROR: [VRFC 10-2063] Module <rx_dup_mem_1> not found while processing module instance <rx_dup_mem_1> [D:/FPGA/Vivaldo Project/PUCCH-FORMAT-0/pucch0/pucch0.srcs/sources_1/bd/pucch0/ipshared/7569/rx_duplication.srcs/sources_1/new/rx_duplication.v:60]
ERROR: [XSIM 43-3322] Static elaboration of top level Verilog design unit(s) in library work failed.
INFO: [USF-XSim-69] 'elaborate' step finished in '3' seconds
INFO: [USF-XSim-99] Step results log file:'D:/FPGA/Vivaldo Project/PUCCH-FORMAT-0/pucch0/pucch0.sim/sim_1/behav/xsim/elaborate.log'
ERROR: [USF-XSim-62] 'elaborate' step failed with error(s). Please check the Tcl console output or 'D:/FPGA/Vivaldo Project/PUCCH-FORMAT-0/pucch0/pucch0.sim/sim_1/behav/xsim/elaborate.log' file for more information.
ERROR: [Vivado 12-4473] Detected error while running simulation. Please correct the issue and retry this operation.
launch_simulation: Time (s): cpu = 00:00:01 ; elapsed = 00:00:11 . Memory (MB): peak = 2650.746 ; gain = 0.000
ERROR: [Common 17-39] 'launch_simulation' failed due to earlier errors.
validate_bd_design -force
ERROR: [BD 5-336] This command cannot be run, as the BD-design is locked. Locked reason(s):
* Block design contains locked IPs. Please run report_ip_status for more details and recommendations on how to fix this issue. 
List of locked IPs: 
pucch0_ofdm_demodulation_v2_0_0

ERROR: [Common 17-39] 'validate_bd_design' failed due to earlier errors.
report_ip_status -name ip_status 
upgrade_ip -vlnv xilinx.com:user:ofdm_demodulation_v2:2 [get_ips  pucch0_ofdm_demodulation_v2_0_0] -log ip_upgrade.log
Upgrading 'D:/FPGA/Vivaldo Project/PUCCH-FORMAT-0/pucch0/pucch0.srcs/sources_1/bd/pucch0/pucch0.bd'
INFO: [IP_Flow 19-1972] Upgraded pucch0_ofdm_demodulation_v2_0_0 from ofdm_demodulation_v2 2 to ofdm_demodulation_v2 2
WARNING: [BD 41-1731] Type mismatch between connected pins: /clk(clk) and /ofdm_demodulation_v2_0_upgraded_ipi/clk(undef)
WARNING: [BD 41-1731] Type mismatch between connected pins: /rst(rst) and /ofdm_demodulation_v2_0_upgraded_ipi/rst(undef)
CRITICAL WARNING: [IP_Flow 19-193] Failed to save BOM file 'd:/FPGA/Vivaldo Project/PUCCH-FORMAT-0/pucch0/pucch0.srcs/sources_1/bd/pucch0/ip/pucch0_combine_rx_sym_0_0/combine_rx_sym.srcs/sources_1/ip/combine_fifo_generator_0/combine_fifo_generator_0.xml'.
CRITICAL WARNING: [IP_Flow 19-194] Failed to save IP instance 'combine_fifo_generator_0'.
CRITICAL WARNING: [IP_Flow 19-193] Failed to save BOM file 'd:/FPGA/Vivaldo Project/PUCCH-FORMAT-0/pucch0/pucch0.srcs/sources_1/bd/pucch0/ip/pucch0_rx_duplication_0_0/rx_duplication.srcs/sources_1/ip/rx_dup_mem_1/rx_dup_mem_1.xml'.
CRITICAL WARNING: [IP_Flow 19-194] Failed to save IP instance 'rx_dup_mem_1'.
CRITICAL WARNING: [IP_Flow 19-193] Failed to save BOM file 'd:/FPGA/Vivaldo Project/PUCCH-FORMAT-0/pucch0/pucch0.srcs/sources_1/bd/pucch0/ip/pucch0_cyclic_gen_0_0/cyclic_shift.srcs/sources_1/ip/cyclic_cmpy_0/cyclic_cmpy_0.xml'.
CRITICAL WARNING: [IP_Flow 19-194] Failed to save IP instance 'cyclic_cmpy_0'.
CRITICAL WARNING: [IP_Flow 19-193] Failed to save BOM file 'd:/FPGA/Vivaldo Project/PUCCH-FORMAT-0/pucch0/pucch0.srcs/sources_1/bd/pucch0/ip/pucch0_correlation_0_0/correlation.srcs/sources_1/ip/correlation_cordic_0/correlation_cordic_0.xml'.
CRITICAL WARNING: [IP_Flow 19-194] Failed to save IP instance 'correlation_cordic_0'.
CRITICAL WARNING: [IP_Flow 19-193] Failed to save BOM file 'd:/FPGA/Vivaldo Project/PUCCH-FORMAT-0/pucch0/pucch0.srcs/sources_1/bd/pucch0/ip/pucch0_cyclic_gen_0_1/cyclic_shift.srcs/sources_1/ip/cyclic_fifo_generator_0/cyclic_fifo_generator_0.xml'.
CRITICAL WARNING: [IP_Flow 19-194] Failed to save IP instance 'cyclic_fifo_generator_0'.
Wrote  : <D:\FPGA\Vivaldo Project\PUCCH-FORMAT-0\pucch0\pucch0.srcs\sources_1\bd\pucch0\pucch0.bd> 
INFO: [Coretcl 2-1525] Wrote upgrade log to 'D:/FPGA/Vivaldo Project/PUCCH-FORMAT-0/pucch0/ip_upgrade.log'.
export_ip_user_files -of_objects [get_ips pucch0_ofdm_demodulation_v2_0_0] -no_script -sync -force -quiet
generate_target all [get_files  {{D:/FPGA/Vivaldo Project/PUCCH-FORMAT-0/pucch0/pucch0.srcs/sources_1/bd/pucch0/pucch0.bd}}]
CRITICAL WARNING: [BD 41-759] The input pins (listed below) are either not connected or do not have a source port, and they don't have a tie-off specified. These pins are tied-off to all 0's to avoid error in Implementation flow.
Please check your design and connect them as needed: 
/combine_rx_sym_0/in_sqrt
/correlation_0/resourcesetresourceset

CRITICAL WARNING: [IP_Flow 19-193] Failed to save BOM file 'd:/FPGA/Vivaldo Project/PUCCH-FORMAT-0/pucch0/pucch0.srcs/sources_1/bd/pucch0/ip/pucch0_combine_rx_sym_0_0/combine_rx_sym.srcs/sources_1/ip/combine_fifo_generator_0/combine_fifo_generator_0.xml'.
CRITICAL WARNING: [IP_Flow 19-194] Failed to save IP instance 'combine_fifo_generator_0'.
CRITICAL WARNING: [IP_Flow 19-193] Failed to save BOM file 'd:/FPGA/Vivaldo Project/PUCCH-FORMAT-0/pucch0/pucch0.srcs/sources_1/bd/pucch0/ip/pucch0_rx_duplication_0_0/rx_duplication.srcs/sources_1/ip/rx_dup_mem_1/rx_dup_mem_1.xml'.
CRITICAL WARNING: [IP_Flow 19-194] Failed to save IP instance 'rx_dup_mem_1'.
CRITICAL WARNING: [IP_Flow 19-193] Failed to save BOM file 'd:/FPGA/Vivaldo Project/PUCCH-FORMAT-0/pucch0/pucch0.srcs/sources_1/bd/pucch0/ip/pucch0_cyclic_gen_0_0/cyclic_shift.srcs/sources_1/ip/cyclic_cmpy_0/cyclic_cmpy_0.xml'.
CRITICAL WARNING: [IP_Flow 19-194] Failed to save IP instance 'cyclic_cmpy_0'.
CRITICAL WARNING: [IP_Flow 19-193] Failed to save BOM file 'd:/FPGA/Vivaldo Project/PUCCH-FORMAT-0/pucch0/pucch0.srcs/sources_1/bd/pucch0/ip/pucch0_correlation_0_0/correlation.srcs/sources_1/ip/correlation_cordic_0/correlation_cordic_0.xml'.
CRITICAL WARNING: [IP_Flow 19-194] Failed to save IP instance 'correlation_cordic_0'.
CRITICAL WARNING: [IP_Flow 19-193] Failed to save BOM file 'd:/FPGA/Vivaldo Project/PUCCH-FORMAT-0/pucch0/pucch0.srcs/sources_1/bd/pucch0/ip/pucch0_cyclic_gen_0_1/cyclic_shift.srcs/sources_1/ip/cyclic_fifo_generator_0/cyclic_fifo_generator_0.xml'.
CRITICAL WARNING: [IP_Flow 19-194] Failed to save IP instance 'cyclic_fifo_generator_0'.
Wrote  : <D:\FPGA\Vivaldo Project\PUCCH-FORMAT-0\pucch0\pucch0.srcs\sources_1\bd\pucch0\pucch0.bd> 
CRITICAL WARNING: [BD 41-1228] Width mismatch when connecting input pin '/demapping_0/uci_slot'(5) to net 'slot_ind_1'(8) - Only lower order bits will be connected, and other input bits of this pin will be left unconnected.
CRITICAL WARNING: [BD 41-1228] Width mismatch when connecting input pin '/cyclic_gen_0/uci_slot'(5) to net 'slot_ind_1'(8) - Only lower order bits will be connected, and other input bits of this pin will be left unconnected.
CRITICAL WARNING: [BD 41-1228] Width mismatch when connecting input pin '/cyclic_gen_1/uci_slot'(5) to net 'slot_ind_1'(8) - Only lower order bits will be connected, and other input bits of this pin will be left unconnected.
CRITICAL WARNING: [BD 41-1228] Width mismatch when connecting input pin '/demapping_0/uci_first_symbol_idx'(4) to net 'layer2_parameter_0_uci_frist_symbol'(8) - Only lower order bits will be connected, and other input bits of this pin will be left unconnected.
CRITICAL WARNING: [BD 41-1228] Width mismatch when connecting input pin '/cyclic_gen_0/uci_first_symbol'(4) to net 'layer2_parameter_0_uci_frist_symbol'(8) - Only lower order bits will be connected, and other input bits of this pin will be left unconnected.
CRITICAL WARNING: [BD 41-1228] Width mismatch when connecting input pin '/cyclic_gen_1/uci_first_symbol'(4) to net 'layer2_parameter_0_uci_frist_symbol'(8) - Only lower order bits will be connected, and other input bits of this pin will be left unconnected.
CRITICAL WARNING: [BD 41-1228] Width mismatch when connecting input pin '/demapping_0/uci_nsymbols'(2) to net 'layer2_parameter_0_uci_symbol'(8) - Only lower order bits will be connected, and other input bits of this pin will be left unconnected.
CRITICAL WARNING: [BD 41-1228] Width mismatch when connecting input pin '/demapping_0/uci_prbsoffset'(2) to net 'layer2_parameter_0_uci_pbr_offset'(16) - Only lower order bits will be connected, and other input bits of this pin will be left unconnected.
CRITICAL WARNING: [BD 41-1228] Width mismatch when connecting input pin '/demapping_0/uci_secondhop_prb'(10) to net 'layer2_parameter_0_uci_second_prb'(16) - Only lower order bits will be connected, and other input bits of this pin will be left unconnected.
CRITICAL WARNING: [BD 41-1228] Width mismatch when connecting input pin '/cyclic_gen_0/uci_nID'(11) to net 'layer2_parameter_0_uci_nid'(16) - Only lower order bits will be connected, and other input bits of this pin will be left unconnected.
CRITICAL WARNING: [BD 41-1228] Width mismatch when connecting input pin '/cyclic_gen_1/uci_nID'(11) to net 'layer2_parameter_0_uci_nid'(16) - Only lower order bits will be connected, and other input bits of this pin will be left unconnected.
CRITICAL WARNING: [BD 41-1228] Width mismatch when connecting input pin '/cyclic_gen_0/uci_m0'(4) to net 'layer2_parameter_0_uci_m0'(16) - Only lower order bits will be connected, and other input bits of this pin will be left unconnected.
CRITICAL WARNING: [BD 41-1228] Width mismatch when connecting input pin '/cyclic_gen_1/uci_m0'(4) to net 'layer2_parameter_0_uci_m0'(16) - Only lower order bits will be connected, and other input bits of this pin will be left unconnected.
CRITICAL WARNING: [BD 41-1228] Width mismatch when connecting input pin '/peak_search_0/uci_ack'(2) to net 'layer2_parameter_0_uci_ack'(16) - Only lower order bits will be connected, and other input bits of this pin will be left unconnected.
CRITICAL WARNING: [BD 41-1228] Width mismatch when connecting input pin '/cyclic_gen_0/uci_ack'(2) to net 'layer2_parameter_0_uci_ack'(16) - Only lower order bits will be connected, and other input bits of this pin will be left unconnected.
CRITICAL WARNING: [BD 41-1228] Width mismatch when connecting input pin '/cyclic_gen_1/uci_ack'(2) to net 'layer2_parameter_0_uci_ack'(16) - Only lower order bits will be connected, and other input bits of this pin will be left unconnected.
CRITICAL WARNING: [BD 41-1228] Width mismatch when connecting input pin '/cyclic_gen_0/uci_grouphopping'(2) to net 'group_hopping_1'(8) - Only lower order bits will be connected, and other input bits of this pin will be left unconnected.
CRITICAL WARNING: [BD 41-1228] Width mismatch when connecting input pin '/cyclic_gen_1/uci_grouphopping'(2) to net 'group_hopping_1'(8) - Only lower order bits will be connected, and other input bits of this pin will be left unconnected.
CRITICAL WARNING: [BD 41-1228] Width mismatch when connecting input pin '/ofdm_demodulation_v2_0/scale_factor'(4) to net 'xlconstant_2_dout'(3) - Only lower order bits will be connected, and other input bits of this pin will be left unconnected.
CRITICAL WARNING: [BD 41-1228] Width mismatch when connecting input pin '/ofdm_demodulation_v2_0/ant_input'(32) to net 'xlslice_0_Dout'(16) - Only lower order bits will be connected, and other input bits of this pin will be left unconnected.
VHDL Output written to : D:/FPGA/Vivaldo Project/PUCCH-FORMAT-0/pucch0/pucch0.srcs/sources_1/bd/pucch0/synth/pucch0.v
CRITICAL WARNING: [BD 41-1228] Width mismatch when connecting input pin '/demapping_0/uci_slot'(5) to net 'slot_ind_1'(8) - Only lower order bits will be connected, and other input bits of this pin will be left unconnected.
CRITICAL WARNING: [BD 41-1228] Width mismatch when connecting input pin '/cyclic_gen_0/uci_slot'(5) to net 'slot_ind_1'(8) - Only lower order bits will be connected, and other input bits of this pin will be left unconnected.
CRITICAL WARNING: [BD 41-1228] Width mismatch when connecting input pin '/cyclic_gen_1/uci_slot'(5) to net 'slot_ind_1'(8) - Only lower order bits will be connected, and other input bits of this pin will be left unconnected.
CRITICAL WARNING: [BD 41-1228] Width mismatch when connecting input pin '/demapping_0/uci_first_symbol_idx'(4) to net 'layer2_parameter_0_uci_frist_symbol'(8) - Only lower order bits will be connected, and other input bits of this pin will be left unconnected.
CRITICAL WARNING: [BD 41-1228] Width mismatch when connecting input pin '/cyclic_gen_0/uci_first_symbol'(4) to net 'layer2_parameter_0_uci_frist_symbol'(8) - Only lower order bits will be connected, and other input bits of this pin will be left unconnected.
CRITICAL WARNING: [BD 41-1228] Width mismatch when connecting input pin '/cyclic_gen_1/uci_first_symbol'(4) to net 'layer2_parameter_0_uci_frist_symbol'(8) - Only lower order bits will be connected, and other input bits of this pin will be left unconnected.
CRITICAL WARNING: [BD 41-1228] Width mismatch when connecting input pin '/demapping_0/uci_nsymbols'(2) to net 'layer2_parameter_0_uci_symbol'(8) - Only lower order bits will be connected, and other input bits of this pin will be left unconnected.
CRITICAL WARNING: [BD 41-1228] Width mismatch when connecting input pin '/demapping_0/uci_prbsoffset'(2) to net 'layer2_parameter_0_uci_pbr_offset'(16) - Only lower order bits will be connected, and other input bits of this pin will be left unconnected.
CRITICAL WARNING: [BD 41-1228] Width mismatch when connecting input pin '/demapping_0/uci_secondhop_prb'(10) to net 'layer2_parameter_0_uci_second_prb'(16) - Only lower order bits will be connected, and other input bits of this pin will be left unconnected.
CRITICAL WARNING: [BD 41-1228] Width mismatch when connecting input pin '/cyclic_gen_0/uci_nID'(11) to net 'layer2_parameter_0_uci_nid'(16) - Only lower order bits will be connected, and other input bits of this pin will be left unconnected.
CRITICAL WARNING: [BD 41-1228] Width mismatch when connecting input pin '/cyclic_gen_1/uci_nID'(11) to net 'layer2_parameter_0_uci_nid'(16) - Only lower order bits will be connected, and other input bits of this pin will be left unconnected.
CRITICAL WARNING: [BD 41-1228] Width mismatch when connecting input pin '/cyclic_gen_0/uci_m0'(4) to net 'layer2_parameter_0_uci_m0'(16) - Only lower order bits will be connected, and other input bits of this pin will be left unconnected.
CRITICAL WARNING: [BD 41-1228] Width mismatch when connecting input pin '/cyclic_gen_1/uci_m0'(4) to net 'layer2_parameter_0_uci_m0'(16) - Only lower order bits will be connected, and other input bits of this pin will be left unconnected.
CRITICAL WARNING: [BD 41-1228] Width mismatch when connecting input pin '/peak_search_0/uci_ack'(2) to net 'layer2_parameter_0_uci_ack'(16) - Only lower order bits will be connected, and other input bits of this pin will be left unconnected.
CRITICAL WARNING: [BD 41-1228] Width mismatch when connecting input pin '/cyclic_gen_0/uci_ack'(2) to net 'layer2_parameter_0_uci_ack'(16) - Only lower order bits will be connected, and other input bits of this pin will be left unconnected.
CRITICAL WARNING: [BD 41-1228] Width mismatch when connecting input pin '/cyclic_gen_1/uci_ack'(2) to net 'layer2_parameter_0_uci_ack'(16) - Only lower order bits will be connected, and other input bits of this pin will be left unconnected.
CRITICAL WARNING: [BD 41-1228] Width mismatch when connecting input pin '/cyclic_gen_0/uci_grouphopping'(2) to net 'group_hopping_1'(8) - Only lower order bits will be connected, and other input bits of this pin will be left unconnected.
CRITICAL WARNING: [BD 41-1228] Width mismatch when connecting input pin '/cyclic_gen_1/uci_grouphopping'(2) to net 'group_hopping_1'(8) - Only lower order bits will be connected, and other input bits of this pin will be left unconnected.
CRITICAL WARNING: [BD 41-1228] Width mismatch when connecting input pin '/ofdm_demodulation_v2_0/scale_factor'(4) to net 'xlconstant_2_dout'(3) - Only lower order bits will be connected, and other input bits of this pin will be left unconnected.
CRITICAL WARNING: [BD 41-1228] Width mismatch when connecting input pin '/ofdm_demodulation_v2_0/ant_input'(32) to net 'xlslice_0_Dout'(16) - Only lower order bits will be connected, and other input bits of this pin will be left unconnected.
VHDL Output written to : D:/FPGA/Vivaldo Project/PUCCH-FORMAT-0/pucch0/pucch0.srcs/sources_1/bd/pucch0/sim/pucch0.v
VHDL Output written to : D:/FPGA/Vivaldo Project/PUCCH-FORMAT-0/pucch0/pucch0.srcs/sources_1/bd/pucch0/hdl/pucch0_wrapper.v
INFO: [BD 41-1029] Generation completed for the IP Integrator block physical_control_0 .
INFO: [BD 41-1029] Generation completed for the IP Integrator block demapping_0 .
CRITICAL WARNING: [IP_Flow 19-193] Failed to save BOM file 'd:/FPGA/Vivaldo Project/PUCCH-FORMAT-0/pucch0/pucch0.srcs/sources_1/bd/pucch0/ip/pucch0_rx_duplication_0_0/rx_duplication.srcs/sources_1/ip/rx_dup_mem_1/rx_dup_mem_1.xml'.
CRITICAL WARNING: [IP_Flow 19-194] Failed to save IP instance 'rx_dup_mem_1'.
CRITICAL WARNING: [IP_Flow 19-193] Failed to save BOM file 'd:/FPGA/Vivaldo Project/PUCCH-FORMAT-0/pucch0/pucch0.srcs/sources_1/bd/pucch0/ip/pucch0_rx_duplication_0_0/rx_duplication.srcs/sources_1/ip/rx_dup_mem_1/rx_dup_mem_1.xml'.
CRITICAL WARNING: [IP_Flow 19-194] Failed to save IP instance 'rx_dup_mem_1'.
CRITICAL WARNING: [IP_Flow 19-193] Failed to save BOM file 'd:/FPGA/Vivaldo Project/PUCCH-FORMAT-0/pucch0/pucch0.srcs/sources_1/bd/pucch0/ip/pucch0_rx_duplication_0_0/rx_duplication.srcs/sources_1/ip/rx_dup_mem_1/rx_dup_mem_1.xml'.
CRITICAL WARNING: [IP_Flow 19-194] Failed to save IP instance 'rx_dup_mem_1'.
ERROR: [IP_Flow 19-98] Generation of the IP CORE failed.
ERROR: [BD 41-1030] Generation failed for the IP Integrator block rx_duplication_0 
CRITICAL WARNING: [IP_Flow 19-193] Failed to save BOM file 'd:/FPGA/Vivaldo Project/PUCCH-FORMAT-0/pucch0/pucch0.srcs/sources_1/bd/pucch0/ip/pucch0_correlation_0_0/correlation.srcs/sources_1/ip/correlation_cordic_0/correlation_cordic_0.xml'.
CRITICAL WARNING: [IP_Flow 19-194] Failed to save IP instance 'correlation_cordic_0'.
CRITICAL WARNING: [IP_Flow 19-193] Failed to save BOM file 'd:/FPGA/Vivaldo Project/PUCCH-FORMAT-0/pucch0/pucch0.srcs/sources_1/bd/pucch0/ip/pucch0_correlation_0_0/correlation.srcs/sources_1/ip/correlation_cordic_0/correlation_cordic_0.xml'.
CRITICAL WARNING: [IP_Flow 19-194] Failed to save IP instance 'correlation_cordic_0'.
CRITICAL WARNING: [IP_Flow 19-193] Failed to save BOM file 'd:/FPGA/Vivaldo Project/PUCCH-FORMAT-0/pucch0/pucch0.srcs/sources_1/bd/pucch0/ip/pucch0_correlation_0_0/correlation.srcs/sources_1/ip/correlation_cordic_0/correlation_cordic_0.xml'.
CRITICAL WARNING: [IP_Flow 19-194] Failed to save IP instance 'correlation_cordic_0'.
ERROR: [IP_Flow 19-98] Generation of the IP CORE failed.
ERROR: [BD 41-1030] Generation failed for the IP Integrator block correlation_0 
CRITICAL WARNING: [IP_Flow 19-193] Failed to save BOM file 'd:/FPGA/Vivaldo Project/PUCCH-FORMAT-0/pucch0/pucch0.srcs/sources_1/bd/pucch0/ip/pucch0_combine_rx_sym_0_0/combine_rx_sym.srcs/sources_1/ip/combine_fifo_generator_0/combine_fifo_generator_0.xml'.
CRITICAL WARNING: [IP_Flow 19-194] Failed to save IP instance 'combine_fifo_generator_0'.
CRITICAL WARNING: [IP_Flow 19-193] Failed to save BOM file 'd:/FPGA/Vivaldo Project/PUCCH-FORMAT-0/pucch0/pucch0.srcs/sources_1/bd/pucch0/ip/pucch0_combine_rx_sym_0_0/combine_rx_sym.srcs/sources_1/ip/combine_fifo_generator_0/combine_fifo_generator_0.xml'.
CRITICAL WARNING: [IP_Flow 19-194] Failed to save IP instance 'combine_fifo_generator_0'.
CRITICAL WARNING: [IP_Flow 19-193] Failed to save BOM file 'd:/FPGA/Vivaldo Project/PUCCH-FORMAT-0/pucch0/pucch0.srcs/sources_1/bd/pucch0/ip/pucch0_combine_rx_sym_0_0/combine_rx_sym.srcs/sources_1/ip/combine_fifo_generator_0/combine_fifo_generator_0.xml'.
CRITICAL WARNING: [IP_Flow 19-194] Failed to save IP instance 'combine_fifo_generator_0'.
ERROR: [IP_Flow 19-98] Generation of the IP CORE failed.
ERROR: [BD 41-1030] Generation failed for the IP Integrator block combine_rx_sym_0 
INFO: [BD 41-1029] Generation completed for the IP Integrator block peak_search_0 .
INFO: [BD 41-1029] Generation completed for the IP Integrator block frame_sync_0 .
INFO: [BD 41-1029] Generation completed for the IP Integrator block layer2_parameter_0 .
INFO: [BD 41-1029] Generation completed for the IP Integrator block xlconstant_0 .
INFO: [BD 41-1029] Generation completed for the IP Integrator block xlconstant_1 .
CRITICAL WARNING: [IP_Flow 19-193] Failed to save BOM file 'd:/FPGA/Vivaldo Project/PUCCH-FORMAT-0/pucch0/pucch0.srcs/sources_1/bd/pucch0/ip/pucch0_sync_cyclic_0_0/sync_cyclic.srcs/sources_1/ip/cycliic_fifo_0/cycliic_fifo_0.xml'.
CRITICAL WARNING: [IP_Flow 19-194] Failed to save IP instance 'cycliic_fifo_0'.
CRITICAL WARNING: [IP_Flow 19-193] Failed to save BOM file 'd:/FPGA/Vivaldo Project/PUCCH-FORMAT-0/pucch0/pucch0.srcs/sources_1/bd/pucch0/ip/pucch0_sync_cyclic_0_0/sync_cyclic.srcs/sources_1/ip/cycliic_fifo_0/cycliic_fifo_0.xml'.
CRITICAL WARNING: [IP_Flow 19-194] Failed to save IP instance 'cycliic_fifo_0'.
ERROR: [IP_Flow 19-98] Generation of the IP CORE failed.
ERROR: [BD 41-1030] Generation failed for the IP Integrator block sync_cyclic_0 
INFO: [BD 41-1029] Generation completed for the IP Integrator block frame_sync_1 .
INFO: [BD 41-1029] Generation completed for the IP Integrator block xlconcat_0 .
CRITICAL WARNING: [IP_Flow 19-193] Failed to save BOM file 'd:/FPGA/Vivaldo Project/PUCCH-FORMAT-0/pucch0/pucch0.srcs/sources_1/bd/pucch0/ip/pucch0_ofdm_demodulation_v2_0_0/ofdm_demodulation.srcs/sources_1/ip/xfft_0/xfft_0.xml'.
CRITICAL WARNING: [IP_Flow 19-194] Failed to save IP instance 'xfft_0'.
CRITICAL WARNING: [IP_Flow 19-193] Failed to save BOM file 'd:/FPGA/Vivaldo Project/PUCCH-FORMAT-0/pucch0/pucch0.srcs/sources_1/bd/pucch0/ip/pucch0_ofdm_demodulation_v2_0_0/ofdm_demodulation.srcs/sources_1/ip/xfft_0/xfft_0.xml'.
CRITICAL WARNING: [IP_Flow 19-194] Failed to save IP instance 'xfft_0'.
ERROR: [IP_Flow 19-98] Generation of the IP CORE failed.
ERROR: [BD 41-1030] Generation failed for the IP Integrator block ofdm_demodulation_v2_0 
INFO: [BD 41-1029] Generation completed for the IP Integrator block xlconstant_2 .
INFO: [BD 41-1029] Generation completed for the IP Integrator block xlslice_0 .
CRITICAL WARNING: [IP_Flow 19-193] Failed to save BOM file 'd:/FPGA/Vivaldo Project/PUCCH-FORMAT-0/pucch0/pucch0.srcs/sources_1/bd/pucch0/ip/pucch0_cyclic_gen_0_0/cyclic_shift.srcs/sources_1/ip/cyclic_cmpy_0/cyclic_cmpy_0.xml'.
CRITICAL WARNING: [IP_Flow 19-194] Failed to save IP instance 'cyclic_cmpy_0'.
CRITICAL WARNING: [IP_Flow 19-193] Failed to save BOM file 'd:/FPGA/Vivaldo Project/PUCCH-FORMAT-0/pucch0/pucch0.srcs/sources_1/bd/pucch0/ip/pucch0_cyclic_gen_0_0/cyclic_shift.srcs/sources_1/ip/cyclic_cmpy_0/cyclic_cmpy_0.xml'.
CRITICAL WARNING: [IP_Flow 19-194] Failed to save IP instance 'cyclic_cmpy_0'.
CRITICAL WARNING: [IP_Flow 19-193] Failed to save BOM file 'd:/FPGA/Vivaldo Project/PUCCH-FORMAT-0/pucch0/pucch0.srcs/sources_1/bd/pucch0/ip/pucch0_cyclic_gen_0_0/cyclic_shift.srcs/sources_1/ip/cyclic_cmpy_0/cyclic_cmpy_0.xml'.
CRITICAL WARNING: [IP_Flow 19-194] Failed to save IP instance 'cyclic_cmpy_0'.
ERROR: [IP_Flow 19-98] Generation of the IP CORE failed.
ERROR: [BD 41-1030] Generation failed for the IP Integrator block cyclic_gen_0 
CRITICAL WARNING: [IP_Flow 19-193] Failed to save BOM file 'd:/FPGA/Vivaldo Project/PUCCH-FORMAT-0/pucch0/pucch0.srcs/sources_1/bd/pucch0/ip/pucch0_cyclic_gen_0_1/cyclic_shift.srcs/sources_1/ip/cyclic_fifo_generator_0/cyclic_fifo_generator_0.xml'.
CRITICAL WARNING: [IP_Flow 19-194] Failed to save IP instance 'cyclic_fifo_generator_0'.
CRITICAL WARNING: [IP_Flow 19-193] Failed to save BOM file 'd:/FPGA/Vivaldo Project/PUCCH-FORMAT-0/pucch0/pucch0.srcs/sources_1/bd/pucch0/ip/pucch0_cyclic_gen_0_1/cyclic_shift.srcs/sources_1/ip/cyclic_fifo_generator_0/cyclic_fifo_generator_0.xml'.
CRITICAL WARNING: [IP_Flow 19-194] Failed to save IP instance 'cyclic_fifo_generator_0'.
CRITICAL WARNING: [IP_Flow 19-193] Failed to save BOM file 'd:/FPGA/Vivaldo Project/PUCCH-FORMAT-0/pucch0/pucch0.srcs/sources_1/bd/pucch0/ip/pucch0_cyclic_gen_0_1/cyclic_shift.srcs/sources_1/ip/cyclic_fifo_generator_0/cyclic_fifo_generator_0.xml'.
CRITICAL WARNING: [IP_Flow 19-194] Failed to save IP instance 'cyclic_fifo_generator_0'.
ERROR: [IP_Flow 19-98] Generation of the IP CORE failed.
ERROR: [BD 41-1030] Generation failed for the IP Integrator block cyclic_gen_1 
Exporting to file D:/FPGA/Vivaldo Project/PUCCH-FORMAT-0/pucch0/pucch0.srcs/sources_1/bd/pucch0/hw_handoff/pucch0.hwh
CRITICAL WARNING: [BD 41-1938] The current design is out-of-date/locked, so it is best to update before calling write_bd_tcl, however, a Tcl script is still generated for the current design.
Generated Block Design Tcl file D:/FPGA/Vivaldo Project/PUCCH-FORMAT-0/pucch0/pucch0.srcs/sources_1/bd/pucch0/hw_handoff/pucch0_bd.tcl
Generated Hardware Definition File D:/FPGA/Vivaldo Project/PUCCH-FORMAT-0/pucch0/pucch0.srcs/sources_1/bd/pucch0/synth/pucch0.hwdef
ERROR: [Common 17-39] 'generate_target' failed due to earlier errors.
report_ip_status -name ip_status 
upgrade_ip -vlnv xilinx.com:user:ofdm_demodulation_v2:2 [get_ips  pucch0_ofdm_demodulation_v2_0_0] -log ip_upgrade.log
Upgrading 'D:/FPGA/Vivaldo Project/PUCCH-FORMAT-0/pucch0/pucch0.srcs/sources_1/bd/pucch0/pucch0.bd'
INFO: [IP_Flow 19-1972] Upgraded pucch0_ofdm_demodulation_v2_0_0 from ofdm_demodulation_v2 2 to ofdm_demodulation_v2 2
WARNING: [BD 41-1731] Type mismatch between connected pins: /clk(clk) and /ofdm_demodulation_v2_0_upgraded_ipi/clk(undef)
WARNING: [BD 41-1731] Type mismatch between connected pins: /rst(rst) and /ofdm_demodulation_v2_0_upgraded_ipi/rst(undef)
CRITICAL WARNING: [IP_Flow 19-193] Failed to save BOM file 'd:/FPGA/Vivaldo Project/PUCCH-FORMAT-0/pucch0/pucch0.srcs/sources_1/bd/pucch0/ip/pucch0_combine_rx_sym_0_0/combine_rx_sym.srcs/sources_1/ip/combine_fifo_generator_0/combine_fifo_generator_0.xml'.
CRITICAL WARNING: [IP_Flow 19-194] Failed to save IP instance 'combine_fifo_generator_0'.
CRITICAL WARNING: [IP_Flow 19-193] Failed to save BOM file 'd:/FPGA/Vivaldo Project/PUCCH-FORMAT-0/pucch0/pucch0.srcs/sources_1/bd/pucch0/ip/pucch0_rx_duplication_0_0/rx_duplication.srcs/sources_1/ip/rx_dup_mem_1/rx_dup_mem_1.xml'.
CRITICAL WARNING: [IP_Flow 19-194] Failed to save IP instance 'rx_dup_mem_1'.
CRITICAL WARNING: [IP_Flow 19-193] Failed to save BOM file 'd:/FPGA/Vivaldo Project/PUCCH-FORMAT-0/pucch0/pucch0.srcs/sources_1/bd/pucch0/ip/pucch0_sync_cyclic_0_0/sync_cyclic.srcs/sources_1/ip/cycliic_fifo_0/cycliic_fifo_0.xml'.
CRITICAL WARNING: [IP_Flow 19-194] Failed to save IP instance 'cycliic_fifo_0'.
CRITICAL WARNING: [IP_Flow 19-193] Failed to save BOM file 'd:/FPGA/Vivaldo Project/PUCCH-FORMAT-0/pucch0/pucch0.srcs/sources_1/bd/pucch0/ip/pucch0_cyclic_gen_0_0/cyclic_shift.srcs/sources_1/ip/cyclic_cmpy_0/cyclic_cmpy_0.xml'.
CRITICAL WARNING: [IP_Flow 19-194] Failed to save IP instance 'cyclic_cmpy_0'.
CRITICAL WARNING: [IP_Flow 19-193] Failed to save BOM file 'd:/FPGA/Vivaldo Project/PUCCH-FORMAT-0/pucch0/pucch0.srcs/sources_1/bd/pucch0/ip/pucch0_correlation_0_0/correlation.srcs/sources_1/ip/correlation_cordic_0/correlation_cordic_0.xml'.
CRITICAL WARNING: [IP_Flow 19-194] Failed to save IP instance 'correlation_cordic_0'.
CRITICAL WARNING: [IP_Flow 19-193] Failed to save BOM file 'd:/FPGA/Vivaldo Project/PUCCH-FORMAT-0/pucch0/pucch0.srcs/sources_1/bd/pucch0/ip/pucch0_cyclic_gen_0_1/cyclic_shift.srcs/sources_1/ip/cyclic_fifo_generator_0/cyclic_fifo_generator_0.xml'.
CRITICAL WARNING: [IP_Flow 19-194] Failed to save IP instance 'cyclic_fifo_generator_0'.
Wrote  : <D:\FPGA\Vivaldo Project\PUCCH-FORMAT-0\pucch0\pucch0.srcs\sources_1\bd\pucch0\pucch0.bd> 
INFO: [Coretcl 2-1525] Wrote upgrade log to 'D:/FPGA/Vivaldo Project/PUCCH-FORMAT-0/pucch0/ip_upgrade.log'.
export_ip_user_files -of_objects [get_ips pucch0_ofdm_demodulation_v2_0_0] -no_script -sync -force -quiet
generate_target all [get_files  {{D:/FPGA/Vivaldo Project/PUCCH-FORMAT-0/pucch0/pucch0.srcs/sources_1/bd/pucch0/pucch0.bd}}]
CRITICAL WARNING: [BD 41-759] The input pins (listed below) are either not connected or do not have a source port, and they don't have a tie-off specified. These pins are tied-off to all 0's to avoid error in Implementation flow.
Please check your design and connect them as needed: 
/combine_rx_sym_0/in_sqrt
/correlation_0/resourcesetresourceset

CRITICAL WARNING: [IP_Flow 19-193] Failed to save BOM file 'd:/FPGA/Vivaldo Project/PUCCH-FORMAT-0/pucch0/pucch0.srcs/sources_1/bd/pucch0/ip/pucch0_combine_rx_sym_0_0/combine_rx_sym.srcs/sources_1/ip/combine_fifo_generator_0/combine_fifo_generator_0.xml'.
CRITICAL WARNING: [IP_Flow 19-194] Failed to save IP instance 'combine_fifo_generator_0'.
CRITICAL WARNING: [IP_Flow 19-193] Failed to save BOM file 'd:/FPGA/Vivaldo Project/PUCCH-FORMAT-0/pucch0/pucch0.srcs/sources_1/bd/pucch0/ip/pucch0_rx_duplication_0_0/rx_duplication.srcs/sources_1/ip/rx_dup_mem_1/rx_dup_mem_1.xml'.
CRITICAL WARNING: [IP_Flow 19-194] Failed to save IP instance 'rx_dup_mem_1'.
CRITICAL WARNING: [IP_Flow 19-193] Failed to save BOM file 'd:/FPGA/Vivaldo Project/PUCCH-FORMAT-0/pucch0/pucch0.srcs/sources_1/bd/pucch0/ip/pucch0_sync_cyclic_0_0/sync_cyclic.srcs/sources_1/ip/cycliic_fifo_0/cycliic_fifo_0.xml'.
CRITICAL WARNING: [IP_Flow 19-194] Failed to save IP instance 'cycliic_fifo_0'.
CRITICAL WARNING: [IP_Flow 19-193] Failed to save BOM file 'd:/FPGA/Vivaldo Project/PUCCH-FORMAT-0/pucch0/pucch0.srcs/sources_1/bd/pucch0/ip/pucch0_cyclic_gen_0_0/cyclic_shift.srcs/sources_1/ip/cyclic_cmpy_0/cyclic_cmpy_0.xml'.
CRITICAL WARNING: [IP_Flow 19-194] Failed to save IP instance 'cyclic_cmpy_0'.
CRITICAL WARNING: [IP_Flow 19-193] Failed to save BOM file 'd:/FPGA/Vivaldo Project/PUCCH-FORMAT-0/pucch0/pucch0.srcs/sources_1/bd/pucch0/ip/pucch0_correlation_0_0/correlation.srcs/sources_1/ip/correlation_cordic_0/correlation_cordic_0.xml'.
CRITICAL WARNING: [IP_Flow 19-194] Failed to save IP instance 'correlation_cordic_0'.
CRITICAL WARNING: [IP_Flow 19-193] Failed to save BOM file 'd:/FPGA/Vivaldo Project/PUCCH-FORMAT-0/pucch0/pucch0.srcs/sources_1/bd/pucch0/ip/pucch0_cyclic_gen_0_1/cyclic_shift.srcs/sources_1/ip/cyclic_fifo_generator_0/cyclic_fifo_generator_0.xml'.
CRITICAL WARNING: [IP_Flow 19-194] Failed to save IP instance 'cyclic_fifo_generator_0'.
Wrote  : <D:\FPGA\Vivaldo Project\PUCCH-FORMAT-0\pucch0\pucch0.srcs\sources_1\bd\pucch0\pucch0.bd> 
CRITICAL WARNING: [BD 41-1228] Width mismatch when connecting input pin '/demapping_0/uci_slot'(5) to net 'slot_ind_1'(8) - Only lower order bits will be connected, and other input bits of this pin will be left unconnected.
CRITICAL WARNING: [BD 41-1228] Width mismatch when connecting input pin '/cyclic_gen_0/uci_slot'(5) to net 'slot_ind_1'(8) - Only lower order bits will be connected, and other input bits of this pin will be left unconnected.
CRITICAL WARNING: [BD 41-1228] Width mismatch when connecting input pin '/cyclic_gen_1/uci_slot'(5) to net 'slot_ind_1'(8) - Only lower order bits will be connected, and other input bits of this pin will be left unconnected.
CRITICAL WARNING: [BD 41-1228] Width mismatch when connecting input pin '/demapping_0/uci_first_symbol_idx'(4) to net 'layer2_parameter_0_uci_frist_symbol'(8) - Only lower order bits will be connected, and other input bits of this pin will be left unconnected.
CRITICAL WARNING: [BD 41-1228] Width mismatch when connecting input pin '/cyclic_gen_0/uci_first_symbol'(4) to net 'layer2_parameter_0_uci_frist_symbol'(8) - Only lower order bits will be connected, and other input bits of this pin will be left unconnected.
CRITICAL WARNING: [BD 41-1228] Width mismatch when connecting input pin '/cyclic_gen_1/uci_first_symbol'(4) to net 'layer2_parameter_0_uci_frist_symbol'(8) - Only lower order bits will be connected, and other input bits of this pin will be left unconnected.
CRITICAL WARNING: [BD 41-1228] Width mismatch when connecting input pin '/demapping_0/uci_nsymbols'(2) to net 'layer2_parameter_0_uci_symbol'(8) - Only lower order bits will be connected, and other input bits of this pin will be left unconnected.
CRITICAL WARNING: [BD 41-1228] Width mismatch when connecting input pin '/demapping_0/uci_prbsoffset'(2) to net 'layer2_parameter_0_uci_pbr_offset'(16) - Only lower order bits will be connected, and other input bits of this pin will be left unconnected.
CRITICAL WARNING: [BD 41-1228] Width mismatch when connecting input pin '/demapping_0/uci_secondhop_prb'(10) to net 'layer2_parameter_0_uci_second_prb'(16) - Only lower order bits will be connected, and other input bits of this pin will be left unconnected.
CRITICAL WARNING: [BD 41-1228] Width mismatch when connecting input pin '/cyclic_gen_0/uci_nID'(11) to net 'layer2_parameter_0_uci_nid'(16) - Only lower order bits will be connected, and other input bits of this pin will be left unconnected.
CRITICAL WARNING: [BD 41-1228] Width mismatch when connecting input pin '/cyclic_gen_1/uci_nID'(11) to net 'layer2_parameter_0_uci_nid'(16) - Only lower order bits will be connected, and other input bits of this pin will be left unconnected.
CRITICAL WARNING: [BD 41-1228] Width mismatch when connecting input pin '/cyclic_gen_0/uci_m0'(4) to net 'layer2_parameter_0_uci_m0'(16) - Only lower order bits will be connected, and other input bits of this pin will be left unconnected.
CRITICAL WARNING: [BD 41-1228] Width mismatch when connecting input pin '/cyclic_gen_1/uci_m0'(4) to net 'layer2_parameter_0_uci_m0'(16) - Only lower order bits will be connected, and other input bits of this pin will be left unconnected.
CRITICAL WARNING: [BD 41-1228] Width mismatch when connecting input pin '/peak_search_0/uci_ack'(2) to net 'layer2_parameter_0_uci_ack'(16) - Only lower order bits will be connected, and other input bits of this pin will be left unconnected.
CRITICAL WARNING: [BD 41-1228] Width mismatch when connecting input pin '/cyclic_gen_0/uci_ack'(2) to net 'layer2_parameter_0_uci_ack'(16) - Only lower order bits will be connected, and other input bits of this pin will be left unconnected.
CRITICAL WARNING: [BD 41-1228] Width mismatch when connecting input pin '/cyclic_gen_1/uci_ack'(2) to net 'layer2_parameter_0_uci_ack'(16) - Only lower order bits will be connected, and other input bits of this pin will be left unconnected.
CRITICAL WARNING: [BD 41-1228] Width mismatch when connecting input pin '/cyclic_gen_0/uci_grouphopping'(2) to net 'group_hopping_1'(8) - Only lower order bits will be connected, and other input bits of this pin will be left unconnected.
CRITICAL WARNING: [BD 41-1228] Width mismatch when connecting input pin '/cyclic_gen_1/uci_grouphopping'(2) to net 'group_hopping_1'(8) - Only lower order bits will be connected, and other input bits of this pin will be left unconnected.
CRITICAL WARNING: [BD 41-1228] Width mismatch when connecting input pin '/ofdm_demodulation_v2_0/scale_factor'(4) to net 'xlconstant_2_dout'(3) - Only lower order bits will be connected, and other input bits of this pin will be left unconnected.
CRITICAL WARNING: [BD 41-1228] Width mismatch when connecting input pin '/ofdm_demodulation_v2_0/ant_input'(32) to net 'xlslice_0_Dout'(16) - Only lower order bits will be connected, and other input bits of this pin will be left unconnected.
VHDL Output written to : D:/FPGA/Vivaldo Project/PUCCH-FORMAT-0/pucch0/pucch0.srcs/sources_1/bd/pucch0/synth/pucch0.v
CRITICAL WARNING: [BD 41-1228] Width mismatch when connecting input pin '/demapping_0/uci_slot'(5) to net 'slot_ind_1'(8) - Only lower order bits will be connected, and other input bits of this pin will be left unconnected.
CRITICAL WARNING: [BD 41-1228] Width mismatch when connecting input pin '/cyclic_gen_0/uci_slot'(5) to net 'slot_ind_1'(8) - Only lower order bits will be connected, and other input bits of this pin will be left unconnected.
CRITICAL WARNING: [BD 41-1228] Width mismatch when connecting input pin '/cyclic_gen_1/uci_slot'(5) to net 'slot_ind_1'(8) - Only lower order bits will be connected, and other input bits of this pin will be left unconnected.
CRITICAL WARNING: [BD 41-1228] Width mismatch when connecting input pin '/demapping_0/uci_first_symbol_idx'(4) to net 'layer2_parameter_0_uci_frist_symbol'(8) - Only lower order bits will be connected, and other input bits of this pin will be left unconnected.
CRITICAL WARNING: [BD 41-1228] Width mismatch when connecting input pin '/cyclic_gen_0/uci_first_symbol'(4) to net 'layer2_parameter_0_uci_frist_symbol'(8) - Only lower order bits will be connected, and other input bits of this pin will be left unconnected.
CRITICAL WARNING: [BD 41-1228] Width mismatch when connecting input pin '/cyclic_gen_1/uci_first_symbol'(4) to net 'layer2_parameter_0_uci_frist_symbol'(8) - Only lower order bits will be connected, and other input bits of this pin will be left unconnected.
CRITICAL WARNING: [BD 41-1228] Width mismatch when connecting input pin '/demapping_0/uci_nsymbols'(2) to net 'layer2_parameter_0_uci_symbol'(8) - Only lower order bits will be connected, and other input bits of this pin will be left unconnected.
CRITICAL WARNING: [BD 41-1228] Width mismatch when connecting input pin '/demapping_0/uci_prbsoffset'(2) to net 'layer2_parameter_0_uci_pbr_offset'(16) - Only lower order bits will be connected, and other input bits of this pin will be left unconnected.
CRITICAL WARNING: [BD 41-1228] Width mismatch when connecting input pin '/demapping_0/uci_secondhop_prb'(10) to net 'layer2_parameter_0_uci_second_prb'(16) - Only lower order bits will be connected, and other input bits of this pin will be left unconnected.
CRITICAL WARNING: [BD 41-1228] Width mismatch when connecting input pin '/cyclic_gen_0/uci_nID'(11) to net 'layer2_parameter_0_uci_nid'(16) - Only lower order bits will be connected, and other input bits of this pin will be left unconnected.
CRITICAL WARNING: [BD 41-1228] Width mismatch when connecting input pin '/cyclic_gen_1/uci_nID'(11) to net 'layer2_parameter_0_uci_nid'(16) - Only lower order bits will be connected, and other input bits of this pin will be left unconnected.
CRITICAL WARNING: [BD 41-1228] Width mismatch when connecting input pin '/cyclic_gen_0/uci_m0'(4) to net 'layer2_parameter_0_uci_m0'(16) - Only lower order bits will be connected, and other input bits of this pin will be left unconnected.
CRITICAL WARNING: [BD 41-1228] Width mismatch when connecting input pin '/cyclic_gen_1/uci_m0'(4) to net 'layer2_parameter_0_uci_m0'(16) - Only lower order bits will be connected, and other input bits of this pin will be left unconnected.
CRITICAL WARNING: [BD 41-1228] Width mismatch when connecting input pin '/peak_search_0/uci_ack'(2) to net 'layer2_parameter_0_uci_ack'(16) - Only lower order bits will be connected, and other input bits of this pin will be left unconnected.
CRITICAL WARNING: [BD 41-1228] Width mismatch when connecting input pin '/cyclic_gen_0/uci_ack'(2) to net 'layer2_parameter_0_uci_ack'(16) - Only lower order bits will be connected, and other input bits of this pin will be left unconnected.
CRITICAL WARNING: [BD 41-1228] Width mismatch when connecting input pin '/cyclic_gen_1/uci_ack'(2) to net 'layer2_parameter_0_uci_ack'(16) - Only lower order bits will be connected, and other input bits of this pin will be left unconnected.
CRITICAL WARNING: [BD 41-1228] Width mismatch when connecting input pin '/cyclic_gen_0/uci_grouphopping'(2) to net 'group_hopping_1'(8) - Only lower order bits will be connected, and other input bits of this pin will be left unconnected.
CRITICAL WARNING: [BD 41-1228] Width mismatch when connecting input pin '/cyclic_gen_1/uci_grouphopping'(2) to net 'group_hopping_1'(8) - Only lower order bits will be connected, and other input bits of this pin will be left unconnected.
CRITICAL WARNING: [BD 41-1228] Width mismatch when connecting input pin '/ofdm_demodulation_v2_0/scale_factor'(4) to net 'xlconstant_2_dout'(3) - Only lower order bits will be connected, and other input bits of this pin will be left unconnected.
CRITICAL WARNING: [BD 41-1228] Width mismatch when connecting input pin '/ofdm_demodulation_v2_0/ant_input'(32) to net 'xlslice_0_Dout'(16) - Only lower order bits will be connected, and other input bits of this pin will be left unconnected.
VHDL Output written to : D:/FPGA/Vivaldo Project/PUCCH-FORMAT-0/pucch0/pucch0.srcs/sources_1/bd/pucch0/sim/pucch0.v
VHDL Output written to : D:/FPGA/Vivaldo Project/PUCCH-FORMAT-0/pucch0/pucch0.srcs/sources_1/bd/pucch0/hdl/pucch0_wrapper.v
INFO: [BD 41-1029] Generation completed for the IP Integrator block physical_control_0 .
INFO: [BD 41-1029] Generation completed for the IP Integrator block demapping_0 .
CRITICAL WARNING: [IP_Flow 19-193] Failed to save BOM file 'd:/FPGA/Vivaldo Project/PUCCH-FORMAT-0/pucch0/pucch0.srcs/sources_1/bd/pucch0/ip/pucch0_rx_duplication_0_0/rx_duplication.srcs/sources_1/ip/rx_dup_mem_1/rx_dup_mem_1.xml'.
CRITICAL WARNING: [IP_Flow 19-194] Failed to save IP instance 'rx_dup_mem_1'.
CRITICAL WARNING: [IP_Flow 19-193] Failed to save BOM file 'd:/FPGA/Vivaldo Project/PUCCH-FORMAT-0/pucch0/pucch0.srcs/sources_1/bd/pucch0/ip/pucch0_rx_duplication_0_0/rx_duplication.srcs/sources_1/ip/rx_dup_mem_1/rx_dup_mem_1.xml'.
CRITICAL WARNING: [IP_Flow 19-194] Failed to save IP instance 'rx_dup_mem_1'.
CRITICAL WARNING: [IP_Flow 19-193] Failed to save BOM file 'd:/FPGA/Vivaldo Project/PUCCH-FORMAT-0/pucch0/pucch0.srcs/sources_1/bd/pucch0/ip/pucch0_rx_duplication_0_0/rx_duplication.srcs/sources_1/ip/rx_dup_mem_1/rx_dup_mem_1.xml'.
CRITICAL WARNING: [IP_Flow 19-194] Failed to save IP instance 'rx_dup_mem_1'.
ERROR: [IP_Flow 19-98] Generation of the IP CORE failed.
ERROR: [BD 41-1030] Generation failed for the IP Integrator block rx_duplication_0 
CRITICAL WARNING: [IP_Flow 19-193] Failed to save BOM file 'd:/FPGA/Vivaldo Project/PUCCH-FORMAT-0/pucch0/pucch0.srcs/sources_1/bd/pucch0/ip/pucch0_correlation_0_0/correlation.srcs/sources_1/ip/correlation_cordic_0/correlation_cordic_0.xml'.
CRITICAL WARNING: [IP_Flow 19-194] Failed to save IP instance 'correlation_cordic_0'.
CRITICAL WARNING: [IP_Flow 19-193] Failed to save BOM file 'd:/FPGA/Vivaldo Project/PUCCH-FORMAT-0/pucch0/pucch0.srcs/sources_1/bd/pucch0/ip/pucch0_correlation_0_0/correlation.srcs/sources_1/ip/correlation_cordic_0/correlation_cordic_0.xml'.
CRITICAL WARNING: [IP_Flow 19-194] Failed to save IP instance 'correlation_cordic_0'.
CRITICAL WARNING: [IP_Flow 19-193] Failed to save BOM file 'd:/FPGA/Vivaldo Project/PUCCH-FORMAT-0/pucch0/pucch0.srcs/sources_1/bd/pucch0/ip/pucch0_correlation_0_0/correlation.srcs/sources_1/ip/correlation_cordic_0/correlation_cordic_0.xml'.
CRITICAL WARNING: [IP_Flow 19-194] Failed to save IP instance 'correlation_cordic_0'.
ERROR: [IP_Flow 19-98] Generation of the IP CORE failed.
ERROR: [BD 41-1030] Generation failed for the IP Integrator block correlation_0 
CRITICAL WARNING: [IP_Flow 19-193] Failed to save BOM file 'd:/FPGA/Vivaldo Project/PUCCH-FORMAT-0/pucch0/pucch0.srcs/sources_1/bd/pucch0/ip/pucch0_combine_rx_sym_0_0/combine_rx_sym.srcs/sources_1/ip/combine_fifo_generator_0/combine_fifo_generator_0.xml'.
CRITICAL WARNING: [IP_Flow 19-194] Failed to save IP instance 'combine_fifo_generator_0'.
CRITICAL WARNING: [IP_Flow 19-193] Failed to save BOM file 'd:/FPGA/Vivaldo Project/PUCCH-FORMAT-0/pucch0/pucch0.srcs/sources_1/bd/pucch0/ip/pucch0_combine_rx_sym_0_0/combine_rx_sym.srcs/sources_1/ip/combine_fifo_generator_0/combine_fifo_generator_0.xml'.
CRITICAL WARNING: [IP_Flow 19-194] Failed to save IP instance 'combine_fifo_generator_0'.
CRITICAL WARNING: [IP_Flow 19-193] Failed to save BOM file 'd:/FPGA/Vivaldo Project/PUCCH-FORMAT-0/pucch0/pucch0.srcs/sources_1/bd/pucch0/ip/pucch0_combine_rx_sym_0_0/combine_rx_sym.srcs/sources_1/ip/combine_fifo_generator_0/combine_fifo_generator_0.xml'.
CRITICAL WARNING: [IP_Flow 19-194] Failed to save IP instance 'combine_fifo_generator_0'.
ERROR: [IP_Flow 19-98] Generation of the IP CORE failed.
ERROR: [BD 41-1030] Generation failed for the IP Integrator block combine_rx_sym_0 
INFO: [BD 41-1029] Generation completed for the IP Integrator block peak_search_0 .
INFO: [BD 41-1029] Generation completed for the IP Integrator block frame_sync_0 .
INFO: [BD 41-1029] Generation completed for the IP Integrator block layer2_parameter_0 .
INFO: [BD 41-1029] Generation completed for the IP Integrator block xlconstant_0 .
INFO: [BD 41-1029] Generation completed for the IP Integrator block xlconstant_1 .
CRITICAL WARNING: [IP_Flow 19-193] Failed to save BOM file 'd:/FPGA/Vivaldo Project/PUCCH-FORMAT-0/pucch0/pucch0.srcs/sources_1/bd/pucch0/ip/pucch0_sync_cyclic_0_0/sync_cyclic.srcs/sources_1/ip/cycliic_fifo_0/cycliic_fifo_0.xml'.
CRITICAL WARNING: [IP_Flow 19-194] Failed to save IP instance 'cycliic_fifo_0'.
CRITICAL WARNING: [IP_Flow 19-193] Failed to save BOM file 'd:/FPGA/Vivaldo Project/PUCCH-FORMAT-0/pucch0/pucch0.srcs/sources_1/bd/pucch0/ip/pucch0_sync_cyclic_0_0/sync_cyclic.srcs/sources_1/ip/cycliic_fifo_0/cycliic_fifo_0.xml'.
CRITICAL WARNING: [IP_Flow 19-194] Failed to save IP instance 'cycliic_fifo_0'.
CRITICAL WARNING: [IP_Flow 19-193] Failed to save BOM file 'd:/FPGA/Vivaldo Project/PUCCH-FORMAT-0/pucch0/pucch0.srcs/sources_1/bd/pucch0/ip/pucch0_sync_cyclic_0_0/sync_cyclic.srcs/sources_1/ip/cycliic_fifo_0/cycliic_fifo_0.xml'.
CRITICAL WARNING: [IP_Flow 19-194] Failed to save IP instance 'cycliic_fifo_0'.
ERROR: [IP_Flow 19-98] Generation of the IP CORE failed.
ERROR: [BD 41-1030] Generation failed for the IP Integrator block sync_cyclic_0 
INFO: [BD 41-1029] Generation completed for the IP Integrator block frame_sync_1 .
INFO: [BD 41-1029] Generation completed for the IP Integrator block xlconcat_0 .
CRITICAL WARNING: [IP_Flow 19-193] Failed to save BOM file 'd:/FPGA/Vivaldo Project/PUCCH-FORMAT-0/pucch0/pucch0.srcs/sources_1/bd/pucch0/ip/pucch0_ofdm_demodulation_v2_0_0/ofdm_demodulation.srcs/sources_1/ip/xfft_0/xfft_0.xml'.
CRITICAL WARNING: [IP_Flow 19-194] Failed to save IP instance 'xfft_0'.
CRITICAL WARNING: [IP_Flow 19-193] Failed to save BOM file 'd:/FPGA/Vivaldo Project/PUCCH-FORMAT-0/pucch0/pucch0.srcs/sources_1/bd/pucch0/ip/pucch0_ofdm_demodulation_v2_0_0/ofdm_demodulation.srcs/sources_1/ip/xfft_0/xfft_0.xml'.
CRITICAL WARNING: [IP_Flow 19-194] Failed to save IP instance 'xfft_0'.
ERROR: [IP_Flow 19-98] Generation of the IP CORE failed.
ERROR: [BD 41-1030] Generation failed for the IP Integrator block ofdm_demodulation_v2_0 
INFO: [BD 41-1029] Generation completed for the IP Integrator block xlconstant_2 .
INFO: [BD 41-1029] Generation completed for the IP Integrator block xlslice_0 .
CRITICAL WARNING: [IP_Flow 19-193] Failed to save BOM file 'd:/FPGA/Vivaldo Project/PUCCH-FORMAT-0/pucch0/pucch0.srcs/sources_1/bd/pucch0/ip/pucch0_cyclic_gen_0_0/cyclic_shift.srcs/sources_1/ip/cyclic_cmpy_0/cyclic_cmpy_0.xml'.
CRITICAL WARNING: [IP_Flow 19-194] Failed to save IP instance 'cyclic_cmpy_0'.
CRITICAL WARNING: [IP_Flow 19-193] Failed to save BOM file 'd:/FPGA/Vivaldo Project/PUCCH-FORMAT-0/pucch0/pucch0.srcs/sources_1/bd/pucch0/ip/pucch0_cyclic_gen_0_0/cyclic_shift.srcs/sources_1/ip/cyclic_cmpy_0/cyclic_cmpy_0.xml'.
CRITICAL WARNING: [IP_Flow 19-194] Failed to save IP instance 'cyclic_cmpy_0'.
CRITICAL WARNING: [IP_Flow 19-193] Failed to save BOM file 'd:/FPGA/Vivaldo Project/PUCCH-FORMAT-0/pucch0/pucch0.srcs/sources_1/bd/pucch0/ip/pucch0_cyclic_gen_0_0/cyclic_shift.srcs/sources_1/ip/cyclic_cmpy_0/cyclic_cmpy_0.xml'.
CRITICAL WARNING: [IP_Flow 19-194] Failed to save IP instance 'cyclic_cmpy_0'.
ERROR: [IP_Flow 19-98] Generation of the IP CORE failed.
ERROR: [BD 41-1030] Generation failed for the IP Integrator block cyclic_gen_0 
CRITICAL WARNING: [IP_Flow 19-193] Failed to save BOM file 'd:/FPGA/Vivaldo Project/PUCCH-FORMAT-0/pucch0/pucch0.srcs/sources_1/bd/pucch0/ip/pucch0_cyclic_gen_0_1/cyclic_shift.srcs/sources_1/ip/cyclic_fifo_generator_0/cyclic_fifo_generator_0.xml'.
CRITICAL WARNING: [IP_Flow 19-194] Failed to save IP instance 'cyclic_fifo_generator_0'.
CRITICAL WARNING: [IP_Flow 19-193] Failed to save BOM file 'd:/FPGA/Vivaldo Project/PUCCH-FORMAT-0/pucch0/pucch0.srcs/sources_1/bd/pucch0/ip/pucch0_cyclic_gen_0_1/cyclic_shift.srcs/sources_1/ip/cyclic_fifo_generator_0/cyclic_fifo_generator_0.xml'.
CRITICAL WARNING: [IP_Flow 19-194] Failed to save IP instance 'cyclic_fifo_generator_0'.
CRITICAL WARNING: [IP_Flow 19-193] Failed to save BOM file 'd:/FPGA/Vivaldo Project/PUCCH-FORMAT-0/pucch0/pucch0.srcs/sources_1/bd/pucch0/ip/pucch0_cyclic_gen_0_1/cyclic_shift.srcs/sources_1/ip/cyclic_fifo_generator_0/cyclic_fifo_generator_0.xml'.
CRITICAL WARNING: [IP_Flow 19-194] Failed to save IP instance 'cyclic_fifo_generator_0'.
ERROR: [IP_Flow 19-98] Generation of the IP CORE failed.
ERROR: [BD 41-1030] Generation failed for the IP Integrator block cyclic_gen_1 
Exporting to file D:/FPGA/Vivaldo Project/PUCCH-FORMAT-0/pucch0/pucch0.srcs/sources_1/bd/pucch0/hw_handoff/pucch0.hwh
CRITICAL WARNING: [BD 41-1938] The current design is out-of-date/locked, so it is best to update before calling write_bd_tcl, however, a Tcl script is still generated for the current design.
Generated Block Design Tcl file D:/FPGA/Vivaldo Project/PUCCH-FORMAT-0/pucch0/pucch0.srcs/sources_1/bd/pucch0/hw_handoff/pucch0_bd.tcl
Generated Hardware Definition File D:/FPGA/Vivaldo Project/PUCCH-FORMAT-0/pucch0/pucch0.srcs/sources_1/bd/pucch0/synth/pucch0.hwdef
ERROR: [Common 17-39] 'generate_target' failed due to earlier errors.
report_ip_status -name ip_status 
upgrade_ip -vlnv xilinx.com:user:ofdm_demodulation_v2:2 [get_ips  pucch0_ofdm_demodulation_v2_0_0] -log ip_upgrade.log
Upgrading 'D:/FPGA/Vivaldo Project/PUCCH-FORMAT-0/pucch0/pucch0.srcs/sources_1/bd/pucch0/pucch0.bd'
INFO: [IP_Flow 19-1972] Upgraded pucch0_ofdm_demodulation_v2_0_0 from ofdm_demodulation_v2 2 to ofdm_demodulation_v2 2
WARNING: [BD 41-1731] Type mismatch between connected pins: /clk(clk) and /ofdm_demodulation_v2_0_upgraded_ipi/clk(undef)
WARNING: [BD 41-1731] Type mismatch between connected pins: /rst(rst) and /ofdm_demodulation_v2_0_upgraded_ipi/rst(undef)
CRITICAL WARNING: [IP_Flow 19-193] Failed to save BOM file 'd:/FPGA/Vivaldo Project/PUCCH-FORMAT-0/pucch0/pucch0.srcs/sources_1/bd/pucch0/ip/pucch0_combine_rx_sym_0_0/combine_rx_sym.srcs/sources_1/ip/combine_fifo_generator_0/combine_fifo_generator_0.xml'.
CRITICAL WARNING: [IP_Flow 19-194] Failed to save IP instance 'combine_fifo_generator_0'.
CRITICAL WARNING: [IP_Flow 19-193] Failed to save BOM file 'd:/FPGA/Vivaldo Project/PUCCH-FORMAT-0/pucch0/pucch0.srcs/sources_1/bd/pucch0/ip/pucch0_rx_duplication_0_0/rx_duplication.srcs/sources_1/ip/rx_dup_mem_1/rx_dup_mem_1.xml'.
CRITICAL WARNING: [IP_Flow 19-194] Failed to save IP instance 'rx_dup_mem_1'.
CRITICAL WARNING: [IP_Flow 19-193] Failed to save BOM file 'd:/FPGA/Vivaldo Project/PUCCH-FORMAT-0/pucch0/pucch0.srcs/sources_1/bd/pucch0/ip/pucch0_sync_cyclic_0_0/sync_cyclic.srcs/sources_1/ip/cycliic_fifo_0/cycliic_fifo_0.xml'.
CRITICAL WARNING: [IP_Flow 19-194] Failed to save IP instance 'cycliic_fifo_0'.
CRITICAL WARNING: [IP_Flow 19-193] Failed to save BOM file 'd:/FPGA/Vivaldo Project/PUCCH-FORMAT-0/pucch0/pucch0.srcs/sources_1/bd/pucch0/ip/pucch0_cyclic_gen_0_0/cyclic_shift.srcs/sources_1/ip/cyclic_cmpy_0/cyclic_cmpy_0.xml'.
CRITICAL WARNING: [IP_Flow 19-194] Failed to save IP instance 'cyclic_cmpy_0'.
CRITICAL WARNING: [IP_Flow 19-193] Failed to save BOM file 'd:/FPGA/Vivaldo Project/PUCCH-FORMAT-0/pucch0/pucch0.srcs/sources_1/bd/pucch0/ip/pucch0_correlation_0_0/correlation.srcs/sources_1/ip/correlation_cordic_0/correlation_cordic_0.xml'.
CRITICAL WARNING: [IP_Flow 19-194] Failed to save IP instance 'correlation_cordic_0'.
CRITICAL WARNING: [IP_Flow 19-193] Failed to save BOM file 'd:/FPGA/Vivaldo Project/PUCCH-FORMAT-0/pucch0/pucch0.srcs/sources_1/bd/pucch0/ip/pucch0_cyclic_gen_0_1/cyclic_shift.srcs/sources_1/ip/cyclic_fifo_generator_0/cyclic_fifo_generator_0.xml'.
CRITICAL WARNING: [IP_Flow 19-194] Failed to save IP instance 'cyclic_fifo_generator_0'.
Wrote  : <D:\FPGA\Vivaldo Project\PUCCH-FORMAT-0\pucch0\pucch0.srcs\sources_1\bd\pucch0\pucch0.bd> 
INFO: [Coretcl 2-1525] Wrote upgrade log to 'D:/FPGA/Vivaldo Project/PUCCH-FORMAT-0/pucch0/ip_upgrade.log'.
export_ip_user_files -of_objects [get_ips pucch0_ofdm_demodulation_v2_0_0] -no_script -sync -force -quiet
generate_target all [get_files  {{D:/FPGA/Vivaldo Project/PUCCH-FORMAT-0/pucch0/pucch0.srcs/sources_1/bd/pucch0/pucch0.bd}}]
CRITICAL WARNING: [BD 41-759] The input pins (listed below) are either not connected or do not have a source port, and they don't have a tie-off specified. These pins are tied-off to all 0's to avoid error in Implementation flow.
Please check your design and connect them as needed: 
/combine_rx_sym_0/in_sqrt
/correlation_0/resourcesetresourceset

CRITICAL WARNING: [IP_Flow 19-193] Failed to save BOM file 'd:/FPGA/Vivaldo Project/PUCCH-FORMAT-0/pucch0/pucch0.srcs/sources_1/bd/pucch0/ip/pucch0_combine_rx_sym_0_0/combine_rx_sym.srcs/sources_1/ip/combine_fifo_generator_0/combine_fifo_generator_0.xml'.
CRITICAL WARNING: [IP_Flow 19-194] Failed to save IP instance 'combine_fifo_generator_0'.
CRITICAL WARNING: [IP_Flow 19-193] Failed to save BOM file 'd:/FPGA/Vivaldo Project/PUCCH-FORMAT-0/pucch0/pucch0.srcs/sources_1/bd/pucch0/ip/pucch0_rx_duplication_0_0/rx_duplication.srcs/sources_1/ip/rx_dup_mem_1/rx_dup_mem_1.xml'.
CRITICAL WARNING: [IP_Flow 19-194] Failed to save IP instance 'rx_dup_mem_1'.
CRITICAL WARNING: [IP_Flow 19-193] Failed to save BOM file 'd:/FPGA/Vivaldo Project/PUCCH-FORMAT-0/pucch0/pucch0.srcs/sources_1/bd/pucch0/ip/pucch0_sync_cyclic_0_0/sync_cyclic.srcs/sources_1/ip/cycliic_fifo_0/cycliic_fifo_0.xml'.
CRITICAL WARNING: [IP_Flow 19-194] Failed to save IP instance 'cycliic_fifo_0'.
CRITICAL WARNING: [IP_Flow 19-193] Failed to save BOM file 'd:/FPGA/Vivaldo Project/PUCCH-FORMAT-0/pucch0/pucch0.srcs/sources_1/bd/pucch0/ip/pucch0_cyclic_gen_0_0/cyclic_shift.srcs/sources_1/ip/cyclic_cmpy_0/cyclic_cmpy_0.xml'.
CRITICAL WARNING: [IP_Flow 19-194] Failed to save IP instance 'cyclic_cmpy_0'.
CRITICAL WARNING: [IP_Flow 19-193] Failed to save BOM file 'd:/FPGA/Vivaldo Project/PUCCH-FORMAT-0/pucch0/pucch0.srcs/sources_1/bd/pucch0/ip/pucch0_correlation_0_0/correlation.srcs/sources_1/ip/correlation_cordic_0/correlation_cordic_0.xml'.
CRITICAL WARNING: [IP_Flow 19-194] Failed to save IP instance 'correlation_cordic_0'.
CRITICAL WARNING: [IP_Flow 19-193] Failed to save BOM file 'd:/FPGA/Vivaldo Project/PUCCH-FORMAT-0/pucch0/pucch0.srcs/sources_1/bd/pucch0/ip/pucch0_cyclic_gen_0_1/cyclic_shift.srcs/sources_1/ip/cyclic_fifo_generator_0/cyclic_fifo_generator_0.xml'.
CRITICAL WARNING: [IP_Flow 19-194] Failed to save IP instance 'cyclic_fifo_generator_0'.
Wrote  : <D:\FPGA\Vivaldo Project\PUCCH-FORMAT-0\pucch0\pucch0.srcs\sources_1\bd\pucch0\pucch0.bd> 
CRITICAL WARNING: [BD 41-1228] Width mismatch when connecting input pin '/demapping_0/uci_slot'(5) to net 'slot_ind_1'(8) - Only lower order bits will be connected, and other input bits of this pin will be left unconnected.
CRITICAL WARNING: [BD 41-1228] Width mismatch when connecting input pin '/cyclic_gen_0/uci_slot'(5) to net 'slot_ind_1'(8) - Only lower order bits will be connected, and other input bits of this pin will be left unconnected.
CRITICAL WARNING: [BD 41-1228] Width mismatch when connecting input pin '/cyclic_gen_1/uci_slot'(5) to net 'slot_ind_1'(8) - Only lower order bits will be connected, and other input bits of this pin will be left unconnected.
CRITICAL WARNING: [BD 41-1228] Width mismatch when connecting input pin '/demapping_0/uci_first_symbol_idx'(4) to net 'layer2_parameter_0_uci_frist_symbol'(8) - Only lower order bits will be connected, and other input bits of this pin will be left unconnected.
CRITICAL WARNING: [BD 41-1228] Width mismatch when connecting input pin '/cyclic_gen_0/uci_first_symbol'(4) to net 'layer2_parameter_0_uci_frist_symbol'(8) - Only lower order bits will be connected, and other input bits of this pin will be left unconnected.
CRITICAL WARNING: [BD 41-1228] Width mismatch when connecting input pin '/cyclic_gen_1/uci_first_symbol'(4) to net 'layer2_parameter_0_uci_frist_symbol'(8) - Only lower order bits will be connected, and other input bits of this pin will be left unconnected.
CRITICAL WARNING: [BD 41-1228] Width mismatch when connecting input pin '/demapping_0/uci_nsymbols'(2) to net 'layer2_parameter_0_uci_symbol'(8) - Only lower order bits will be connected, and other input bits of this pin will be left unconnected.
CRITICAL WARNING: [BD 41-1228] Width mismatch when connecting input pin '/demapping_0/uci_prbsoffset'(2) to net 'layer2_parameter_0_uci_pbr_offset'(16) - Only lower order bits will be connected, and other input bits of this pin will be left unconnected.
CRITICAL WARNING: [BD 41-1228] Width mismatch when connecting input pin '/demapping_0/uci_secondhop_prb'(10) to net 'layer2_parameter_0_uci_second_prb'(16) - Only lower order bits will be connected, and other input bits of this pin will be left unconnected.
CRITICAL WARNING: [BD 41-1228] Width mismatch when connecting input pin '/cyclic_gen_0/uci_nID'(11) to net 'layer2_parameter_0_uci_nid'(16) - Only lower order bits will be connected, and other input bits of this pin will be left unconnected.
CRITICAL WARNING: [BD 41-1228] Width mismatch when connecting input pin '/cyclic_gen_1/uci_nID'(11) to net 'layer2_parameter_0_uci_nid'(16) - Only lower order bits will be connected, and other input bits of this pin will be left unconnected.
CRITICAL WARNING: [BD 41-1228] Width mismatch when connecting input pin '/cyclic_gen_0/uci_m0'(4) to net 'layer2_parameter_0_uci_m0'(16) - Only lower order bits will be connected, and other input bits of this pin will be left unconnected.
CRITICAL WARNING: [BD 41-1228] Width mismatch when connecting input pin '/cyclic_gen_1/uci_m0'(4) to net 'layer2_parameter_0_uci_m0'(16) - Only lower order bits will be connected, and other input bits of this pin will be left unconnected.
CRITICAL WARNING: [BD 41-1228] Width mismatch when connecting input pin '/peak_search_0/uci_ack'(2) to net 'layer2_parameter_0_uci_ack'(16) - Only lower order bits will be connected, and other input bits of this pin will be left unconnected.
CRITICAL WARNING: [BD 41-1228] Width mismatch when connecting input pin '/cyclic_gen_0/uci_ack'(2) to net 'layer2_parameter_0_uci_ack'(16) - Only lower order bits will be connected, and other input bits of this pin will be left unconnected.
CRITICAL WARNING: [BD 41-1228] Width mismatch when connecting input pin '/cyclic_gen_1/uci_ack'(2) to net 'layer2_parameter_0_uci_ack'(16) - Only lower order bits will be connected, and other input bits of this pin will be left unconnected.
CRITICAL WARNING: [BD 41-1228] Width mismatch when connecting input pin '/cyclic_gen_0/uci_grouphopping'(2) to net 'group_hopping_1'(8) - Only lower order bits will be connected, and other input bits of this pin will be left unconnected.
CRITICAL WARNING: [BD 41-1228] Width mismatch when connecting input pin '/cyclic_gen_1/uci_grouphopping'(2) to net 'group_hopping_1'(8) - Only lower order bits will be connected, and other input bits of this pin will be left unconnected.
CRITICAL WARNING: [BD 41-1228] Width mismatch when connecting input pin '/ofdm_demodulation_v2_0/scale_factor'(4) to net 'xlconstant_2_dout'(3) - Only lower order bits will be connected, and other input bits of this pin will be left unconnected.
CRITICAL WARNING: [BD 41-1228] Width mismatch when connecting input pin '/ofdm_demodulation_v2_0/ant_input'(32) to net 'xlslice_0_Dout'(16) - Only lower order bits will be connected, and other input bits of this pin will be left unconnected.
VHDL Output written to : D:/FPGA/Vivaldo Project/PUCCH-FORMAT-0/pucch0/pucch0.srcs/sources_1/bd/pucch0/synth/pucch0.v
CRITICAL WARNING: [BD 41-1228] Width mismatch when connecting input pin '/demapping_0/uci_slot'(5) to net 'slot_ind_1'(8) - Only lower order bits will be connected, and other input bits of this pin will be left unconnected.
CRITICAL WARNING: [BD 41-1228] Width mismatch when connecting input pin '/cyclic_gen_0/uci_slot'(5) to net 'slot_ind_1'(8) - Only lower order bits will be connected, and other input bits of this pin will be left unconnected.
CRITICAL WARNING: [BD 41-1228] Width mismatch when connecting input pin '/cyclic_gen_1/uci_slot'(5) to net 'slot_ind_1'(8) - Only lower order bits will be connected, and other input bits of this pin will be left unconnected.
CRITICAL WARNING: [BD 41-1228] Width mismatch when connecting input pin '/demapping_0/uci_first_symbol_idx'(4) to net 'layer2_parameter_0_uci_frist_symbol'(8) - Only lower order bits will be connected, and other input bits of this pin will be left unconnected.
CRITICAL WARNING: [BD 41-1228] Width mismatch when connecting input pin '/cyclic_gen_0/uci_first_symbol'(4) to net 'layer2_parameter_0_uci_frist_symbol'(8) - Only lower order bits will be connected, and other input bits of this pin will be left unconnected.
CRITICAL WARNING: [BD 41-1228] Width mismatch when connecting input pin '/cyclic_gen_1/uci_first_symbol'(4) to net 'layer2_parameter_0_uci_frist_symbol'(8) - Only lower order bits will be connected, and other input bits of this pin will be left unconnected.
CRITICAL WARNING: [BD 41-1228] Width mismatch when connecting input pin '/demapping_0/uci_nsymbols'(2) to net 'layer2_parameter_0_uci_symbol'(8) - Only lower order bits will be connected, and other input bits of this pin will be left unconnected.
CRITICAL WARNING: [BD 41-1228] Width mismatch when connecting input pin '/demapping_0/uci_prbsoffset'(2) to net 'layer2_parameter_0_uci_pbr_offset'(16) - Only lower order bits will be connected, and other input bits of this pin will be left unconnected.
CRITICAL WARNING: [BD 41-1228] Width mismatch when connecting input pin '/demapping_0/uci_secondhop_prb'(10) to net 'layer2_parameter_0_uci_second_prb'(16) - Only lower order bits will be connected, and other input bits of this pin will be left unconnected.
CRITICAL WARNING: [BD 41-1228] Width mismatch when connecting input pin '/cyclic_gen_0/uci_nID'(11) to net 'layer2_parameter_0_uci_nid'(16) - Only lower order bits will be connected, and other input bits of this pin will be left unconnected.
CRITICAL WARNING: [BD 41-1228] Width mismatch when connecting input pin '/cyclic_gen_1/uci_nID'(11) to net 'layer2_parameter_0_uci_nid'(16) - Only lower order bits will be connected, and other input bits of this pin will be left unconnected.
CRITICAL WARNING: [BD 41-1228] Width mismatch when connecting input pin '/cyclic_gen_0/uci_m0'(4) to net 'layer2_parameter_0_uci_m0'(16) - Only lower order bits will be connected, and other input bits of this pin will be left unconnected.
CRITICAL WARNING: [BD 41-1228] Width mismatch when connecting input pin '/cyclic_gen_1/uci_m0'(4) to net 'layer2_parameter_0_uci_m0'(16) - Only lower order bits will be connected, and other input bits of this pin will be left unconnected.
CRITICAL WARNING: [BD 41-1228] Width mismatch when connecting input pin '/peak_search_0/uci_ack'(2) to net 'layer2_parameter_0_uci_ack'(16) - Only lower order bits will be connected, and other input bits of this pin will be left unconnected.
CRITICAL WARNING: [BD 41-1228] Width mismatch when connecting input pin '/cyclic_gen_0/uci_ack'(2) to net 'layer2_parameter_0_uci_ack'(16) - Only lower order bits will be connected, and other input bits of this pin will be left unconnected.
CRITICAL WARNING: [BD 41-1228] Width mismatch when connecting input pin '/cyclic_gen_1/uci_ack'(2) to net 'layer2_parameter_0_uci_ack'(16) - Only lower order bits will be connected, and other input bits of this pin will be left unconnected.
CRITICAL WARNING: [BD 41-1228] Width mismatch when connecting input pin '/cyclic_gen_0/uci_grouphopping'(2) to net 'group_hopping_1'(8) - Only lower order bits will be connected, and other input bits of this pin will be left unconnected.
CRITICAL WARNING: [BD 41-1228] Width mismatch when connecting input pin '/cyclic_gen_1/uci_grouphopping'(2) to net 'group_hopping_1'(8) - Only lower order bits will be connected, and other input bits of this pin will be left unconnected.
CRITICAL WARNING: [BD 41-1228] Width mismatch when connecting input pin '/ofdm_demodulation_v2_0/scale_factor'(4) to net 'xlconstant_2_dout'(3) - Only lower order bits will be connected, and other input bits of this pin will be left unconnected.
CRITICAL WARNING: [BD 41-1228] Width mismatch when connecting input pin '/ofdm_demodulation_v2_0/ant_input'(32) to net 'xlslice_0_Dout'(16) - Only lower order bits will be connected, and other input bits of this pin will be left unconnected.
VHDL Output written to : D:/FPGA/Vivaldo Project/PUCCH-FORMAT-0/pucch0/pucch0.srcs/sources_1/bd/pucch0/sim/pucch0.v
VHDL Output written to : D:/FPGA/Vivaldo Project/PUCCH-FORMAT-0/pucch0/pucch0.srcs/sources_1/bd/pucch0/hdl/pucch0_wrapper.v
INFO: [BD 41-1029] Generation completed for the IP Integrator block physical_control_0 .
INFO: [BD 41-1029] Generation completed for the IP Integrator block demapping_0 .
CRITICAL WARNING: [IP_Flow 19-193] Failed to save BOM file 'd:/FPGA/Vivaldo Project/PUCCH-FORMAT-0/pucch0/pucch0.srcs/sources_1/bd/pucch0/ip/pucch0_rx_duplication_0_0/rx_duplication.srcs/sources_1/ip/rx_dup_mem_1/rx_dup_mem_1.xml'.
CRITICAL WARNING: [IP_Flow 19-194] Failed to save IP instance 'rx_dup_mem_1'.
CRITICAL WARNING: [IP_Flow 19-193] Failed to save BOM file 'd:/FPGA/Vivaldo Project/PUCCH-FORMAT-0/pucch0/pucch0.srcs/sources_1/bd/pucch0/ip/pucch0_rx_duplication_0_0/rx_duplication.srcs/sources_1/ip/rx_dup_mem_1/rx_dup_mem_1.xml'.
CRITICAL WARNING: [IP_Flow 19-194] Failed to save IP instance 'rx_dup_mem_1'.
CRITICAL WARNING: [IP_Flow 19-193] Failed to save BOM file 'd:/FPGA/Vivaldo Project/PUCCH-FORMAT-0/pucch0/pucch0.srcs/sources_1/bd/pucch0/ip/pucch0_rx_duplication_0_0/rx_duplication.srcs/sources_1/ip/rx_dup_mem_1/rx_dup_mem_1.xml'.
CRITICAL WARNING: [IP_Flow 19-194] Failed to save IP instance 'rx_dup_mem_1'.
ERROR: [IP_Flow 19-98] Generation of the IP CORE failed.
ERROR: [BD 41-1030] Generation failed for the IP Integrator block rx_duplication_0 
CRITICAL WARNING: [IP_Flow 19-193] Failed to save BOM file 'd:/FPGA/Vivaldo Project/PUCCH-FORMAT-0/pucch0/pucch0.srcs/sources_1/bd/pucch0/ip/pucch0_correlation_0_0/correlation.srcs/sources_1/ip/correlation_cordic_0/correlation_cordic_0.xml'.
CRITICAL WARNING: [IP_Flow 19-194] Failed to save IP instance 'correlation_cordic_0'.
CRITICAL WARNING: [IP_Flow 19-193] Failed to save BOM file 'd:/FPGA/Vivaldo Project/PUCCH-FORMAT-0/pucch0/pucch0.srcs/sources_1/bd/pucch0/ip/pucch0_correlation_0_0/correlation.srcs/sources_1/ip/correlation_cordic_0/correlation_cordic_0.xml'.
CRITICAL WARNING: [IP_Flow 19-194] Failed to save IP instance 'correlation_cordic_0'.
CRITICAL WARNING: [IP_Flow 19-193] Failed to save BOM file 'd:/FPGA/Vivaldo Project/PUCCH-FORMAT-0/pucch0/pucch0.srcs/sources_1/bd/pucch0/ip/pucch0_correlation_0_0/correlation.srcs/sources_1/ip/correlation_cordic_0/correlation_cordic_0.xml'.
CRITICAL WARNING: [IP_Flow 19-194] Failed to save IP instance 'correlation_cordic_0'.
ERROR: [IP_Flow 19-98] Generation of the IP CORE failed.
ERROR: [BD 41-1030] Generation failed for the IP Integrator block correlation_0 
CRITICAL WARNING: [IP_Flow 19-193] Failed to save BOM file 'd:/FPGA/Vivaldo Project/PUCCH-FORMAT-0/pucch0/pucch0.srcs/sources_1/bd/pucch0/ip/pucch0_combine_rx_sym_0_0/combine_rx_sym.srcs/sources_1/ip/combine_fifo_generator_0/combine_fifo_generator_0.xml'.
CRITICAL WARNING: [IP_Flow 19-194] Failed to save IP instance 'combine_fifo_generator_0'.
CRITICAL WARNING: [IP_Flow 19-193] Failed to save BOM file 'd:/FPGA/Vivaldo Project/PUCCH-FORMAT-0/pucch0/pucch0.srcs/sources_1/bd/pucch0/ip/pucch0_combine_rx_sym_0_0/combine_rx_sym.srcs/sources_1/ip/combine_fifo_generator_0/combine_fifo_generator_0.xml'.
CRITICAL WARNING: [IP_Flow 19-194] Failed to save IP instance 'combine_fifo_generator_0'.
CRITICAL WARNING: [IP_Flow 19-193] Failed to save BOM file 'd:/FPGA/Vivaldo Project/PUCCH-FORMAT-0/pucch0/pucch0.srcs/sources_1/bd/pucch0/ip/pucch0_combine_rx_sym_0_0/combine_rx_sym.srcs/sources_1/ip/combine_fifo_generator_0/combine_fifo_generator_0.xml'.
CRITICAL WARNING: [IP_Flow 19-194] Failed to save IP instance 'combine_fifo_generator_0'.
ERROR: [IP_Flow 19-98] Generation of the IP CORE failed.
ERROR: [BD 41-1030] Generation failed for the IP Integrator block combine_rx_sym_0 
INFO: [BD 41-1029] Generation completed for the IP Integrator block peak_search_0 .
INFO: [BD 41-1029] Generation completed for the IP Integrator block frame_sync_0 .
INFO: [BD 41-1029] Generation completed for the IP Integrator block layer2_parameter_0 .
INFO: [BD 41-1029] Generation completed for the IP Integrator block xlconstant_0 .
INFO: [BD 41-1029] Generation completed for the IP Integrator block xlconstant_1 .
CRITICAL WARNING: [IP_Flow 19-193] Failed to save BOM file 'd:/FPGA/Vivaldo Project/PUCCH-FORMAT-0/pucch0/pucch0.srcs/sources_1/bd/pucch0/ip/pucch0_sync_cyclic_0_0/sync_cyclic.srcs/sources_1/ip/cycliic_fifo_0/cycliic_fifo_0.xml'.
CRITICAL WARNING: [IP_Flow 19-194] Failed to save IP instance 'cycliic_fifo_0'.
CRITICAL WARNING: [IP_Flow 19-193] Failed to save BOM file 'd:/FPGA/Vivaldo Project/PUCCH-FORMAT-0/pucch0/pucch0.srcs/sources_1/bd/pucch0/ip/pucch0_sync_cyclic_0_0/sync_cyclic.srcs/sources_1/ip/cycliic_fifo_0/cycliic_fifo_0.xml'.
CRITICAL WARNING: [IP_Flow 19-194] Failed to save IP instance 'cycliic_fifo_0'.
CRITICAL WARNING: [IP_Flow 19-193] Failed to save BOM file 'd:/FPGA/Vivaldo Project/PUCCH-FORMAT-0/pucch0/pucch0.srcs/sources_1/bd/pucch0/ip/pucch0_sync_cyclic_0_0/sync_cyclic.srcs/sources_1/ip/cycliic_fifo_0/cycliic_fifo_0.xml'.
CRITICAL WARNING: [IP_Flow 19-194] Failed to save IP instance 'cycliic_fifo_0'.
ERROR: [IP_Flow 19-98] Generation of the IP CORE failed.
ERROR: [BD 41-1030] Generation failed for the IP Integrator block sync_cyclic_0 
INFO: [BD 41-1029] Generation completed for the IP Integrator block frame_sync_1 .
INFO: [BD 41-1029] Generation completed for the IP Integrator block xlconcat_0 .
CRITICAL WARNING: [IP_Flow 19-193] Failed to save BOM file 'd:/FPGA/Vivaldo Project/PUCCH-FORMAT-0/pucch0/pucch0.srcs/sources_1/bd/pucch0/ip/pucch0_ofdm_demodulation_v2_0_0/ofdm_demodulation.srcs/sources_1/ip/xfft_0/xfft_0.xml'.
CRITICAL WARNING: [IP_Flow 19-194] Failed to save IP instance 'xfft_0'.
CRITICAL WARNING: [IP_Flow 19-193] Failed to save BOM file 'd:/FPGA/Vivaldo Project/PUCCH-FORMAT-0/pucch0/pucch0.srcs/sources_1/bd/pucch0/ip/pucch0_ofdm_demodulation_v2_0_0/ofdm_demodulation.srcs/sources_1/ip/xfft_0/xfft_0.xml'.
CRITICAL WARNING: [IP_Flow 19-194] Failed to save IP instance 'xfft_0'.
ERROR: [IP_Flow 19-98] Generation of the IP CORE failed.
ERROR: [BD 41-1030] Generation failed for the IP Integrator block ofdm_demodulation_v2_0 
INFO: [BD 41-1029] Generation completed for the IP Integrator block xlconstant_2 .
INFO: [BD 41-1029] Generation completed for the IP Integrator block xlslice_0 .
CRITICAL WARNING: [IP_Flow 19-193] Failed to save BOM file 'd:/FPGA/Vivaldo Project/PUCCH-FORMAT-0/pucch0/pucch0.srcs/sources_1/bd/pucch0/ip/pucch0_cyclic_gen_0_0/cyclic_shift.srcs/sources_1/ip/cyclic_cmpy_0/cyclic_cmpy_0.xml'.
CRITICAL WARNING: [IP_Flow 19-194] Failed to save IP instance 'cyclic_cmpy_0'.
CRITICAL WARNING: [IP_Flow 19-193] Failed to save BOM file 'd:/FPGA/Vivaldo Project/PUCCH-FORMAT-0/pucch0/pucch0.srcs/sources_1/bd/pucch0/ip/pucch0_cyclic_gen_0_0/cyclic_shift.srcs/sources_1/ip/cyclic_cmpy_0/cyclic_cmpy_0.xml'.
CRITICAL WARNING: [IP_Flow 19-194] Failed to save IP instance 'cyclic_cmpy_0'.
CRITICAL WARNING: [IP_Flow 19-193] Failed to save BOM file 'd:/FPGA/Vivaldo Project/PUCCH-FORMAT-0/pucch0/pucch0.srcs/sources_1/bd/pucch0/ip/pucch0_cyclic_gen_0_0/cyclic_shift.srcs/sources_1/ip/cyclic_cmpy_0/cyclic_cmpy_0.xml'.
CRITICAL WARNING: [IP_Flow 19-194] Failed to save IP instance 'cyclic_cmpy_0'.
ERROR: [IP_Flow 19-98] Generation of the IP CORE failed.
ERROR: [BD 41-1030] Generation failed for the IP Integrator block cyclic_gen_0 
CRITICAL WARNING: [IP_Flow 19-193] Failed to save BOM file 'd:/FPGA/Vivaldo Project/PUCCH-FORMAT-0/pucch0/pucch0.srcs/sources_1/bd/pucch0/ip/pucch0_cyclic_gen_0_1/cyclic_shift.srcs/sources_1/ip/cyclic_fifo_generator_0/cyclic_fifo_generator_0.xml'.
CRITICAL WARNING: [IP_Flow 19-194] Failed to save IP instance 'cyclic_fifo_generator_0'.
CRITICAL WARNING: [IP_Flow 19-193] Failed to save BOM file 'd:/FPGA/Vivaldo Project/PUCCH-FORMAT-0/pucch0/pucch0.srcs/sources_1/bd/pucch0/ip/pucch0_cyclic_gen_0_1/cyclic_shift.srcs/sources_1/ip/cyclic_fifo_generator_0/cyclic_fifo_generator_0.xml'.
CRITICAL WARNING: [IP_Flow 19-194] Failed to save IP instance 'cyclic_fifo_generator_0'.
CRITICAL WARNING: [IP_Flow 19-193] Failed to save BOM file 'd:/FPGA/Vivaldo Project/PUCCH-FORMAT-0/pucch0/pucch0.srcs/sources_1/bd/pucch0/ip/pucch0_cyclic_gen_0_1/cyclic_shift.srcs/sources_1/ip/cyclic_fifo_generator_0/cyclic_fifo_generator_0.xml'.
CRITICAL WARNING: [IP_Flow 19-194] Failed to save IP instance 'cyclic_fifo_generator_0'.
ERROR: [IP_Flow 19-98] Generation of the IP CORE failed.
ERROR: [BD 41-1030] Generation failed for the IP Integrator block cyclic_gen_1 
Exporting to file D:/FPGA/Vivaldo Project/PUCCH-FORMAT-0/pucch0/pucch0.srcs/sources_1/bd/pucch0/hw_handoff/pucch0.hwh
CRITICAL WARNING: [BD 41-1938] The current design is out-of-date/locked, so it is best to update before calling write_bd_tcl, however, a Tcl script is still generated for the current design.
Generated Block Design Tcl file D:/FPGA/Vivaldo Project/PUCCH-FORMAT-0/pucch0/pucch0.srcs/sources_1/bd/pucch0/hw_handoff/pucch0_bd.tcl
Generated Hardware Definition File D:/FPGA/Vivaldo Project/PUCCH-FORMAT-0/pucch0/pucch0.srcs/sources_1/bd/pucch0/synth/pucch0.hwdef
ERROR: [Common 17-39] 'generate_target' failed due to earlier errors.
update_ip_catalog -rebuild -scan_changes
INFO: [IP_Flow 19-234] Refreshing IP repositories
INFO: [IP_Flow 19-1700] Loaded user IP repository 'd:/FPGA/Vivaldo Project/PUCCH-FORMAT-0'.
WARNING: [IP_Flow 19-3656] If you move the project, the path for repository 'd:/FPGA/Vivaldo Project/PUCCH-FORMAT-0' may become invalid. A better location for the repository would be in a path adjacent to the project. (Current project location is 'd:/FPGA/Vivaldo Project/PUCCH-FORMAT-0/pucch0'.)
report_ip_status -name ip_status
upgrade_ip -vlnv xilinx.com:user:ofdm_demodulation_v2:2 [get_ips  pucch0_ofdm_demodulation_v2_0_0] -log ip_upgrade.log
Upgrading 'D:/FPGA/Vivaldo Project/PUCCH-FORMAT-0/pucch0/pucch0.srcs/sources_1/bd/pucch0/pucch0.bd'
INFO: [IP_Flow 19-3422] Upgraded pucch0_ofdm_demodulation_v2_0_0 (ofdm_demodulation_v2 2) from revision 6 to revision 8
WARNING: [BD 41-1731] Type mismatch between connected pins: /clk(clk) and /ofdm_demodulation_v2_0_upgraded_ipi/clk(undef)
WARNING: [BD 41-1731] Type mismatch between connected pins: /rst(rst) and /ofdm_demodulation_v2_0_upgraded_ipi/rst(undef)
CRITICAL WARNING: [IP_Flow 19-193] Failed to save BOM file 'd:/FPGA/Vivaldo Project/PUCCH-FORMAT-0/pucch0/pucch0.srcs/sources_1/bd/pucch0/ip/pucch0_combine_rx_sym_0_0/combine_rx_sym.srcs/sources_1/ip/combine_fifo_generator_0/combine_fifo_generator_0.xml'.
CRITICAL WARNING: [IP_Flow 19-194] Failed to save IP instance 'combine_fifo_generator_0'.
CRITICAL WARNING: [IP_Flow 19-193] Failed to save BOM file 'd:/FPGA/Vivaldo Project/PUCCH-FORMAT-0/pucch0/pucch0.srcs/sources_1/bd/pucch0/ip/pucch0_rx_duplication_0_0/rx_duplication.srcs/sources_1/ip/rx_dup_mem_1/rx_dup_mem_1.xml'.
CRITICAL WARNING: [IP_Flow 19-194] Failed to save IP instance 'rx_dup_mem_1'.
CRITICAL WARNING: [IP_Flow 19-193] Failed to save BOM file 'd:/FPGA/Vivaldo Project/PUCCH-FORMAT-0/pucch0/pucch0.srcs/sources_1/bd/pucch0/ip/pucch0_sync_cyclic_0_0/sync_cyclic.srcs/sources_1/ip/cycliic_fifo_0/cycliic_fifo_0.xml'.
CRITICAL WARNING: [IP_Flow 19-194] Failed to save IP instance 'cycliic_fifo_0'.
CRITICAL WARNING: [IP_Flow 19-193] Failed to save BOM file 'd:/FPGA/Vivaldo Project/PUCCH-FORMAT-0/pucch0/pucch0.srcs/sources_1/bd/pucch0/ip/pucch0_cyclic_gen_0_0/cyclic_shift.srcs/sources_1/ip/cyclic_cmpy_0/cyclic_cmpy_0.xml'.
CRITICAL WARNING: [IP_Flow 19-194] Failed to save IP instance 'cyclic_cmpy_0'.
CRITICAL WARNING: [IP_Flow 19-193] Failed to save BOM file 'd:/FPGA/Vivaldo Project/PUCCH-FORMAT-0/pucch0/pucch0.srcs/sources_1/bd/pucch0/ip/pucch0_correlation_0_0/correlation.srcs/sources_1/ip/correlation_cordic_0/correlation_cordic_0.xml'.
CRITICAL WARNING: [IP_Flow 19-194] Failed to save IP instance 'correlation_cordic_0'.
CRITICAL WARNING: [IP_Flow 19-193] Failed to save BOM file 'd:/FPGA/Vivaldo Project/PUCCH-FORMAT-0/pucch0/pucch0.srcs/sources_1/bd/pucch0/ip/pucch0_cyclic_gen_0_1/cyclic_shift.srcs/sources_1/ip/cyclic_fifo_generator_0/cyclic_fifo_generator_0.xml'.
CRITICAL WARNING: [IP_Flow 19-194] Failed to save IP instance 'cyclic_fifo_generator_0'.
Wrote  : <D:\FPGA\Vivaldo Project\PUCCH-FORMAT-0\pucch0\pucch0.srcs\sources_1\bd\pucch0\pucch0.bd> 
INFO: [Coretcl 2-1525] Wrote upgrade log to 'D:/FPGA/Vivaldo Project/PUCCH-FORMAT-0/pucch0/ip_upgrade.log'.
export_ip_user_files -of_objects [get_ips pucch0_ofdm_demodulation_v2_0_0] -no_script -sync -force -quiet
generate_target all [get_files  {{D:/FPGA/Vivaldo Project/PUCCH-FORMAT-0/pucch0/pucch0.srcs/sources_1/bd/pucch0/pucch0.bd}}]
CRITICAL WARNING: [BD 41-759] The input pins (listed below) are either not connected or do not have a source port, and they don't have a tie-off specified. These pins are tied-off to all 0's to avoid error in Implementation flow.
Please check your design and connect them as needed: 
/combine_rx_sym_0/in_sqrt
/correlation_0/resourcesetresourceset

CRITICAL WARNING: [IP_Flow 19-193] Failed to save BOM file 'd:/FPGA/Vivaldo Project/PUCCH-FORMAT-0/pucch0/pucch0.srcs/sources_1/bd/pucch0/ip/pucch0_combine_rx_sym_0_0/combine_rx_sym.srcs/sources_1/ip/combine_fifo_generator_0/combine_fifo_generator_0.xml'.
CRITICAL WARNING: [IP_Flow 19-194] Failed to save IP instance 'combine_fifo_generator_0'.
CRITICAL WARNING: [IP_Flow 19-193] Failed to save BOM file 'd:/FPGA/Vivaldo Project/PUCCH-FORMAT-0/pucch0/pucch0.srcs/sources_1/bd/pucch0/ip/pucch0_rx_duplication_0_0/rx_duplication.srcs/sources_1/ip/rx_dup_mem_1/rx_dup_mem_1.xml'.
CRITICAL WARNING: [IP_Flow 19-194] Failed to save IP instance 'rx_dup_mem_1'.
CRITICAL WARNING: [IP_Flow 19-193] Failed to save BOM file 'd:/FPGA/Vivaldo Project/PUCCH-FORMAT-0/pucch0/pucch0.srcs/sources_1/bd/pucch0/ip/pucch0_sync_cyclic_0_0/sync_cyclic.srcs/sources_1/ip/cycliic_fifo_0/cycliic_fifo_0.xml'.
CRITICAL WARNING: [IP_Flow 19-194] Failed to save IP instance 'cycliic_fifo_0'.
CRITICAL WARNING: [IP_Flow 19-193] Failed to save BOM file 'd:/FPGA/Vivaldo Project/PUCCH-FORMAT-0/pucch0/pucch0.srcs/sources_1/bd/pucch0/ip/pucch0_cyclic_gen_0_0/cyclic_shift.srcs/sources_1/ip/cyclic_cmpy_0/cyclic_cmpy_0.xml'.
CRITICAL WARNING: [IP_Flow 19-194] Failed to save IP instance 'cyclic_cmpy_0'.
CRITICAL WARNING: [IP_Flow 19-193] Failed to save BOM file 'd:/FPGA/Vivaldo Project/PUCCH-FORMAT-0/pucch0/pucch0.srcs/sources_1/bd/pucch0/ip/pucch0_correlation_0_0/correlation.srcs/sources_1/ip/correlation_cordic_0/correlation_cordic_0.xml'.
CRITICAL WARNING: [IP_Flow 19-194] Failed to save IP instance 'correlation_cordic_0'.
CRITICAL WARNING: [IP_Flow 19-193] Failed to save BOM file 'd:/FPGA/Vivaldo Project/PUCCH-FORMAT-0/pucch0/pucch0.srcs/sources_1/bd/pucch0/ip/pucch0_cyclic_gen_0_1/cyclic_shift.srcs/sources_1/ip/cyclic_fifo_generator_0/cyclic_fifo_generator_0.xml'.
CRITICAL WARNING: [IP_Flow 19-194] Failed to save IP instance 'cyclic_fifo_generator_0'.
Wrote  : <D:\FPGA\Vivaldo Project\PUCCH-FORMAT-0\pucch0\pucch0.srcs\sources_1\bd\pucch0\pucch0.bd> 
CRITICAL WARNING: [BD 41-1228] Width mismatch when connecting input pin '/demapping_0/uci_slot'(5) to net 'slot_ind_1'(8) - Only lower order bits will be connected, and other input bits of this pin will be left unconnected.
CRITICAL WARNING: [BD 41-1228] Width mismatch when connecting input pin '/cyclic_gen_0/uci_slot'(5) to net 'slot_ind_1'(8) - Only lower order bits will be connected, and other input bits of this pin will be left unconnected.
CRITICAL WARNING: [BD 41-1228] Width mismatch when connecting input pin '/cyclic_gen_1/uci_slot'(5) to net 'slot_ind_1'(8) - Only lower order bits will be connected, and other input bits of this pin will be left unconnected.
CRITICAL WARNING: [BD 41-1228] Width mismatch when connecting input pin '/demapping_0/uci_first_symbol_idx'(4) to net 'layer2_parameter_0_uci_frist_symbol'(8) - Only lower order bits will be connected, and other input bits of this pin will be left unconnected.
CRITICAL WARNING: [BD 41-1228] Width mismatch when connecting input pin '/cyclic_gen_0/uci_first_symbol'(4) to net 'layer2_parameter_0_uci_frist_symbol'(8) - Only lower order bits will be connected, and other input bits of this pin will be left unconnected.
CRITICAL WARNING: [BD 41-1228] Width mismatch when connecting input pin '/cyclic_gen_1/uci_first_symbol'(4) to net 'layer2_parameter_0_uci_frist_symbol'(8) - Only lower order bits will be connected, and other input bits of this pin will be left unconnected.
CRITICAL WARNING: [BD 41-1228] Width mismatch when connecting input pin '/demapping_0/uci_nsymbols'(2) to net 'layer2_parameter_0_uci_symbol'(8) - Only lower order bits will be connected, and other input bits of this pin will be left unconnected.
CRITICAL WARNING: [BD 41-1228] Width mismatch when connecting input pin '/demapping_0/uci_prbsoffset'(2) to net 'layer2_parameter_0_uci_pbr_offset'(16) - Only lower order bits will be connected, and other input bits of this pin will be left unconnected.
CRITICAL WARNING: [BD 41-1228] Width mismatch when connecting input pin '/demapping_0/uci_secondhop_prb'(10) to net 'layer2_parameter_0_uci_second_prb'(16) - Only lower order bits will be connected, and other input bits of this pin will be left unconnected.
CRITICAL WARNING: [BD 41-1228] Width mismatch when connecting input pin '/cyclic_gen_0/uci_nID'(11) to net 'layer2_parameter_0_uci_nid'(16) - Only lower order bits will be connected, and other input bits of this pin will be left unconnected.
CRITICAL WARNING: [BD 41-1228] Width mismatch when connecting input pin '/cyclic_gen_1/uci_nID'(11) to net 'layer2_parameter_0_uci_nid'(16) - Only lower order bits will be connected, and other input bits of this pin will be left unconnected.
CRITICAL WARNING: [BD 41-1228] Width mismatch when connecting input pin '/cyclic_gen_0/uci_m0'(4) to net 'layer2_parameter_0_uci_m0'(16) - Only lower order bits will be connected, and other input bits of this pin will be left unconnected.
CRITICAL WARNING: [BD 41-1228] Width mismatch when connecting input pin '/cyclic_gen_1/uci_m0'(4) to net 'layer2_parameter_0_uci_m0'(16) - Only lower order bits will be connected, and other input bits of this pin will be left unconnected.
CRITICAL WARNING: [BD 41-1228] Width mismatch when connecting input pin '/peak_search_0/uci_ack'(2) to net 'layer2_parameter_0_uci_ack'(16) - Only lower order bits will be connected, and other input bits of this pin will be left unconnected.
CRITICAL WARNING: [BD 41-1228] Width mismatch when connecting input pin '/cyclic_gen_0/uci_ack'(2) to net 'layer2_parameter_0_uci_ack'(16) - Only lower order bits will be connected, and other input bits of this pin will be left unconnected.
CRITICAL WARNING: [BD 41-1228] Width mismatch when connecting input pin '/cyclic_gen_1/uci_ack'(2) to net 'layer2_parameter_0_uci_ack'(16) - Only lower order bits will be connected, and other input bits of this pin will be left unconnected.
CRITICAL WARNING: [BD 41-1228] Width mismatch when connecting input pin '/cyclic_gen_0/uci_grouphopping'(2) to net 'group_hopping_1'(8) - Only lower order bits will be connected, and other input bits of this pin will be left unconnected.
CRITICAL WARNING: [BD 41-1228] Width mismatch when connecting input pin '/cyclic_gen_1/uci_grouphopping'(2) to net 'group_hopping_1'(8) - Only lower order bits will be connected, and other input bits of this pin will be left unconnected.
CRITICAL WARNING: [BD 41-1228] Width mismatch when connecting input pin '/ofdm_demodulation_v2_0/scale_factor'(4) to net 'xlconstant_2_dout'(3) - Only lower order bits will be connected, and other input bits of this pin will be left unconnected.
CRITICAL WARNING: [BD 41-1228] Width mismatch when connecting input pin '/ofdm_demodulation_v2_0/ant_input'(32) to net 'xlslice_0_Dout'(16) - Only lower order bits will be connected, and other input bits of this pin will be left unconnected.
VHDL Output written to : D:/FPGA/Vivaldo Project/PUCCH-FORMAT-0/pucch0/pucch0.srcs/sources_1/bd/pucch0/synth/pucch0.v
CRITICAL WARNING: [BD 41-1228] Width mismatch when connecting input pin '/demapping_0/uci_slot'(5) to net 'slot_ind_1'(8) - Only lower order bits will be connected, and other input bits of this pin will be left unconnected.
CRITICAL WARNING: [BD 41-1228] Width mismatch when connecting input pin '/cyclic_gen_0/uci_slot'(5) to net 'slot_ind_1'(8) - Only lower order bits will be connected, and other input bits of this pin will be left unconnected.
CRITICAL WARNING: [BD 41-1228] Width mismatch when connecting input pin '/cyclic_gen_1/uci_slot'(5) to net 'slot_ind_1'(8) - Only lower order bits will be connected, and other input bits of this pin will be left unconnected.
CRITICAL WARNING: [BD 41-1228] Width mismatch when connecting input pin '/demapping_0/uci_first_symbol_idx'(4) to net 'layer2_parameter_0_uci_frist_symbol'(8) - Only lower order bits will be connected, and other input bits of this pin will be left unconnected.
CRITICAL WARNING: [BD 41-1228] Width mismatch when connecting input pin '/cyclic_gen_0/uci_first_symbol'(4) to net 'layer2_parameter_0_uci_frist_symbol'(8) - Only lower order bits will be connected, and other input bits of this pin will be left unconnected.
CRITICAL WARNING: [BD 41-1228] Width mismatch when connecting input pin '/cyclic_gen_1/uci_first_symbol'(4) to net 'layer2_parameter_0_uci_frist_symbol'(8) - Only lower order bits will be connected, and other input bits of this pin will be left unconnected.
CRITICAL WARNING: [BD 41-1228] Width mismatch when connecting input pin '/demapping_0/uci_nsymbols'(2) to net 'layer2_parameter_0_uci_symbol'(8) - Only lower order bits will be connected, and other input bits of this pin will be left unconnected.
CRITICAL WARNING: [BD 41-1228] Width mismatch when connecting input pin '/demapping_0/uci_prbsoffset'(2) to net 'layer2_parameter_0_uci_pbr_offset'(16) - Only lower order bits will be connected, and other input bits of this pin will be left unconnected.
CRITICAL WARNING: [BD 41-1228] Width mismatch when connecting input pin '/demapping_0/uci_secondhop_prb'(10) to net 'layer2_parameter_0_uci_second_prb'(16) - Only lower order bits will be connected, and other input bits of this pin will be left unconnected.
CRITICAL WARNING: [BD 41-1228] Width mismatch when connecting input pin '/cyclic_gen_0/uci_nID'(11) to net 'layer2_parameter_0_uci_nid'(16) - Only lower order bits will be connected, and other input bits of this pin will be left unconnected.
CRITICAL WARNING: [BD 41-1228] Width mismatch when connecting input pin '/cyclic_gen_1/uci_nID'(11) to net 'layer2_parameter_0_uci_nid'(16) - Only lower order bits will be connected, and other input bits of this pin will be left unconnected.
CRITICAL WARNING: [BD 41-1228] Width mismatch when connecting input pin '/cyclic_gen_0/uci_m0'(4) to net 'layer2_parameter_0_uci_m0'(16) - Only lower order bits will be connected, and other input bits of this pin will be left unconnected.
CRITICAL WARNING: [BD 41-1228] Width mismatch when connecting input pin '/cyclic_gen_1/uci_m0'(4) to net 'layer2_parameter_0_uci_m0'(16) - Only lower order bits will be connected, and other input bits of this pin will be left unconnected.
CRITICAL WARNING: [BD 41-1228] Width mismatch when connecting input pin '/peak_search_0/uci_ack'(2) to net 'layer2_parameter_0_uci_ack'(16) - Only lower order bits will be connected, and other input bits of this pin will be left unconnected.
CRITICAL WARNING: [BD 41-1228] Width mismatch when connecting input pin '/cyclic_gen_0/uci_ack'(2) to net 'layer2_parameter_0_uci_ack'(16) - Only lower order bits will be connected, and other input bits of this pin will be left unconnected.
CRITICAL WARNING: [BD 41-1228] Width mismatch when connecting input pin '/cyclic_gen_1/uci_ack'(2) to net 'layer2_parameter_0_uci_ack'(16) - Only lower order bits will be connected, and other input bits of this pin will be left unconnected.
CRITICAL WARNING: [BD 41-1228] Width mismatch when connecting input pin '/cyclic_gen_0/uci_grouphopping'(2) to net 'group_hopping_1'(8) - Only lower order bits will be connected, and other input bits of this pin will be left unconnected.
CRITICAL WARNING: [BD 41-1228] Width mismatch when connecting input pin '/cyclic_gen_1/uci_grouphopping'(2) to net 'group_hopping_1'(8) - Only lower order bits will be connected, and other input bits of this pin will be left unconnected.
CRITICAL WARNING: [BD 41-1228] Width mismatch when connecting input pin '/ofdm_demodulation_v2_0/scale_factor'(4) to net 'xlconstant_2_dout'(3) - Only lower order bits will be connected, and other input bits of this pin will be left unconnected.
CRITICAL WARNING: [BD 41-1228] Width mismatch when connecting input pin '/ofdm_demodulation_v2_0/ant_input'(32) to net 'xlslice_0_Dout'(16) - Only lower order bits will be connected, and other input bits of this pin will be left unconnected.
VHDL Output written to : D:/FPGA/Vivaldo Project/PUCCH-FORMAT-0/pucch0/pucch0.srcs/sources_1/bd/pucch0/sim/pucch0.v
VHDL Output written to : D:/FPGA/Vivaldo Project/PUCCH-FORMAT-0/pucch0/pucch0.srcs/sources_1/bd/pucch0/hdl/pucch0_wrapper.v
INFO: [BD 41-1029] Generation completed for the IP Integrator block physical_control_0 .
INFO: [BD 41-1029] Generation completed for the IP Integrator block demapping_0 .
CRITICAL WARNING: [IP_Flow 19-193] Failed to save BOM file 'd:/FPGA/Vivaldo Project/PUCCH-FORMAT-0/pucch0/pucch0.srcs/sources_1/bd/pucch0/ip/pucch0_rx_duplication_0_0/rx_duplication.srcs/sources_1/ip/rx_dup_mem_1/rx_dup_mem_1.xml'.
CRITICAL WARNING: [IP_Flow 19-194] Failed to save IP instance 'rx_dup_mem_1'.
CRITICAL WARNING: [IP_Flow 19-193] Failed to save BOM file 'd:/FPGA/Vivaldo Project/PUCCH-FORMAT-0/pucch0/pucch0.srcs/sources_1/bd/pucch0/ip/pucch0_rx_duplication_0_0/rx_duplication.srcs/sources_1/ip/rx_dup_mem_1/rx_dup_mem_1.xml'.
CRITICAL WARNING: [IP_Flow 19-194] Failed to save IP instance 'rx_dup_mem_1'.
CRITICAL WARNING: [IP_Flow 19-193] Failed to save BOM file 'd:/FPGA/Vivaldo Project/PUCCH-FORMAT-0/pucch0/pucch0.srcs/sources_1/bd/pucch0/ip/pucch0_rx_duplication_0_0/rx_duplication.srcs/sources_1/ip/rx_dup_mem_1/rx_dup_mem_1.xml'.
CRITICAL WARNING: [IP_Flow 19-194] Failed to save IP instance 'rx_dup_mem_1'.
ERROR: [IP_Flow 19-98] Generation of the IP CORE failed.
ERROR: [BD 41-1030] Generation failed for the IP Integrator block rx_duplication_0 
CRITICAL WARNING: [IP_Flow 19-193] Failed to save BOM file 'd:/FPGA/Vivaldo Project/PUCCH-FORMAT-0/pucch0/pucch0.srcs/sources_1/bd/pucch0/ip/pucch0_correlation_0_0/correlation.srcs/sources_1/ip/correlation_cordic_0/correlation_cordic_0.xml'.
CRITICAL WARNING: [IP_Flow 19-194] Failed to save IP instance 'correlation_cordic_0'.
CRITICAL WARNING: [IP_Flow 19-193] Failed to save BOM file 'd:/FPGA/Vivaldo Project/PUCCH-FORMAT-0/pucch0/pucch0.srcs/sources_1/bd/pucch0/ip/pucch0_correlation_0_0/correlation.srcs/sources_1/ip/correlation_cordic_0/correlation_cordic_0.xml'.
CRITICAL WARNING: [IP_Flow 19-194] Failed to save IP instance 'correlation_cordic_0'.
CRITICAL WARNING: [IP_Flow 19-193] Failed to save BOM file 'd:/FPGA/Vivaldo Project/PUCCH-FORMAT-0/pucch0/pucch0.srcs/sources_1/bd/pucch0/ip/pucch0_correlation_0_0/correlation.srcs/sources_1/ip/correlation_cordic_0/correlation_cordic_0.xml'.
CRITICAL WARNING: [IP_Flow 19-194] Failed to save IP instance 'correlation_cordic_0'.
ERROR: [IP_Flow 19-98] Generation of the IP CORE failed.
ERROR: [BD 41-1030] Generation failed for the IP Integrator block correlation_0 
CRITICAL WARNING: [IP_Flow 19-193] Failed to save BOM file 'd:/FPGA/Vivaldo Project/PUCCH-FORMAT-0/pucch0/pucch0.srcs/sources_1/bd/pucch0/ip/pucch0_combine_rx_sym_0_0/combine_rx_sym.srcs/sources_1/ip/combine_fifo_generator_0/combine_fifo_generator_0.xml'.
CRITICAL WARNING: [IP_Flow 19-194] Failed to save IP instance 'combine_fifo_generator_0'.
CRITICAL WARNING: [IP_Flow 19-193] Failed to save BOM file 'd:/FPGA/Vivaldo Project/PUCCH-FORMAT-0/pucch0/pucch0.srcs/sources_1/bd/pucch0/ip/pucch0_combine_rx_sym_0_0/combine_rx_sym.srcs/sources_1/ip/combine_fifo_generator_0/combine_fifo_generator_0.xml'.
CRITICAL WARNING: [IP_Flow 19-194] Failed to save IP instance 'combine_fifo_generator_0'.
CRITICAL WARNING: [IP_Flow 19-193] Failed to save BOM file 'd:/FPGA/Vivaldo Project/PUCCH-FORMAT-0/pucch0/pucch0.srcs/sources_1/bd/pucch0/ip/pucch0_combine_rx_sym_0_0/combine_rx_sym.srcs/sources_1/ip/combine_fifo_generator_0/combine_fifo_generator_0.xml'.
CRITICAL WARNING: [IP_Flow 19-194] Failed to save IP instance 'combine_fifo_generator_0'.
ERROR: [IP_Flow 19-98] Generation of the IP CORE failed.
ERROR: [BD 41-1030] Generation failed for the IP Integrator block combine_rx_sym_0 
INFO: [BD 41-1029] Generation completed for the IP Integrator block peak_search_0 .
INFO: [BD 41-1029] Generation completed for the IP Integrator block frame_sync_0 .
INFO: [BD 41-1029] Generation completed for the IP Integrator block layer2_parameter_0 .
INFO: [BD 41-1029] Generation completed for the IP Integrator block xlconstant_0 .
INFO: [BD 41-1029] Generation completed for the IP Integrator block xlconstant_1 .
CRITICAL WARNING: [IP_Flow 19-193] Failed to save BOM file 'd:/FPGA/Vivaldo Project/PUCCH-FORMAT-0/pucch0/pucch0.srcs/sources_1/bd/pucch0/ip/pucch0_sync_cyclic_0_0/sync_cyclic.srcs/sources_1/ip/cycliic_fifo_0/cycliic_fifo_0.xml'.
CRITICAL WARNING: [IP_Flow 19-194] Failed to save IP instance 'cycliic_fifo_0'.
CRITICAL WARNING: [IP_Flow 19-193] Failed to save BOM file 'd:/FPGA/Vivaldo Project/PUCCH-FORMAT-0/pucch0/pucch0.srcs/sources_1/bd/pucch0/ip/pucch0_sync_cyclic_0_0/sync_cyclic.srcs/sources_1/ip/cycliic_fifo_0/cycliic_fifo_0.xml'.
CRITICAL WARNING: [IP_Flow 19-194] Failed to save IP instance 'cycliic_fifo_0'.
CRITICAL WARNING: [IP_Flow 19-193] Failed to save BOM file 'd:/FPGA/Vivaldo Project/PUCCH-FORMAT-0/pucch0/pucch0.srcs/sources_1/bd/pucch0/ip/pucch0_sync_cyclic_0_0/sync_cyclic.srcs/sources_1/ip/cycliic_fifo_0/cycliic_fifo_0.xml'.
CRITICAL WARNING: [IP_Flow 19-194] Failed to save IP instance 'cycliic_fifo_0'.
ERROR: [IP_Flow 19-98] Generation of the IP CORE failed.
ERROR: [BD 41-1030] Generation failed for the IP Integrator block sync_cyclic_0 
INFO: [BD 41-1029] Generation completed for the IP Integrator block frame_sync_1 .
INFO: [BD 41-1029] Generation completed for the IP Integrator block xlconcat_0 .
CRITICAL WARNING: [IP_Flow 19-4965] IP xfft_0 was packaged with board value 'xilinx.com:vcu108:part0:1.6'. Current project's board value is 'xilinx.com:vcu118:part0:2.3'. Please update the project settings to match the packaged IP.
INFO: [IP_Flow 19-3420] Updated xfft_0 to use current project options
CRITICAL WARNING: [IP_Flow 19-4965] IP ctr_fft_0 was packaged with board value 'xilinx.com:vcu108:part0:1.6'. Current project's board value is 'xilinx.com:vcu118:part0:2.3'. Please update the project settings to match the packaged IP.
INFO: [IP_Flow 19-3420] Updated ctr_fft_0 to use current project options
INFO: [BD 41-1029] Generation completed for the IP Integrator block ofdm_demodulation_v2_0 .
INFO: [BD 41-1029] Generation completed for the IP Integrator block xlconstant_2 .
INFO: [BD 41-1029] Generation completed for the IP Integrator block xlslice_0 .
CRITICAL WARNING: [IP_Flow 19-193] Failed to save BOM file 'd:/FPGA/Vivaldo Project/PUCCH-FORMAT-0/pucch0/pucch0.srcs/sources_1/bd/pucch0/ip/pucch0_cyclic_gen_0_0/cyclic_shift.srcs/sources_1/ip/cyclic_cmpy_0/cyclic_cmpy_0.xml'.
CRITICAL WARNING: [IP_Flow 19-194] Failed to save IP instance 'cyclic_cmpy_0'.
CRITICAL WARNING: [IP_Flow 19-193] Failed to save BOM file 'd:/FPGA/Vivaldo Project/PUCCH-FORMAT-0/pucch0/pucch0.srcs/sources_1/bd/pucch0/ip/pucch0_cyclic_gen_0_0/cyclic_shift.srcs/sources_1/ip/cyclic_cmpy_0/cyclic_cmpy_0.xml'.
CRITICAL WARNING: [IP_Flow 19-194] Failed to save IP instance 'cyclic_cmpy_0'.
CRITICAL WARNING: [IP_Flow 19-193] Failed to save BOM file 'd:/FPGA/Vivaldo Project/PUCCH-FORMAT-0/pucch0/pucch0.srcs/sources_1/bd/pucch0/ip/pucch0_cyclic_gen_0_0/cyclic_shift.srcs/sources_1/ip/cyclic_cmpy_0/cyclic_cmpy_0.xml'.
CRITICAL WARNING: [IP_Flow 19-194] Failed to save IP instance 'cyclic_cmpy_0'.
ERROR: [IP_Flow 19-98] Generation of the IP CORE failed.
ERROR: [BD 41-1030] Generation failed for the IP Integrator block cyclic_gen_0 
CRITICAL WARNING: [IP_Flow 19-193] Failed to save BOM file 'd:/FPGA/Vivaldo Project/PUCCH-FORMAT-0/pucch0/pucch0.srcs/sources_1/bd/pucch0/ip/pucch0_cyclic_gen_0_1/cyclic_shift.srcs/sources_1/ip/cyclic_fifo_generator_0/cyclic_fifo_generator_0.xml'.
CRITICAL WARNING: [IP_Flow 19-194] Failed to save IP instance 'cyclic_fifo_generator_0'.
CRITICAL WARNING: [IP_Flow 19-193] Failed to save BOM file 'd:/FPGA/Vivaldo Project/PUCCH-FORMAT-0/pucch0/pucch0.srcs/sources_1/bd/pucch0/ip/pucch0_cyclic_gen_0_1/cyclic_shift.srcs/sources_1/ip/cyclic_fifo_generator_0/cyclic_fifo_generator_0.xml'.
CRITICAL WARNING: [IP_Flow 19-194] Failed to save IP instance 'cyclic_fifo_generator_0'.
CRITICAL WARNING: [IP_Flow 19-193] Failed to save BOM file 'd:/FPGA/Vivaldo Project/PUCCH-FORMAT-0/pucch0/pucch0.srcs/sources_1/bd/pucch0/ip/pucch0_cyclic_gen_0_1/cyclic_shift.srcs/sources_1/ip/cyclic_fifo_generator_0/cyclic_fifo_generator_0.xml'.
CRITICAL WARNING: [IP_Flow 19-194] Failed to save IP instance 'cyclic_fifo_generator_0'.
ERROR: [IP_Flow 19-98] Generation of the IP CORE failed.
ERROR: [BD 41-1030] Generation failed for the IP Integrator block cyclic_gen_1 
Exporting to file D:/FPGA/Vivaldo Project/PUCCH-FORMAT-0/pucch0/pucch0.srcs/sources_1/bd/pucch0/hw_handoff/pucch0.hwh
Generated Block Design Tcl file D:/FPGA/Vivaldo Project/PUCCH-FORMAT-0/pucch0/pucch0.srcs/sources_1/bd/pucch0/hw_handoff/pucch0_bd.tcl
Generated Hardware Definition File D:/FPGA/Vivaldo Project/PUCCH-FORMAT-0/pucch0/pucch0.srcs/sources_1/bd/pucch0/synth/pucch0.hwdef
ERROR: [Common 17-39] 'generate_target' failed due to earlier errors.
report_ip_status -name ip_status 
report_ip_status -name ip_status 
launch_simulation
Command: launch_simulation 
INFO: [Vivado 12-5682] Launching behavioral simulation in 'D:/FPGA/Vivaldo Project/PUCCH-FORMAT-0/pucch0/pucch0.sim/sim_1/behav/xsim'
INFO: [Vivado 12-4795] Using compiled simulation libraries for IPs
INFO: [SIM-utils-51] Simulation object is 'sim_1'
INFO: [USF-XSim-7] Finding pre-compiled libraries...
INFO: [USF-XSim-11] File 'D:/Xilinx/Vivado/2019.2/data/xsim/xsim.ini' copied to run dir:'D:/FPGA/Vivaldo Project/PUCCH-FORMAT-0/pucch0/pucch0.sim/sim_1/behav/xsim'
INFO: [SIM-utils-54] Inspecting design source files for 'tb' in fileset 'sim_1'...
INFO: [SIM-utils-43] Exported 'D:/FPGA/Vivaldo Project/PUCCH-FORMAT-0/pucch0/pucch0.sim/sim_1/behav/xsim/phi.coe'
INFO: [SIM-utils-43] Exported 'D:/FPGA/Vivaldo Project/PUCCH-FORMAT-0/pucch0/pucch0.sim/sim_1/behav/xsim/phi.coe'
INFO: [SIM-utils-43] Exported 'D:/FPGA/Vivaldo Project/PUCCH-FORMAT-0/pucch0/pucch0.sim/sim_1/behav/xsim/phi.coe'
INFO: [SIM-utils-43] Exported 'D:/FPGA/Vivaldo Project/PUCCH-FORMAT-0/pucch0/pucch0.sim/sim_1/behav/xsim/phi.coe'
WARNING: [SIM-utils-52] IP component XML file does not exist: 'd:/FPGA/Vivaldo Project/PUCCH-FORMAT-0/pucch0/pucch0.srcs/sources_1/bd/pucch0/ip/pucch0_combine_rx_sym_0_0/combine_rx_sym.srcs/sources_1/ip/combine_fifo_generator_0/combine_fifo_generator_0.xml'
WARNING: [SIM-utils-52] IP component XML file does not exist: 'd:/FPGA/Vivaldo Project/PUCCH-FORMAT-0/pucch0/pucch0.srcs/sources_1/bd/pucch0/ip/pucch0_correlation_0_0/correlation.srcs/sources_1/ip/correlation_cordic_0/correlation_cordic_0.xml'
WARNING: [SIM-utils-52] IP component XML file does not exist: 'd:/FPGA/Vivaldo Project/PUCCH-FORMAT-0/pucch0/pucch0.srcs/sources_1/bd/pucch0/ip/pucch0_cyclic_gen_0_0/cyclic_shift.srcs/sources_1/ip/cyclic_cmpy_0/cyclic_cmpy_0.xml'
WARNING: [SIM-utils-52] IP component XML file does not exist: 'd:/FPGA/Vivaldo Project/PUCCH-FORMAT-0/pucch0/pucch0.srcs/sources_1/bd/pucch0/ip/pucch0_cyclic_gen_0_1/cyclic_shift.srcs/sources_1/ip/cyclic_fifo_generator_0/cyclic_fifo_generator_0.xml'
WARNING: [SIM-utils-52] IP component XML file does not exist: 'd:/FPGA/Vivaldo Project/PUCCH-FORMAT-0/pucch0/pucch0.srcs/sources_1/bd/pucch0/ip/pucch0_rx_duplication_0_0/rx_duplication.srcs/sources_1/ip/rx_dup_mem_1/rx_dup_mem_1.xml'
INFO: [USF-XSim-97] Finding global include files...
INFO: [USF-XSim-98] Fetching design files from 'sim_1'...
INFO: [USF-XSim-2] XSim::Compile design
INFO: [USF-XSim-61] Executing 'COMPILE and ANALYZE' step in 'D:/FPGA/Vivaldo Project/PUCCH-FORMAT-0/pucch0/pucch0.sim/sim_1/behav/xsim'
"xvlog --incr --relax -prj tb_vlog.prj"
INFO: [VRFC 10-2263] Analyzing Verilog file "D:/FPGA/Vivaldo Project/PUCCH-FORMAT-0/pucch0/pucch0.srcs/sources_1/bd/pucch0/ipshared/fcfe/physical_control.srcs/sources_1/new/physical_control.v" into library xil_defaultlib
INFO: [VRFC 10-311] analyzing module physical_control
INFO: [VRFC 10-2263] Analyzing Verilog file "D:/FPGA/Vivaldo Project/PUCCH-FORMAT-0/pucch0/pucch0.srcs/sources_1/bd/pucch0/ip/pucch0_physical_control_0_0/sim/pucch0_physical_control_0_0.v" into library xil_defaultlib
INFO: [VRFC 10-311] analyzing module pucch0_physical_control_0_0
INFO: [VRFC 10-2263] Analyzing Verilog file "D:/FPGA/Vivaldo Project/PUCCH-FORMAT-0/pucch0/pucch0.srcs/sources_1/bd/pucch0/ipshared/6919/demapping.srcs/sources_1/new/demapping.v" into library xil_defaultlib
INFO: [VRFC 10-311] analyzing module demapping
INFO: [VRFC 10-311] analyzing module delay_N
INFO: [VRFC 10-311] analyzing module rasing_edge
INFO: [VRFC 10-311] analyzing module extend_valid_new
INFO: [VRFC 10-2263] Analyzing Verilog file "D:/FPGA/Vivaldo Project/PUCCH-FORMAT-0/pucch0/pucch0.srcs/sources_1/bd/pucch0/ip/pucch0_demapping_0_0/sim/pucch0_demapping_0_0.v" into library xil_defaultlib
INFO: [VRFC 10-311] analyzing module pucch0_demapping_0_0
INFO: [VRFC 10-2263] Analyzing Verilog file "D:/FPGA/Vivaldo Project/PUCCH-FORMAT-0/pucch0/pucch0.srcs/sources_1/bd/pucch0/ipshared/7569/rx_duplication.srcs/sources_1/new/rx_duplication.v" into library xil_defaultlib
INFO: [VRFC 10-311] analyzing module rx_duplication
INFO: [VRFC 10-311] analyzing module extend_valid_new
WARNING: [VRFC 10-3609] overwriting previous definition of module 'extend_valid_new' [D:/FPGA/Vivaldo Project/PUCCH-FORMAT-0/pucch0/pucch0.srcs/sources_1/bd/pucch0/ipshared/7569/rx_duplication.srcs/sources_1/new/rx_duplication.v:99]
INFO: [VRFC 10-311] analyzing module falling_edge
INFO: [VRFC 10-2263] Analyzing Verilog file "D:/FPGA/Vivaldo Project/PUCCH-FORMAT-0/pucch0/pucch0.srcs/sources_1/bd/pucch0/ip/pucch0_rx_duplication_0_0/sim/pucch0_rx_duplication_0_0.v" into library xil_defaultlib
INFO: [VRFC 10-311] analyzing module pucch0_rx_duplication_0_0
INFO: [VRFC 10-2263] Analyzing Verilog file "D:/FPGA/Vivaldo Project/PUCCH-FORMAT-0/pucch0/pucch0.srcs/sources_1/bd/pucch0/ipshared/74e7/correlation.srcs/sources_1/new/correlation.v" into library xil_defaultlib
INFO: [VRFC 10-311] analyzing module correlation
INFO: [VRFC 10-2263] Analyzing Verilog file "D:/FPGA/Vivaldo Project/PUCCH-FORMAT-0/pucch0/pucch0.srcs/sources_1/bd/pucch0/ip/pucch0_correlation_0_0/sim/pucch0_correlation_0_0.v" into library xil_defaultlib
INFO: [VRFC 10-311] analyzing module pucch0_correlation_0_0
INFO: [VRFC 10-2263] Analyzing Verilog file "D:/FPGA/Vivaldo Project/PUCCH-FORMAT-0/pucch0/pucch0.srcs/sources_1/bd/pucch0/ipshared/35d7/combine_rx_sym.srcs/sources_1/new/combine_rx_sym.v" into library xil_defaultlib
INFO: [VRFC 10-311] analyzing module combine_rx_sym
INFO: [VRFC 10-2458] undeclared symbol empty, assumed default net type wire [D:/FPGA/Vivaldo Project/PUCCH-FORMAT-0/pucch0/pucch0.srcs/sources_1/bd/pucch0/ipshared/35d7/combine_rx_sym.srcs/sources_1/new/combine_rx_sym.v:95]
INFO: [VRFC 10-2263] Analyzing Verilog file "D:/FPGA/Vivaldo Project/PUCCH-FORMAT-0/pucch0/pucch0.srcs/sources_1/bd/pucch0/ip/pucch0_combine_rx_sym_0_0/sim/pucch0_combine_rx_sym_0_0.v" into library xil_defaultlib
INFO: [VRFC 10-311] analyzing module pucch0_combine_rx_sym_0_0
INFO: [VRFC 10-2263] Analyzing Verilog file "D:/FPGA/Vivaldo Project/PUCCH-FORMAT-0/pucch0/pucch0.srcs/sources_1/bd/pucch0/ipshared/16a5/peak_search.srcs/sources_1/new/peak_search.v" into library xil_defaultlib
INFO: [VRFC 10-311] analyzing module peak_search
INFO: [VRFC 10-2263] Analyzing Verilog file "D:/FPGA/Vivaldo Project/PUCCH-FORMAT-0/pucch0/pucch0.srcs/sources_1/bd/pucch0/ip/pucch0_peak_search_0_0/sim/pucch0_peak_search_0_0.v" into library xil_defaultlib
INFO: [VRFC 10-311] analyzing module pucch0_peak_search_0_0
INFO: [VRFC 10-2263] Analyzing Verilog file "D:/FPGA/Vivaldo Project/PUCCH-FORMAT-0/pucch0/pucch0.srcs/sources_1/bd/pucch0/ipshared/5e8b/frame_sync.srcs/sources_1/new/frame_sync.v" into library xil_defaultlib
INFO: [VRFC 10-311] analyzing module frame_sync
INFO: [VRFC 10-311] analyzing module des_cnt
INFO: [VRFC 10-311] analyzing module delay_N
WARNING: [VRFC 10-3609] overwriting previous definition of module 'delay_N' [D:/FPGA/Vivaldo Project/PUCCH-FORMAT-0/pucch0/pucch0.srcs/sources_1/bd/pucch0/ipshared/5e8b/frame_sync.srcs/sources_1/new/frame_sync.v:130]
INFO: [VRFC 10-311] analyzing module extend_valid
INFO: [VRFC 10-2263] Analyzing Verilog file "D:/FPGA/Vivaldo Project/PUCCH-FORMAT-0/pucch0/pucch0.srcs/sources_1/bd/pucch0/ip/pucch0_frame_sync_0_3/sim/pucch0_frame_sync_0_3.v" into library xil_defaultlib
INFO: [VRFC 10-311] analyzing module pucch0_frame_sync_0_3
INFO: [VRFC 10-2263] Analyzing Verilog file "D:/FPGA/Vivaldo Project/PUCCH-FORMAT-0/pucch0/pucch0.srcs/sources_1/bd/pucch0/ipshared/165e/layer2_parameter.v" into library xil_defaultlib
INFO: [VRFC 10-311] analyzing module layer2_parameter
INFO: [VRFC 10-2263] Analyzing Verilog file "D:/FPGA/Vivaldo Project/PUCCH-FORMAT-0/pucch0/pucch0.srcs/sources_1/bd/pucch0/ip/pucch0_layer2_parameter_0_0/sim/pucch0_layer2_parameter_0_0.v" into library xil_defaultlib
INFO: [VRFC 10-311] analyzing module pucch0_layer2_parameter_0_0
INFO: [VRFC 10-2263] Analyzing Verilog file "D:/FPGA/Vivaldo Project/PUCCH-FORMAT-0/pucch0/pucch0.srcs/sources_1/bd/pucch0/ip/pucch0_xlconstant_0_0/sim/pucch0_xlconstant_0_0.v" into library xil_defaultlib
INFO: [VRFC 10-311] analyzing module pucch0_xlconstant_0_0
INFO: [VRFC 10-2263] Analyzing Verilog file "D:/FPGA/Vivaldo Project/PUCCH-FORMAT-0/pucch0/pucch0.srcs/sources_1/bd/pucch0/ip/pucch0_xlconstant_0_1/sim/pucch0_xlconstant_0_1.v" into library xil_defaultlib
INFO: [VRFC 10-311] analyzing module pucch0_xlconstant_0_1
INFO: [VRFC 10-2263] Analyzing Verilog file "D:/FPGA/Vivaldo Project/PUCCH-FORMAT-0/pucch0/pucch0.srcs/sources_1/bd/pucch0/ip/pucch0_sync_cyclic_0_0/sync_cyclic.srcs/sources_1/ip/cycliic_fifo_0/sim/cycliic_fifo_0.v" into library xil_defaultlib
INFO: [VRFC 10-311] analyzing module cycliic_fifo_0
INFO: [VRFC 10-2263] Analyzing Verilog file "D:/FPGA/Vivaldo Project/PUCCH-FORMAT-0/pucch0/pucch0.srcs/sources_1/bd/pucch0/ipshared/ff42/sync_cyclic.srcs/sources_1/new/sync_cyclic.v" into library xil_defaultlib
INFO: [VRFC 10-311] analyzing module sync_cyclic
INFO: [VRFC 10-2263] Analyzing Verilog file "D:/FPGA/Vivaldo Project/PUCCH-FORMAT-0/pucch0/pucch0.srcs/sources_1/bd/pucch0/ip/pucch0_sync_cyclic_0_0/sim/pucch0_sync_cyclic_0_0.v" into library xil_defaultlib
INFO: [VRFC 10-311] analyzing module pucch0_sync_cyclic_0_0
INFO: [VRFC 10-2263] Analyzing Verilog file "D:/FPGA/Vivaldo Project/PUCCH-FORMAT-0/pucch0/pucch0.srcs/sources_1/bd/pucch0/ip/pucch0_frame_sync_0_4/sim/pucch0_frame_sync_0_4.v" into library xil_defaultlib
INFO: [VRFC 10-311] analyzing module pucch0_frame_sync_0_4
INFO: [VRFC 10-2263] Analyzing Verilog file "D:/FPGA/Vivaldo Project/PUCCH-FORMAT-0/pucch0/pucch0.srcs/sources_1/bd/pucch0/ip/pucch0_xlconcat_0_0/sim/pucch0_xlconcat_0_0.v" into library xil_defaultlib
INFO: [VRFC 10-311] analyzing module pucch0_xlconcat_0_0
INFO: [VRFC 10-2263] Analyzing Verilog file "D:/FPGA/Vivaldo Project/PUCCH-FORMAT-0/pucch0/pucch0.srcs/sources_1/bd/pucch0/ip/pucch0_ofdm_demodulation_v2_0_0/ofdm_demodulation.srcs/sources_1/ip/ctr_fft_0/ctr_ofdm.srcs/sources_1/new/ctr_ofdm.v" into library xil_defaultlib
INFO: [VRFC 10-311] analyzing module ctr_fft
INFO: [VRFC 10-311] analyzing module extend_valid_4096
INFO: [VRFC 10-2263] Analyzing Verilog file "D:/FPGA/Vivaldo Project/PUCCH-FORMAT-0/pucch0/pucch0.srcs/sources_1/bd/pucch0/ip/pucch0_ofdm_demodulation_v2_0_0/ofdm_demodulation.srcs/sources_1/ip/ctr_fft_0/sim/ctr_fft_0.v" into library xil_defaultlib
INFO: [VRFC 10-311] analyzing module ctr_fft_0
INFO: [VRFC 10-2263] Analyzing Verilog file "D:/FPGA/Vivaldo Project/PUCCH-FORMAT-0/pucch0/pucch0.srcs/sources_1/bd/pucch0/ipshared/07b1/ofdm_demodulation.srcs/sources_1/new/fft.v" into library xil_defaultlib
INFO: [VRFC 10-311] analyzing module ofdm_demodulation
INFO: [VRFC 10-2458] undeclared symbol m_axis_data_tvalid, assumed default net type wire [D:/FPGA/Vivaldo Project/PUCCH-FORMAT-0/pucch0/pucch0.srcs/sources_1/bd/pucch0/ipshared/07b1/ofdm_demodulation.srcs/sources_1/new/fft.v:74]
INFO: [VRFC 10-2263] Analyzing Verilog file "D:/FPGA/Vivaldo Project/PUCCH-FORMAT-0/pucch0/pucch0.srcs/sources_1/bd/pucch0/ip/pucch0_ofdm_demodulation_v2_0_0/sim/pucch0_ofdm_demodulation_v2_0_0.v" into library xil_defaultlib
INFO: [VRFC 10-311] analyzing module pucch0_ofdm_demodulation_v2_0_0
INFO: [VRFC 10-2263] Analyzing Verilog file "D:/FPGA/Vivaldo Project/PUCCH-FORMAT-0/pucch0/pucch0.srcs/sources_1/bd/pucch0/ip/pucch0_xlconstant_0_2/sim/pucch0_xlconstant_0_2.v" into library xil_defaultlib
INFO: [VRFC 10-311] analyzing module pucch0_xlconstant_0_2
INFO: [VRFC 10-2263] Analyzing Verilog file "D:/FPGA/Vivaldo Project/PUCCH-FORMAT-0/pucch0/pucch0.srcs/sources_1/bd/pucch0/ip/pucch0_xlslice_0_0/sim/pucch0_xlslice_0_0.v" into library xil_defaultlib
INFO: [VRFC 10-311] analyzing module pucch0_xlslice_0_0
INFO: [VRFC 10-2263] Analyzing Verilog file "D:/FPGA/Vivaldo Project/PUCCH-FORMAT-0/pucch0/pucch0.srcs/sources_1/bd/pucch0/ipshared/cdf8/cyclic_shift.srcs/sources_1/new/cyclic_gen.v" into library xil_defaultlib
INFO: [VRFC 10-311] analyzing module cyclic_gen
INFO: [VRFC 10-2263] Analyzing Verilog file "D:/FPGA/Vivaldo Project/PUCCH-FORMAT-0/pucch0/pucch0.srcs/sources_1/bd/pucch0/ip/pucch0_cyclic_gen_0_0/sim/pucch0_cyclic_gen_0_0.v" into library xil_defaultlib
INFO: [VRFC 10-311] analyzing module pucch0_cyclic_gen_0_0
INFO: [VRFC 10-2263] Analyzing Verilog file "D:/FPGA/Vivaldo Project/PUCCH-FORMAT-0/pucch0/pucch0.srcs/sources_1/bd/pucch0/ip/pucch0_cyclic_gen_0_1/sim/pucch0_cyclic_gen_0_1.v" into library xil_defaultlib
INFO: [VRFC 10-311] analyzing module pucch0_cyclic_gen_0_1
INFO: [VRFC 10-2263] Analyzing Verilog file "D:/FPGA/Vivaldo Project/PUCCH-FORMAT-0/pucch0/pucch0.srcs/sources_1/bd/pucch0/sim/pucch0.v" into library xil_defaultlib
INFO: [VRFC 10-311] analyzing module pucch0
INFO: [VRFC 10-2263] Analyzing Verilog file "D:/FPGA/Vivaldo Project/PUCCH-FORMAT-0/pucch0/pucch0.srcs/sources_1/bd/pucch0/hdl/pucch0_wrapper.v" into library xil_defaultlib
INFO: [VRFC 10-311] analyzing module pucch0_wrapper
INFO: [VRFC 10-2263] Analyzing Verilog file "D:/FPGA/Vivaldo Project/PUCCH-FORMAT-0/pucch0/pucch0.srcs/sim_1/new/tb.v" into library xil_defaultlib
INFO: [VRFC 10-311] analyzing module tb
"xvhdl --incr --relax -prj tb_vhdl.prj"
INFO: [VRFC 10-163] Analyzing VHDL file "D:/FPGA/Vivaldo Project/PUCCH-FORMAT-0/pucch0/pucch0.srcs/sources_1/bd/pucch0/ip/pucch0_ofdm_demodulation_v2_0_0/ofdm_demodulation.srcs/sources_1/ip/xfft_0/sim/xfft_0.vhd" into library xil_defaultlib
INFO: [VRFC 10-3107] analyzing entity 'xfft_0'
run_program: Time (s): cpu = 00:00:00 ; elapsed = 00:00:06 . Memory (MB): peak = 2650.746 ; gain = 0.000
INFO: [USF-XSim-69] 'compile' step finished in '6' seconds
INFO: [USF-XSim-3] XSim::Elaborate design
INFO: [USF-XSim-61] Executing 'ELABORATE' step in 'D:/FPGA/Vivaldo Project/PUCCH-FORMAT-0/pucch0/pucch0.sim/sim_1/behav/xsim'
"xelab -wto 60f2c524edc648469501b532ad886952 --incr --debug typical --relax --mt 2 -L xil_defaultlib -L xlconstant_v1_1_6 -L fifo_generator_v13_2_5 -L xlconcat_v2_1_3 -L xbip_utils_v3_0_10 -L axi_utils_v2_0_6 -L c_reg_fd_v12_0_6 -L xbip_dsp48_wrapper_v3_0_4 -L xbip_pipe_v3_0_6 -L xbip_dsp48_addsub_v3_0_6 -L xbip_addsub_v3_0_6 -L c_addsub_v12_0_14 -L c_mux_bit_v12_0_6 -L c_shift_ram_v12_0_14 -L xbip_bram18k_v3_0_6 -L mult_gen_v12_0_16 -L cmpy_v6_0_18 -L floating_point_v7_0_17 -L xfft_v9_1_3 -L xlslice_v1_0_2 -L unisims_ver -L unimacro_ver -L secureip -L xpm --snapshot tb_behav xil_defaultlib.tb xil_defaultlib.glbl -log elaborate.log"
Vivado Simulator 2019.2
Copyright 1986-1999, 2001-2019 Xilinx, Inc. All Rights Reserved.
Running: D:/Xilinx/Vivado/2019.2/bin/unwrapped/win64.o/xelab.exe -wto 60f2c524edc648469501b532ad886952 --incr --debug typical --relax --mt 2 -L xil_defaultlib -L xlconstant_v1_1_6 -L fifo_generator_v13_2_5 -L xlconcat_v2_1_3 -L xbip_utils_v3_0_10 -L axi_utils_v2_0_6 -L c_reg_fd_v12_0_6 -L xbip_dsp48_wrapper_v3_0_4 -L xbip_pipe_v3_0_6 -L xbip_dsp48_addsub_v3_0_6 -L xbip_addsub_v3_0_6 -L c_addsub_v12_0_14 -L c_mux_bit_v12_0_6 -L c_shift_ram_v12_0_14 -L xbip_bram18k_v3_0_6 -L mult_gen_v12_0_16 -L cmpy_v6_0_18 -L floating_point_v7_0_17 -L xfft_v9_1_3 -L xlslice_v1_0_2 -L unisims_ver -L unimacro_ver -L secureip -L xpm --snapshot tb_behav xil_defaultlib.tb xil_defaultlib.glbl -log elaborate.log 
Using 2 slave threads.
Starting static elaboration
Pass Through NonSizing Optimizer
ERROR: [VRFC 10-2063] Module <combine_fifo_generator_0> not found while processing module instance <combine_fifo_generator_0> [D:/FPGA/Vivaldo Project/PUCCH-FORMAT-0/pucch0/pucch0.srcs/sources_1/bd/pucch0/ipshared/35d7/combine_rx_sym.srcs/sources_1/new/combine_rx_sym.v:88]
ERROR: [VRFC 10-2063] Module <correlation_fifo_generator_0> not found while processing module instance <correlation_fifo_generator_0> [D:/FPGA/Vivaldo Project/PUCCH-FORMAT-0/pucch0/pucch0.srcs/sources_1/bd/pucch0/ipshared/74e7/correlation.srcs/sources_1/new/correlation.v:48]
ERROR: [VRFC 10-2063] Module <correlation_fifo_generator_1> not found while processing module instance <correlation_fifo_generator_1> [D:/FPGA/Vivaldo Project/PUCCH-FORMAT-0/pucch0/pucch0.srcs/sources_1/bd/pucch0/ipshared/74e7/correlation.srcs/sources_1/new/correlation.v:57]
ERROR: [VRFC 10-2063] Module <correlation_xcorr_12_0> not found while processing module instance <correlation_xcorr_12_0> [D:/FPGA/Vivaldo Project/PUCCH-FORMAT-0/pucch0/pucch0.srcs/sources_1/bd/pucch0/ipshared/74e7/correlation.srcs/sources_1/new/correlation.v:90]
ERROR: [VRFC 10-2063] Module <correlation_mult_gen_0> not found while processing module instance <correlation_mult_gen_0> [D:/FPGA/Vivaldo Project/PUCCH-FORMAT-0/pucch0/pucch0.srcs/sources_1/bd/pucch0/ipshared/74e7/correlation.srcs/sources_1/new/correlation.v:100]
ERROR: [VRFC 10-2063] Module <correlation_mult_gen_1> not found while processing module instance <correlation_mult_gen_1> [D:/FPGA/Vivaldo Project/PUCCH-FORMAT-0/pucch0/pucch0.srcs/sources_1/bd/pucch0/ipshared/74e7/correlation.srcs/sources_1/new/correlation.v:106]
ERROR: [VRFC 10-2063] Module <correlation_cordic_0> not found while processing module instance <correlation_cordic_0> [D:/FPGA/Vivaldo Project/PUCCH-FORMAT-0/pucch0/pucch0.srcs/sources_1/bd/pucch0/ipshared/74e7/correlation.srcs/sources_1/new/correlation.v:120]
ERROR: [VRFC 10-2063] Module <ba_se_0> not found while processing module instance <ba_se_0> [D:/FPGA/Vivaldo Project/PUCCH-FORMAT-0/pucch0/pucch0.srcs/sources_1/bd/pucch0/ipshared/cdf8/cyclic_shift.srcs/sources_1/new/cyclic_gen.v:57]
ERROR: [VRFC 10-2063] Module <cyc_phase_gen_0> not found while processing module instance <cyc_phase_gen_0> [D:/FPGA/Vivaldo Project/PUCCH-FORMAT-0/pucch0/pucch0.srcs/sources_1/bd/pucch0/ipshared/cdf8/cyclic_shift.srcs/sources_1/new/cyclic_gen.v:68]
ERROR: [VRFC 10-2063] Module <cyclic_fifo_generator_0> not found while processing module instance <cyclic_fifo_generator_0> [D:/FPGA/Vivaldo Project/PUCCH-FORMAT-0/pucch0/pucch0.srcs/sources_1/bd/pucch0/ipshared/cdf8/cyclic_shift.srcs/sources_1/new/cyclic_gen.v:82]
ERROR: [VRFC 10-2063] Module <cyclic_cmpy_0> not found while processing module instance <cyclic_cmpy_0> [D:/FPGA/Vivaldo Project/PUCCH-FORMAT-0/pucch0/pucch0.srcs/sources_1/bd/pucch0/ipshared/cdf8/cyclic_shift.srcs/sources_1/new/cyclic_gen.v:101]
ERROR: [VRFC 10-2063] Module <rx_dup_mem_0> not found while processing module instance <rx_dup_mem_0> [D:/FPGA/Vivaldo Project/PUCCH-FORMAT-0/pucch0/pucch0.srcs/sources_1/bd/pucch0/ipshared/7569/rx_duplication.srcs/sources_1/new/rx_duplication.v:53]
ERROR: [VRFC 10-2063] Module <rx_dup_mem_1> not found while processing module instance <rx_dup_mem_1> [D:/FPGA/Vivaldo Project/PUCCH-FORMAT-0/pucch0/pucch0.srcs/sources_1/bd/pucch0/ipshared/7569/rx_duplication.srcs/sources_1/new/rx_duplication.v:60]
ERROR: [XSIM 43-3322] Static elaboration of top level Verilog design unit(s) in library work failed.
INFO: [USF-XSim-69] 'elaborate' step finished in '3' seconds
INFO: [USF-XSim-99] Step results log file:'D:/FPGA/Vivaldo Project/PUCCH-FORMAT-0/pucch0/pucch0.sim/sim_1/behav/xsim/elaborate.log'
ERROR: [USF-XSim-62] 'elaborate' step failed with error(s). Please check the Tcl console output or 'D:/FPGA/Vivaldo Project/PUCCH-FORMAT-0/pucch0/pucch0.sim/sim_1/behav/xsim/elaborate.log' file for more information.
ERROR: [Vivado 12-4473] Detected error while running simulation. Please correct the issue and retry this operation.
launch_simulation: Time (s): cpu = 00:00:02 ; elapsed = 00:00:11 . Memory (MB): peak = 2650.746 ; gain = 0.000
ERROR: [Common 17-39] 'launch_simulation' failed due to earlier errors.
export_ip_user_files -of_objects  [get_files {{d:/FPGA/Vivaldo Project/PUCCH-FORMAT-0/pucch0/pucch0.srcs/sources_1/bd/pucch0/ip/pucch0_cyclic_gen_0_0/cyclic_shift.srcs/sources_1/ip/base_sequence_0_1/base_seq.srcs/sources_1/ip/phi_matrix_0/phi_matrix.srcs/sources_1/new/phi.coe}}] -no_script -reset -force -quiet
remove_files  {{d:/FPGA/Vivaldo Project/PUCCH-FORMAT-0/pucch0/pucch0.srcs/sources_1/bd/pucch0/ip/pucch0_cyclic_gen_0_0/cyclic_shift.srcs/sources_1/ip/base_sequence_0_1/base_seq.srcs/sources_1/ip/phi_matrix_0/phi_matrix.srcs/sources_1/new/phi.coe}}
export_ip_user_files -of_objects  [get_files {{d:/FPGA/Vivaldo Project/PUCCH-FORMAT-0/pucch0/pucch0.srcs/sources_1/bd/pucch0/ip/pucch0_cyclic_gen_0_1/cyclic_shift.srcs/sources_1/ip/base_sequence_0_1/base_seq.srcs/sources_1/ip/phi_matrix_0/phi_matrix.srcs/sources_1/new/phi.coe}}] -no_script -reset -force -quiet
remove_files  {{d:/FPGA/Vivaldo Project/PUCCH-FORMAT-0/pucch0/pucch0.srcs/sources_1/bd/pucch0/ip/pucch0_cyclic_gen_0_1/cyclic_shift.srcs/sources_1/ip/base_sequence_0_1/base_seq.srcs/sources_1/ip/phi_matrix_0/phi_matrix.srcs/sources_1/new/phi.coe}}
export_ip_user_files -of_objects  [get_files {{d:/FPGA/Vivaldo Project/PUCCH-FORMAT-0/pucch0/pucch0.srcs/sources_1/bd/pucch0/ip/pucch0_cyclic_gen_0_0/cyclic_shift.srcs/sources_1/ip/ba_se_0/base_seq.srcs/sources_1/ip/phi_matrix_0/phi_matrix.srcs/sources_1/new/phi.coe}}] -no_script -reset -force -quiet
export_ip_user_files -of_objects  [get_files {{d:/FPGA/Vivaldo Project/PUCCH-FORMAT-0/pucch0/pucch0.srcs/sources_1/bd/pucch0/ip/pucch0_cyclic_gen_0_1/cyclic_shift.srcs/sources_1/ip/ba_se_0/base_seq.srcs/sources_1/ip/phi_matrix_0/phi_matrix.srcs/sources_1/new/phi.coe}}] -no_script -reset -force -quiet
remove_files  {{d:/FPGA/Vivaldo Project/PUCCH-FORMAT-0/pucch0/pucch0.srcs/sources_1/bd/pucch0/ip/pucch0_cyclic_gen_0_0/cyclic_shift.srcs/sources_1/ip/ba_se_0/base_seq.srcs/sources_1/ip/phi_matrix_0/phi_matrix.srcs/sources_1/new/phi.coe} {d:/FPGA/Vivaldo Project/PUCCH-FORMAT-0/pucch0/pucch0.srcs/sources_1/bd/pucch0/ip/pucch0_cyclic_gen_0_1/cyclic_shift.srcs/sources_1/ip/ba_se_0/base_seq.srcs/sources_1/ip/phi_matrix_0/phi_matrix.srcs/sources_1/new/phi.coe}}
file delete -force {d:/FPGA/Vivaldo Project/PUCCH-FORMAT-0/pucch0/pucch0.srcs/sources_1/bd/pucch0/ip/pucch0_cyclic_gen_0_0/cyclic_shift.srcs/sources_1/ip/ba_se_0/base_seq.srcs/sources_1/ip/phi_matrix_0/phi_matrix.srcs/sources_1/new/phi.coe} {d:/FPGA/Vivaldo Project/PUCCH-FORMAT-0/pucch0/pucch0.srcs/sources_1/bd/pucch0/ip/pucch0_cyclic_gen_0_1/cyclic_shift.srcs/sources_1/ip/ba_se_0/base_seq.srcs/sources_1/ip/phi_matrix_0/phi_matrix.srcs/sources_1/new/phi.coe}
generate_target all [get_files  {{D:/FPGA/Vivaldo Project/PUCCH-FORMAT-0/pucch0/pucch0.srcs/sources_1/bd/pucch0/pucch0.bd} {D:/FPGA/Vivaldo Project/PUCCH-FORMAT-0/pucch0/pucch0.srcs/sources_1/bd/pucch0/pucch0.bd} {D:/FPGA/Vivaldo Project/PUCCH-FORMAT-0/pucch0/pucch0.srcs/sources_1/bd/pucch0/pucch0.bd} {D:/FPGA/Vivaldo Project/PUCCH-FORMAT-0/pucch0/pucch0.srcs/sources_1/bd/pucch0/pucch0.bd} {D:/FPGA/Vivaldo Project/PUCCH-FORMAT-0/pucch0/pucch0.srcs/sources_1/bd/pucch0/pucch0.bd} {D:/FPGA/Vivaldo Project/PUCCH-FORMAT-0/pucch0/pucch0.srcs/sources_1/bd/pucch0/pucch0.bd} {D:/FPGA/Vivaldo Project/PUCCH-FORMAT-0/pucch0/pucch0.srcs/sources_1/bd/pucch0/pucch0.bd} {D:/FPGA/Vivaldo Project/PUCCH-FORMAT-0/pucch0/pucch0.srcs/sources_1/bd/pucch0/pucch0.bd} {D:/FPGA/Vivaldo Project/PUCCH-FORMAT-0/pucch0/pucch0.srcs/sources_1/bd/pucch0/pucch0.bd} {D:/FPGA/Vivaldo Project/PUCCH-FORMAT-0/pucch0/pucch0.srcs/sources_1/bd/pucch0/pucch0.bd} {D:/FPGA/Vivaldo Project/PUCCH-FORMAT-0/pucch0/pucch0.srcs/sources_1/bd/pucch0/pucch0.bd} {D:/FPGA/Vivaldo Project/PUCCH-FORMAT-0/pucch0/pucch0.srcs/sources_1/bd/pucch0/pucch0.bd} {D:/FPGA/Vivaldo Project/PUCCH-FORMAT-0/pucch0/pucch0.srcs/sources_1/bd/pucch0/pucch0.bd} {D:/FPGA/Vivaldo Project/PUCCH-FORMAT-0/pucch0/pucch0.srcs/sources_1/bd/pucch0/pucch0.bd} {D:/FPGA/Vivaldo Project/PUCCH-FORMAT-0/pucch0/pucch0.srcs/sources_1/bd/pucch0/pucch0.bd} {D:/FPGA/Vivaldo Project/PUCCH-FORMAT-0/pucch0/pucch0.srcs/sources_1/bd/pucch0/pucch0.bd} {D:/FPGA/Vivaldo Project/PUCCH-FORMAT-0/pucch0/pucch0.srcs/sources_1/bd/pucch0/pucch0.bd} {D:/FPGA/Vivaldo Project/PUCCH-FORMAT-0/pucch0/pucch0.srcs/sources_1/bd/pucch0/pucch0.bd}}]
INFO: [BD 41-1029] Generation completed for the IP Integrator block physical_control_0 .
INFO: [BD 41-1029] Generation completed for the IP Integrator block demapping_0 .
CRITICAL WARNING: [IP_Flow 19-193] Failed to save BOM file 'd:/FPGA/Vivaldo Project/PUCCH-FORMAT-0/pucch0/pucch0.srcs/sources_1/bd/pucch0/ip/pucch0_rx_duplication_0_0/rx_duplication.srcs/sources_1/ip/rx_dup_mem_1/rx_dup_mem_1.xml'.
CRITICAL WARNING: [IP_Flow 19-194] Failed to save IP instance 'rx_dup_mem_1'.
CRITICAL WARNING: [IP_Flow 19-193] Failed to save BOM file 'd:/FPGA/Vivaldo Project/PUCCH-FORMAT-0/pucch0/pucch0.srcs/sources_1/bd/pucch0/ip/pucch0_rx_duplication_0_0/rx_duplication.srcs/sources_1/ip/rx_dup_mem_1/rx_dup_mem_1.xml'.
CRITICAL WARNING: [IP_Flow 19-194] Failed to save IP instance 'rx_dup_mem_1'.
CRITICAL WARNING: [IP_Flow 19-193] Failed to save BOM file 'd:/FPGA/Vivaldo Project/PUCCH-FORMAT-0/pucch0/pucch0.srcs/sources_1/bd/pucch0/ip/pucch0_rx_duplication_0_0/rx_duplication.srcs/sources_1/ip/rx_dup_mem_1/rx_dup_mem_1.xml'.
CRITICAL WARNING: [IP_Flow 19-194] Failed to save IP instance 'rx_dup_mem_1'.
ERROR: [IP_Flow 19-98] Generation of the IP CORE failed.
ERROR: [BD 41-1030] Generation failed for the IP Integrator block rx_duplication_0 
CRITICAL WARNING: [IP_Flow 19-193] Failed to save BOM file 'd:/FPGA/Vivaldo Project/PUCCH-FORMAT-0/pucch0/pucch0.srcs/sources_1/bd/pucch0/ip/pucch0_correlation_0_0/correlation.srcs/sources_1/ip/correlation_cordic_0/correlation_cordic_0.xml'.
CRITICAL WARNING: [IP_Flow 19-194] Failed to save IP instance 'correlation_cordic_0'.
CRITICAL WARNING: [IP_Flow 19-193] Failed to save BOM file 'd:/FPGA/Vivaldo Project/PUCCH-FORMAT-0/pucch0/pucch0.srcs/sources_1/bd/pucch0/ip/pucch0_correlation_0_0/correlation.srcs/sources_1/ip/correlation_cordic_0/correlation_cordic_0.xml'.
CRITICAL WARNING: [IP_Flow 19-194] Failed to save IP instance 'correlation_cordic_0'.
CRITICAL WARNING: [IP_Flow 19-193] Failed to save BOM file 'd:/FPGA/Vivaldo Project/PUCCH-FORMAT-0/pucch0/pucch0.srcs/sources_1/bd/pucch0/ip/pucch0_correlation_0_0/correlation.srcs/sources_1/ip/correlation_cordic_0/correlation_cordic_0.xml'.
CRITICAL WARNING: [IP_Flow 19-194] Failed to save IP instance 'correlation_cordic_0'.
ERROR: [IP_Flow 19-98] Generation of the IP CORE failed.
ERROR: [BD 41-1030] Generation failed for the IP Integrator block correlation_0 
CRITICAL WARNING: [IP_Flow 19-193] Failed to save BOM file 'd:/FPGA/Vivaldo Project/PUCCH-FORMAT-0/pucch0/pucch0.srcs/sources_1/bd/pucch0/ip/pucch0_combine_rx_sym_0_0/combine_rx_sym.srcs/sources_1/ip/combine_fifo_generator_0/combine_fifo_generator_0.xml'.
CRITICAL WARNING: [IP_Flow 19-194] Failed to save IP instance 'combine_fifo_generator_0'.
CRITICAL WARNING: [IP_Flow 19-193] Failed to save BOM file 'd:/FPGA/Vivaldo Project/PUCCH-FORMAT-0/pucch0/pucch0.srcs/sources_1/bd/pucch0/ip/pucch0_combine_rx_sym_0_0/combine_rx_sym.srcs/sources_1/ip/combine_fifo_generator_0/combine_fifo_generator_0.xml'.
CRITICAL WARNING: [IP_Flow 19-194] Failed to save IP instance 'combine_fifo_generator_0'.
CRITICAL WARNING: [IP_Flow 19-193] Failed to save BOM file 'd:/FPGA/Vivaldo Project/PUCCH-FORMAT-0/pucch0/pucch0.srcs/sources_1/bd/pucch0/ip/pucch0_combine_rx_sym_0_0/combine_rx_sym.srcs/sources_1/ip/combine_fifo_generator_0/combine_fifo_generator_0.xml'.
CRITICAL WARNING: [IP_Flow 19-194] Failed to save IP instance 'combine_fifo_generator_0'.
ERROR: [IP_Flow 19-98] Generation of the IP CORE failed.
ERROR: [BD 41-1030] Generation failed for the IP Integrator block combine_rx_sym_0 
INFO: [BD 41-1029] Generation completed for the IP Integrator block peak_search_0 .
INFO: [BD 41-1029] Generation completed for the IP Integrator block frame_sync_0 .
INFO: [BD 41-1029] Generation completed for the IP Integrator block layer2_parameter_0 .
INFO: [BD 41-1029] Generation completed for the IP Integrator block xlconstant_0 .
INFO: [BD 41-1029] Generation completed for the IP Integrator block xlconstant_1 .
CRITICAL WARNING: [IP_Flow 19-193] Failed to save BOM file 'd:/FPGA/Vivaldo Project/PUCCH-FORMAT-0/pucch0/pucch0.srcs/sources_1/bd/pucch0/ip/pucch0_sync_cyclic_0_0/sync_cyclic.srcs/sources_1/ip/cycliic_fifo_0/cycliic_fifo_0.xml'.
CRITICAL WARNING: [IP_Flow 19-194] Failed to save IP instance 'cycliic_fifo_0'.
CRITICAL WARNING: [IP_Flow 19-193] Failed to save BOM file 'd:/FPGA/Vivaldo Project/PUCCH-FORMAT-0/pucch0/pucch0.srcs/sources_1/bd/pucch0/ip/pucch0_sync_cyclic_0_0/sync_cyclic.srcs/sources_1/ip/cycliic_fifo_0/cycliic_fifo_0.xml'.
CRITICAL WARNING: [IP_Flow 19-194] Failed to save IP instance 'cycliic_fifo_0'.
CRITICAL WARNING: [IP_Flow 19-193] Failed to save BOM file 'd:/FPGA/Vivaldo Project/PUCCH-FORMAT-0/pucch0/pucch0.srcs/sources_1/bd/pucch0/ip/pucch0_sync_cyclic_0_0/sync_cyclic.srcs/sources_1/ip/cycliic_fifo_0/cycliic_fifo_0.xml'.
CRITICAL WARNING: [IP_Flow 19-194] Failed to save IP instance 'cycliic_fifo_0'.
ERROR: [IP_Flow 19-98] Generation of the IP CORE failed.
ERROR: [BD 41-1030] Generation failed for the IP Integrator block sync_cyclic_0 
INFO: [BD 41-1029] Generation completed for the IP Integrator block frame_sync_1 .
INFO: [BD 41-1029] Generation completed for the IP Integrator block xlconcat_0 .
INFO: [BD 41-1029] Generation completed for the IP Integrator block ofdm_demodulation_v2_0 .
INFO: [BD 41-1029] Generation completed for the IP Integrator block xlconstant_2 .
INFO: [BD 41-1029] Generation completed for the IP Integrator block xlslice_0 .
CRITICAL WARNING: [IP_Flow 19-193] Failed to save BOM file 'd:/FPGA/Vivaldo Project/PUCCH-FORMAT-0/pucch0/pucch0.srcs/sources_1/bd/pucch0/ip/pucch0_cyclic_gen_0_0/cyclic_shift.srcs/sources_1/ip/cyclic_cmpy_0/cyclic_cmpy_0.xml'.
CRITICAL WARNING: [IP_Flow 19-194] Failed to save IP instance 'cyclic_cmpy_0'.
CRITICAL WARNING: [IP_Flow 19-193] Failed to save BOM file 'd:/FPGA/Vivaldo Project/PUCCH-FORMAT-0/pucch0/pucch0.srcs/sources_1/bd/pucch0/ip/pucch0_cyclic_gen_0_0/cyclic_shift.srcs/sources_1/ip/cyclic_cmpy_0/cyclic_cmpy_0.xml'.
CRITICAL WARNING: [IP_Flow 19-194] Failed to save IP instance 'cyclic_cmpy_0'.
CRITICAL WARNING: [IP_Flow 19-193] Failed to save BOM file 'd:/FPGA/Vivaldo Project/PUCCH-FORMAT-0/pucch0/pucch0.srcs/sources_1/bd/pucch0/ip/pucch0_cyclic_gen_0_0/cyclic_shift.srcs/sources_1/ip/cyclic_cmpy_0/cyclic_cmpy_0.xml'.
CRITICAL WARNING: [IP_Flow 19-194] Failed to save IP instance 'cyclic_cmpy_0'.
ERROR: [IP_Flow 19-98] Generation of the IP CORE failed.
ERROR: [BD 41-1030] Generation failed for the IP Integrator block cyclic_gen_0 
CRITICAL WARNING: [IP_Flow 19-193] Failed to save BOM file 'd:/FPGA/Vivaldo Project/PUCCH-FORMAT-0/pucch0/pucch0.srcs/sources_1/bd/pucch0/ip/pucch0_cyclic_gen_0_1/cyclic_shift.srcs/sources_1/ip/cyclic_fifo_generator_0/cyclic_fifo_generator_0.xml'.
CRITICAL WARNING: [IP_Flow 19-194] Failed to save IP instance 'cyclic_fifo_generator_0'.
CRITICAL WARNING: [IP_Flow 19-193] Failed to save BOM file 'd:/FPGA/Vivaldo Project/PUCCH-FORMAT-0/pucch0/pucch0.srcs/sources_1/bd/pucch0/ip/pucch0_cyclic_gen_0_1/cyclic_shift.srcs/sources_1/ip/cyclic_fifo_generator_0/cyclic_fifo_generator_0.xml'.
CRITICAL WARNING: [IP_Flow 19-194] Failed to save IP instance 'cyclic_fifo_generator_0'.
CRITICAL WARNING: [IP_Flow 19-193] Failed to save BOM file 'd:/FPGA/Vivaldo Project/PUCCH-FORMAT-0/pucch0/pucch0.srcs/sources_1/bd/pucch0/ip/pucch0_cyclic_gen_0_1/cyclic_shift.srcs/sources_1/ip/cyclic_fifo_generator_0/cyclic_fifo_generator_0.xml'.
CRITICAL WARNING: [IP_Flow 19-194] Failed to save IP instance 'cyclic_fifo_generator_0'.
ERROR: [IP_Flow 19-98] Generation of the IP CORE failed.
ERROR: [BD 41-1030] Generation failed for the IP Integrator block cyclic_gen_1 
INFO: [BD 41-1029] Generation completed for the IP Integrator block physical_control_0 .
INFO: [BD 41-1029] Generation completed for the IP Integrator block demapping_0 .
CRITICAL WARNING: [IP_Flow 19-193] Failed to save BOM file 'd:/FPGA/Vivaldo Project/PUCCH-FORMAT-0/pucch0/pucch0.srcs/sources_1/bd/pucch0/ip/pucch0_rx_duplication_0_0/rx_duplication.srcs/sources_1/ip/rx_dup_mem_1/rx_dup_mem_1.xml'.
CRITICAL WARNING: [IP_Flow 19-194] Failed to save IP instance 'rx_dup_mem_1'.
CRITICAL WARNING: [IP_Flow 19-193] Failed to save BOM file 'd:/FPGA/Vivaldo Project/PUCCH-FORMAT-0/pucch0/pucch0.srcs/sources_1/bd/pucch0/ip/pucch0_rx_duplication_0_0/rx_duplication.srcs/sources_1/ip/rx_dup_mem_1/rx_dup_mem_1.xml'.
CRITICAL WARNING: [IP_Flow 19-194] Failed to save IP instance 'rx_dup_mem_1'.
CRITICAL WARNING: [IP_Flow 19-193] Failed to save BOM file 'd:/FPGA/Vivaldo Project/PUCCH-FORMAT-0/pucch0/pucch0.srcs/sources_1/bd/pucch0/ip/pucch0_rx_duplication_0_0/rx_duplication.srcs/sources_1/ip/rx_dup_mem_1/rx_dup_mem_1.xml'.
CRITICAL WARNING: [IP_Flow 19-194] Failed to save IP instance 'rx_dup_mem_1'.
ERROR: [IP_Flow 19-98] Generation of the IP CORE failed.
ERROR: [BD 41-1030] Generation failed for the IP Integrator block rx_duplication_0 
CRITICAL WARNING: [IP_Flow 19-193] Failed to save BOM file 'd:/FPGA/Vivaldo Project/PUCCH-FORMAT-0/pucch0/pucch0.srcs/sources_1/bd/pucch0/ip/pucch0_correlation_0_0/correlation.srcs/sources_1/ip/correlation_cordic_0/correlation_cordic_0.xml'.
CRITICAL WARNING: [IP_Flow 19-194] Failed to save IP instance 'correlation_cordic_0'.
CRITICAL WARNING: [IP_Flow 19-193] Failed to save BOM file 'd:/FPGA/Vivaldo Project/PUCCH-FORMAT-0/pucch0/pucch0.srcs/sources_1/bd/pucch0/ip/pucch0_correlation_0_0/correlation.srcs/sources_1/ip/correlation_cordic_0/correlation_cordic_0.xml'.
CRITICAL WARNING: [IP_Flow 19-194] Failed to save IP instance 'correlation_cordic_0'.
CRITICAL WARNING: [IP_Flow 19-193] Failed to save BOM file 'd:/FPGA/Vivaldo Project/PUCCH-FORMAT-0/pucch0/pucch0.srcs/sources_1/bd/pucch0/ip/pucch0_correlation_0_0/correlation.srcs/sources_1/ip/correlation_cordic_0/correlation_cordic_0.xml'.
CRITICAL WARNING: [IP_Flow 19-194] Failed to save IP instance 'correlation_cordic_0'.
ERROR: [IP_Flow 19-98] Generation of the IP CORE failed.
ERROR: [BD 41-1030] Generation failed for the IP Integrator block correlation_0 
CRITICAL WARNING: [IP_Flow 19-193] Failed to save BOM file 'd:/FPGA/Vivaldo Project/PUCCH-FORMAT-0/pucch0/pucch0.srcs/sources_1/bd/pucch0/ip/pucch0_combine_rx_sym_0_0/combine_rx_sym.srcs/sources_1/ip/combine_fifo_generator_0/combine_fifo_generator_0.xml'.
CRITICAL WARNING: [IP_Flow 19-194] Failed to save IP instance 'combine_fifo_generator_0'.
CRITICAL WARNING: [IP_Flow 19-193] Failed to save BOM file 'd:/FPGA/Vivaldo Project/PUCCH-FORMAT-0/pucch0/pucch0.srcs/sources_1/bd/pucch0/ip/pucch0_combine_rx_sym_0_0/combine_rx_sym.srcs/sources_1/ip/combine_fifo_generator_0/combine_fifo_generator_0.xml'.
CRITICAL WARNING: [IP_Flow 19-194] Failed to save IP instance 'combine_fifo_generator_0'.
CRITICAL WARNING: [IP_Flow 19-193] Failed to save BOM file 'd:/FPGA/Vivaldo Project/PUCCH-FORMAT-0/pucch0/pucch0.srcs/sources_1/bd/pucch0/ip/pucch0_combine_rx_sym_0_0/combine_rx_sym.srcs/sources_1/ip/combine_fifo_generator_0/combine_fifo_generator_0.xml'.
CRITICAL WARNING: [IP_Flow 19-194] Failed to save IP instance 'combine_fifo_generator_0'.
ERROR: [IP_Flow 19-98] Generation of the IP CORE failed.
ERROR: [BD 41-1030] Generation failed for the IP Integrator block combine_rx_sym_0 
INFO: [BD 41-1029] Generation completed for the IP Integrator block peak_search_0 .
INFO: [BD 41-1029] Generation completed for the IP Integrator block frame_sync_0 .
INFO: [BD 41-1029] Generation completed for the IP Integrator block layer2_parameter_0 .
INFO: [BD 41-1029] Generation completed for the IP Integrator block xlconstant_0 .
INFO: [BD 41-1029] Generation completed for the IP Integrator block xlconstant_1 .
CRITICAL WARNING: [IP_Flow 19-193] Failed to save BOM file 'd:/FPGA/Vivaldo Project/PUCCH-FORMAT-0/pucch0/pucch0.srcs/sources_1/bd/pucch0/ip/pucch0_sync_cyclic_0_0/sync_cyclic.srcs/sources_1/ip/cycliic_fifo_0/cycliic_fifo_0.xml'.
CRITICAL WARNING: [IP_Flow 19-194] Failed to save IP instance 'cycliic_fifo_0'.
CRITICAL WARNING: [IP_Flow 19-193] Failed to save BOM file 'd:/FPGA/Vivaldo Project/PUCCH-FORMAT-0/pucch0/pucch0.srcs/sources_1/bd/pucch0/ip/pucch0_sync_cyclic_0_0/sync_cyclic.srcs/sources_1/ip/cycliic_fifo_0/cycliic_fifo_0.xml'.
CRITICAL WARNING: [IP_Flow 19-194] Failed to save IP instance 'cycliic_fifo_0'.
CRITICAL WARNING: [IP_Flow 19-193] Failed to save BOM file 'd:/FPGA/Vivaldo Project/PUCCH-FORMAT-0/pucch0/pucch0.srcs/sources_1/bd/pucch0/ip/pucch0_sync_cyclic_0_0/sync_cyclic.srcs/sources_1/ip/cycliic_fifo_0/cycliic_fifo_0.xml'.
CRITICAL WARNING: [IP_Flow 19-194] Failed to save IP instance 'cycliic_fifo_0'.
ERROR: [IP_Flow 19-98] Generation of the IP CORE failed.
ERROR: [BD 41-1030] Generation failed for the IP Integrator block sync_cyclic_0 
INFO: [BD 41-1029] Generation completed for the IP Integrator block frame_sync_1 .
INFO: [BD 41-1029] Generation completed for the IP Integrator block xlconcat_0 .
INFO: [BD 41-1029] Generation completed for the IP Integrator block ofdm_demodulation_v2_0 .
INFO: [BD 41-1029] Generation completed for the IP Integrator block xlconstant_2 .
INFO: [BD 41-1029] Generation completed for the IP Integrator block xlslice_0 .
CRITICAL WARNING: [IP_Flow 19-193] Failed to save BOM file 'd:/FPGA/Vivaldo Project/PUCCH-FORMAT-0/pucch0/pucch0.srcs/sources_1/bd/pucch0/ip/pucch0_cyclic_gen_0_0/cyclic_shift.srcs/sources_1/ip/cyclic_cmpy_0/cyclic_cmpy_0.xml'.
CRITICAL WARNING: [IP_Flow 19-194] Failed to save IP instance 'cyclic_cmpy_0'.
CRITICAL WARNING: [IP_Flow 19-193] Failed to save BOM file 'd:/FPGA/Vivaldo Project/PUCCH-FORMAT-0/pucch0/pucch0.srcs/sources_1/bd/pucch0/ip/pucch0_cyclic_gen_0_0/cyclic_shift.srcs/sources_1/ip/cyclic_cmpy_0/cyclic_cmpy_0.xml'.
CRITICAL WARNING: [IP_Flow 19-194] Failed to save IP instance 'cyclic_cmpy_0'.
CRITICAL WARNING: [IP_Flow 19-193] Failed to save BOM file 'd:/FPGA/Vivaldo Project/PUCCH-FORMAT-0/pucch0/pucch0.srcs/sources_1/bd/pucch0/ip/pucch0_cyclic_gen_0_0/cyclic_shift.srcs/sources_1/ip/cyclic_cmpy_0/cyclic_cmpy_0.xml'.
CRITICAL WARNING: [IP_Flow 19-194] Failed to save IP instance 'cyclic_cmpy_0'.
ERROR: [IP_Flow 19-98] Generation of the IP CORE failed.
ERROR: [BD 41-1030] Generation failed for the IP Integrator block cyclic_gen_0 
CRITICAL WARNING: [IP_Flow 19-193] Failed to save BOM file 'd:/FPGA/Vivaldo Project/PUCCH-FORMAT-0/pucch0/pucch0.srcs/sources_1/bd/pucch0/ip/pucch0_cyclic_gen_0_1/cyclic_shift.srcs/sources_1/ip/cyclic_fifo_generator_0/cyclic_fifo_generator_0.xml'.
CRITICAL WARNING: [IP_Flow 19-194] Failed to save IP instance 'cyclic_fifo_generator_0'.
CRITICAL WARNING: [IP_Flow 19-193] Failed to save BOM file 'd:/FPGA/Vivaldo Project/PUCCH-FORMAT-0/pucch0/pucch0.srcs/sources_1/bd/pucch0/ip/pucch0_cyclic_gen_0_1/cyclic_shift.srcs/sources_1/ip/cyclic_fifo_generator_0/cyclic_fifo_generator_0.xml'.
CRITICAL WARNING: [IP_Flow 19-194] Failed to save IP instance 'cyclic_fifo_generator_0'.
CRITICAL WARNING: [IP_Flow 19-193] Failed to save BOM file 'd:/FPGA/Vivaldo Project/PUCCH-FORMAT-0/pucch0/pucch0.srcs/sources_1/bd/pucch0/ip/pucch0_cyclic_gen_0_1/cyclic_shift.srcs/sources_1/ip/cyclic_fifo_generator_0/cyclic_fifo_generator_0.xml'.
CRITICAL WARNING: [IP_Flow 19-194] Failed to save IP instance 'cyclic_fifo_generator_0'.
ERROR: [IP_Flow 19-98] Generation of the IP CORE failed.
ERROR: [BD 41-1030] Generation failed for the IP Integrator block cyclic_gen_1 
INFO: [BD 41-1029] Generation completed for the IP Integrator block physical_control_0 .
INFO: [BD 41-1029] Generation completed for the IP Integrator block demapping_0 .
CRITICAL WARNING: [IP_Flow 19-193] Failed to save BOM file 'd:/FPGA/Vivaldo Project/PUCCH-FORMAT-0/pucch0/pucch0.srcs/sources_1/bd/pucch0/ip/pucch0_rx_duplication_0_0/rx_duplication.srcs/sources_1/ip/rx_dup_mem_1/rx_dup_mem_1.xml'.
CRITICAL WARNING: [IP_Flow 19-194] Failed to save IP instance 'rx_dup_mem_1'.
CRITICAL WARNING: [IP_Flow 19-193] Failed to save BOM file 'd:/FPGA/Vivaldo Project/PUCCH-FORMAT-0/pucch0/pucch0.srcs/sources_1/bd/pucch0/ip/pucch0_rx_duplication_0_0/rx_duplication.srcs/sources_1/ip/rx_dup_mem_1/rx_dup_mem_1.xml'.
CRITICAL WARNING: [IP_Flow 19-194] Failed to save IP instance 'rx_dup_mem_1'.
CRITICAL WARNING: [IP_Flow 19-193] Failed to save BOM file 'd:/FPGA/Vivaldo Project/PUCCH-FORMAT-0/pucch0/pucch0.srcs/sources_1/bd/pucch0/ip/pucch0_rx_duplication_0_0/rx_duplication.srcs/sources_1/ip/rx_dup_mem_1/rx_dup_mem_1.xml'.
CRITICAL WARNING: [IP_Flow 19-194] Failed to save IP instance 'rx_dup_mem_1'.
ERROR: [IP_Flow 19-98] Generation of the IP CORE failed.
ERROR: [BD 41-1030] Generation failed for the IP Integrator block rx_duplication_0 
CRITICAL WARNING: [IP_Flow 19-193] Failed to save BOM file 'd:/FPGA/Vivaldo Project/PUCCH-FORMAT-0/pucch0/pucch0.srcs/sources_1/bd/pucch0/ip/pucch0_correlation_0_0/correlation.srcs/sources_1/ip/correlation_cordic_0/correlation_cordic_0.xml'.
CRITICAL WARNING: [IP_Flow 19-194] Failed to save IP instance 'correlation_cordic_0'.
CRITICAL WARNING: [IP_Flow 19-193] Failed to save BOM file 'd:/FPGA/Vivaldo Project/PUCCH-FORMAT-0/pucch0/pucch0.srcs/sources_1/bd/pucch0/ip/pucch0_correlation_0_0/correlation.srcs/sources_1/ip/correlation_cordic_0/correlation_cordic_0.xml'.
CRITICAL WARNING: [IP_Flow 19-194] Failed to save IP instance 'correlation_cordic_0'.
CRITICAL WARNING: [IP_Flow 19-193] Failed to save BOM file 'd:/FPGA/Vivaldo Project/PUCCH-FORMAT-0/pucch0/pucch0.srcs/sources_1/bd/pucch0/ip/pucch0_correlation_0_0/correlation.srcs/sources_1/ip/correlation_cordic_0/correlation_cordic_0.xml'.
CRITICAL WARNING: [IP_Flow 19-194] Failed to save IP instance 'correlation_cordic_0'.
ERROR: [IP_Flow 19-98] Generation of the IP CORE failed.
ERROR: [BD 41-1030] Generation failed for the IP Integrator block correlation_0 
CRITICAL WARNING: [IP_Flow 19-193] Failed to save BOM file 'd:/FPGA/Vivaldo Project/PUCCH-FORMAT-0/pucch0/pucch0.srcs/sources_1/bd/pucch0/ip/pucch0_combine_rx_sym_0_0/combine_rx_sym.srcs/sources_1/ip/combine_fifo_generator_0/combine_fifo_generator_0.xml'.
CRITICAL WARNING: [IP_Flow 19-194] Failed to save IP instance 'combine_fifo_generator_0'.
CRITICAL WARNING: [IP_Flow 19-193] Failed to save BOM file 'd:/FPGA/Vivaldo Project/PUCCH-FORMAT-0/pucch0/pucch0.srcs/sources_1/bd/pucch0/ip/pucch0_combine_rx_sym_0_0/combine_rx_sym.srcs/sources_1/ip/combine_fifo_generator_0/combine_fifo_generator_0.xml'.
CRITICAL WARNING: [IP_Flow 19-194] Failed to save IP instance 'combine_fifo_generator_0'.
CRITICAL WARNING: [IP_Flow 19-193] Failed to save BOM file 'd:/FPGA/Vivaldo Project/PUCCH-FORMAT-0/pucch0/pucch0.srcs/sources_1/bd/pucch0/ip/pucch0_combine_rx_sym_0_0/combine_rx_sym.srcs/sources_1/ip/combine_fifo_generator_0/combine_fifo_generator_0.xml'.
CRITICAL WARNING: [IP_Flow 19-194] Failed to save IP instance 'combine_fifo_generator_0'.
ERROR: [IP_Flow 19-98] Generation of the IP CORE failed.
ERROR: [BD 41-1030] Generation failed for the IP Integrator block combine_rx_sym_0 
INFO: [BD 41-1029] Generation completed for the IP Integrator block peak_search_0 .
INFO: [BD 41-1029] Generation completed for the IP Integrator block frame_sync_0 .
INFO: [BD 41-1029] Generation completed for the IP Integrator block layer2_parameter_0 .
INFO: [BD 41-1029] Generation completed for the IP Integrator block xlconstant_0 .
INFO: [BD 41-1029] Generation completed for the IP Integrator block xlconstant_1 .
CRITICAL WARNING: [IP_Flow 19-193] Failed to save BOM file 'd:/FPGA/Vivaldo Project/PUCCH-FORMAT-0/pucch0/pucch0.srcs/sources_1/bd/pucch0/ip/pucch0_sync_cyclic_0_0/sync_cyclic.srcs/sources_1/ip/cycliic_fifo_0/cycliic_fifo_0.xml'.
CRITICAL WARNING: [IP_Flow 19-194] Failed to save IP instance 'cycliic_fifo_0'.
CRITICAL WARNING: [IP_Flow 19-193] Failed to save BOM file 'd:/FPGA/Vivaldo Project/PUCCH-FORMAT-0/pucch0/pucch0.srcs/sources_1/bd/pucch0/ip/pucch0_sync_cyclic_0_0/sync_cyclic.srcs/sources_1/ip/cycliic_fifo_0/cycliic_fifo_0.xml'.
CRITICAL WARNING: [IP_Flow 19-194] Failed to save IP instance 'cycliic_fifo_0'.
CRITICAL WARNING: [IP_Flow 19-193] Failed to save BOM file 'd:/FPGA/Vivaldo Project/PUCCH-FORMAT-0/pucch0/pucch0.srcs/sources_1/bd/pucch0/ip/pucch0_sync_cyclic_0_0/sync_cyclic.srcs/sources_1/ip/cycliic_fifo_0/cycliic_fifo_0.xml'.
CRITICAL WARNING: [IP_Flow 19-194] Failed to save IP instance 'cycliic_fifo_0'.
ERROR: [IP_Flow 19-98] Generation of the IP CORE failed.
ERROR: [BD 41-1030] Generation failed for the IP Integrator block sync_cyclic_0 
INFO: [BD 41-1029] Generation completed for the IP Integrator block frame_sync_1 .
INFO: [BD 41-1029] Generation completed for the IP Integrator block xlconcat_0 .
INFO: [BD 41-1029] Generation completed for the IP Integrator block ofdm_demodulation_v2_0 .
INFO: [BD 41-1029] Generation completed for the IP Integrator block xlconstant_2 .
INFO: [BD 41-1029] Generation completed for the IP Integrator block xlslice_0 .
CRITICAL WARNING: [IP_Flow 19-193] Failed to save BOM file 'd:/FPGA/Vivaldo Project/PUCCH-FORMAT-0/pucch0/pucch0.srcs/sources_1/bd/pucch0/ip/pucch0_cyclic_gen_0_0/cyclic_shift.srcs/sources_1/ip/cyclic_cmpy_0/cyclic_cmpy_0.xml'.
CRITICAL WARNING: [IP_Flow 19-194] Failed to save IP instance 'cyclic_cmpy_0'.
CRITICAL WARNING: [IP_Flow 19-193] Failed to save BOM file 'd:/FPGA/Vivaldo Project/PUCCH-FORMAT-0/pucch0/pucch0.srcs/sources_1/bd/pucch0/ip/pucch0_cyclic_gen_0_0/cyclic_shift.srcs/sources_1/ip/cyclic_cmpy_0/cyclic_cmpy_0.xml'.
CRITICAL WARNING: [IP_Flow 19-194] Failed to save IP instance 'cyclic_cmpy_0'.
CRITICAL WARNING: [IP_Flow 19-193] Failed to save BOM file 'd:/FPGA/Vivaldo Project/PUCCH-FORMAT-0/pucch0/pucch0.srcs/sources_1/bd/pucch0/ip/pucch0_cyclic_gen_0_0/cyclic_shift.srcs/sources_1/ip/cyclic_cmpy_0/cyclic_cmpy_0.xml'.
CRITICAL WARNING: [IP_Flow 19-194] Failed to save IP instance 'cyclic_cmpy_0'.
ERROR: [IP_Flow 19-98] Generation of the IP CORE failed.
ERROR: [BD 41-1030] Generation failed for the IP Integrator block cyclic_gen_0 
CRITICAL WARNING: [IP_Flow 19-193] Failed to save BOM file 'd:/FPGA/Vivaldo Project/PUCCH-FORMAT-0/pucch0/pucch0.srcs/sources_1/bd/pucch0/ip/pucch0_cyclic_gen_0_1/cyclic_shift.srcs/sources_1/ip/cyclic_fifo_generator_0/cyclic_fifo_generator_0.xml'.
CRITICAL WARNING: [IP_Flow 19-194] Failed to save IP instance 'cyclic_fifo_generator_0'.
CRITICAL WARNING: [IP_Flow 19-193] Failed to save BOM file 'd:/FPGA/Vivaldo Project/PUCCH-FORMAT-0/pucch0/pucch0.srcs/sources_1/bd/pucch0/ip/pucch0_cyclic_gen_0_1/cyclic_shift.srcs/sources_1/ip/cyclic_fifo_generator_0/cyclic_fifo_generator_0.xml'.
CRITICAL WARNING: [IP_Flow 19-194] Failed to save IP instance 'cyclic_fifo_generator_0'.
CRITICAL WARNING: [IP_Flow 19-193] Failed to save BOM file 'd:/FPGA/Vivaldo Project/PUCCH-FORMAT-0/pucch0/pucch0.srcs/sources_1/bd/pucch0/ip/pucch0_cyclic_gen_0_1/cyclic_shift.srcs/sources_1/ip/cyclic_fifo_generator_0/cyclic_fifo_generator_0.xml'.
CRITICAL WARNING: [IP_Flow 19-194] Failed to save IP instance 'cyclic_fifo_generator_0'.
ERROR: [IP_Flow 19-98] Generation of the IP CORE failed.
ERROR: [BD 41-1030] Generation failed for the IP Integrator block cyclic_gen_1 
INFO: [BD 41-1029] Generation completed for the IP Integrator block physical_control_0 .
INFO: [BD 41-1029] Generation completed for the IP Integrator block demapping_0 .
CRITICAL WARNING: [IP_Flow 19-193] Failed to save BOM file 'd:/FPGA/Vivaldo Project/PUCCH-FORMAT-0/pucch0/pucch0.srcs/sources_1/bd/pucch0/ip/pucch0_rx_duplication_0_0/rx_duplication.srcs/sources_1/ip/rx_dup_mem_1/rx_dup_mem_1.xml'.
CRITICAL WARNING: [IP_Flow 19-194] Failed to save IP instance 'rx_dup_mem_1'.
CRITICAL WARNING: [IP_Flow 19-193] Failed to save BOM file 'd:/FPGA/Vivaldo Project/PUCCH-FORMAT-0/pucch0/pucch0.srcs/sources_1/bd/pucch0/ip/pucch0_rx_duplication_0_0/rx_duplication.srcs/sources_1/ip/rx_dup_mem_1/rx_dup_mem_1.xml'.
CRITICAL WARNING: [IP_Flow 19-194] Failed to save IP instance 'rx_dup_mem_1'.
CRITICAL WARNING: [IP_Flow 19-193] Failed to save BOM file 'd:/FPGA/Vivaldo Project/PUCCH-FORMAT-0/pucch0/pucch0.srcs/sources_1/bd/pucch0/ip/pucch0_rx_duplication_0_0/rx_duplication.srcs/sources_1/ip/rx_dup_mem_1/rx_dup_mem_1.xml'.
CRITICAL WARNING: [IP_Flow 19-194] Failed to save IP instance 'rx_dup_mem_1'.
ERROR: [IP_Flow 19-98] Generation of the IP CORE failed.
ERROR: [BD 41-1030] Generation failed for the IP Integrator block rx_duplication_0 
CRITICAL WARNING: [IP_Flow 19-193] Failed to save BOM file 'd:/FPGA/Vivaldo Project/PUCCH-FORMAT-0/pucch0/pucch0.srcs/sources_1/bd/pucch0/ip/pucch0_correlation_0_0/correlation.srcs/sources_1/ip/correlation_cordic_0/correlation_cordic_0.xml'.
CRITICAL WARNING: [IP_Flow 19-194] Failed to save IP instance 'correlation_cordic_0'.
CRITICAL WARNING: [IP_Flow 19-193] Failed to save BOM file 'd:/FPGA/Vivaldo Project/PUCCH-FORMAT-0/pucch0/pucch0.srcs/sources_1/bd/pucch0/ip/pucch0_correlation_0_0/correlation.srcs/sources_1/ip/correlation_cordic_0/correlation_cordic_0.xml'.
CRITICAL WARNING: [IP_Flow 19-194] Failed to save IP instance 'correlation_cordic_0'.
CRITICAL WARNING: [IP_Flow 19-193] Failed to save BOM file 'd:/FPGA/Vivaldo Project/PUCCH-FORMAT-0/pucch0/pucch0.srcs/sources_1/bd/pucch0/ip/pucch0_correlation_0_0/correlation.srcs/sources_1/ip/correlation_cordic_0/correlation_cordic_0.xml'.
CRITICAL WARNING: [IP_Flow 19-194] Failed to save IP instance 'correlation_cordic_0'.
ERROR: [IP_Flow 19-98] Generation of the IP CORE failed.
ERROR: [BD 41-1030] Generation failed for the IP Integrator block correlation_0 
CRITICAL WARNING: [IP_Flow 19-193] Failed to save BOM file 'd:/FPGA/Vivaldo Project/PUCCH-FORMAT-0/pucch0/pucch0.srcs/sources_1/bd/pucch0/ip/pucch0_combine_rx_sym_0_0/combine_rx_sym.srcs/sources_1/ip/combine_fifo_generator_0/combine_fifo_generator_0.xml'.
CRITICAL WARNING: [IP_Flow 19-194] Failed to save IP instance 'combine_fifo_generator_0'.
CRITICAL WARNING: [IP_Flow 19-193] Failed to save BOM file 'd:/FPGA/Vivaldo Project/PUCCH-FORMAT-0/pucch0/pucch0.srcs/sources_1/bd/pucch0/ip/pucch0_combine_rx_sym_0_0/combine_rx_sym.srcs/sources_1/ip/combine_fifo_generator_0/combine_fifo_generator_0.xml'.
CRITICAL WARNING: [IP_Flow 19-194] Failed to save IP instance 'combine_fifo_generator_0'.
CRITICAL WARNING: [IP_Flow 19-193] Failed to save BOM file 'd:/FPGA/Vivaldo Project/PUCCH-FORMAT-0/pucch0/pucch0.srcs/sources_1/bd/pucch0/ip/pucch0_combine_rx_sym_0_0/combine_rx_sym.srcs/sources_1/ip/combine_fifo_generator_0/combine_fifo_generator_0.xml'.
CRITICAL WARNING: [IP_Flow 19-194] Failed to save IP instance 'combine_fifo_generator_0'.
ERROR: [IP_Flow 19-98] Generation of the IP CORE failed.
ERROR: [BD 41-1030] Generation failed for the IP Integrator block combine_rx_sym_0 
INFO: [BD 41-1029] Generation completed for the IP Integrator block peak_search_0 .
INFO: [BD 41-1029] Generation completed for the IP Integrator block frame_sync_0 .
INFO: [BD 41-1029] Generation completed for the IP Integrator block layer2_parameter_0 .
INFO: [BD 41-1029] Generation completed for the IP Integrator block xlconstant_0 .
INFO: [BD 41-1029] Generation completed for the IP Integrator block xlconstant_1 .
CRITICAL WARNING: [IP_Flow 19-193] Failed to save BOM file 'd:/FPGA/Vivaldo Project/PUCCH-FORMAT-0/pucch0/pucch0.srcs/sources_1/bd/pucch0/ip/pucch0_sync_cyclic_0_0/sync_cyclic.srcs/sources_1/ip/cycliic_fifo_0/cycliic_fifo_0.xml'.
CRITICAL WARNING: [IP_Flow 19-194] Failed to save IP instance 'cycliic_fifo_0'.
CRITICAL WARNING: [IP_Flow 19-193] Failed to save BOM file 'd:/FPGA/Vivaldo Project/PUCCH-FORMAT-0/pucch0/pucch0.srcs/sources_1/bd/pucch0/ip/pucch0_sync_cyclic_0_0/sync_cyclic.srcs/sources_1/ip/cycliic_fifo_0/cycliic_fifo_0.xml'.
CRITICAL WARNING: [IP_Flow 19-194] Failed to save IP instance 'cycliic_fifo_0'.
CRITICAL WARNING: [IP_Flow 19-193] Failed to save BOM file 'd:/FPGA/Vivaldo Project/PUCCH-FORMAT-0/pucch0/pucch0.srcs/sources_1/bd/pucch0/ip/pucch0_sync_cyclic_0_0/sync_cyclic.srcs/sources_1/ip/cycliic_fifo_0/cycliic_fifo_0.xml'.
CRITICAL WARNING: [IP_Flow 19-194] Failed to save IP instance 'cycliic_fifo_0'.
ERROR: [IP_Flow 19-98] Generation of the IP CORE failed.
ERROR: [BD 41-1030] Generation failed for the IP Integrator block sync_cyclic_0 
INFO: [BD 41-1029] Generation completed for the IP Integrator block frame_sync_1 .
INFO: [BD 41-1029] Generation completed for the IP Integrator block xlconcat_0 .
INFO: [BD 41-1029] Generation completed for the IP Integrator block ofdm_demodulation_v2_0 .
INFO: [BD 41-1029] Generation completed for the IP Integrator block xlconstant_2 .
INFO: [BD 41-1029] Generation completed for the IP Integrator block xlslice_0 .
CRITICAL WARNING: [IP_Flow 19-193] Failed to save BOM file 'd:/FPGA/Vivaldo Project/PUCCH-FORMAT-0/pucch0/pucch0.srcs/sources_1/bd/pucch0/ip/pucch0_cyclic_gen_0_0/cyclic_shift.srcs/sources_1/ip/cyclic_cmpy_0/cyclic_cmpy_0.xml'.
CRITICAL WARNING: [IP_Flow 19-194] Failed to save IP instance 'cyclic_cmpy_0'.
CRITICAL WARNING: [IP_Flow 19-193] Failed to save BOM file 'd:/FPGA/Vivaldo Project/PUCCH-FORMAT-0/pucch0/pucch0.srcs/sources_1/bd/pucch0/ip/pucch0_cyclic_gen_0_0/cyclic_shift.srcs/sources_1/ip/cyclic_cmpy_0/cyclic_cmpy_0.xml'.
CRITICAL WARNING: [IP_Flow 19-194] Failed to save IP instance 'cyclic_cmpy_0'.
CRITICAL WARNING: [IP_Flow 19-193] Failed to save BOM file 'd:/FPGA/Vivaldo Project/PUCCH-FORMAT-0/pucch0/pucch0.srcs/sources_1/bd/pucch0/ip/pucch0_cyclic_gen_0_0/cyclic_shift.srcs/sources_1/ip/cyclic_cmpy_0/cyclic_cmpy_0.xml'.
CRITICAL WARNING: [IP_Flow 19-194] Failed to save IP instance 'cyclic_cmpy_0'.
ERROR: [IP_Flow 19-98] Generation of the IP CORE failed.
ERROR: [BD 41-1030] Generation failed for the IP Integrator block cyclic_gen_0 
CRITICAL WARNING: [IP_Flow 19-193] Failed to save BOM file 'd:/FPGA/Vivaldo Project/PUCCH-FORMAT-0/pucch0/pucch0.srcs/sources_1/bd/pucch0/ip/pucch0_cyclic_gen_0_1/cyclic_shift.srcs/sources_1/ip/cyclic_fifo_generator_0/cyclic_fifo_generator_0.xml'.
CRITICAL WARNING: [IP_Flow 19-194] Failed to save IP instance 'cyclic_fifo_generator_0'.
CRITICAL WARNING: [IP_Flow 19-193] Failed to save BOM file 'd:/FPGA/Vivaldo Project/PUCCH-FORMAT-0/pucch0/pucch0.srcs/sources_1/bd/pucch0/ip/pucch0_cyclic_gen_0_1/cyclic_shift.srcs/sources_1/ip/cyclic_fifo_generator_0/cyclic_fifo_generator_0.xml'.
CRITICAL WARNING: [IP_Flow 19-194] Failed to save IP instance 'cyclic_fifo_generator_0'.
CRITICAL WARNING: [IP_Flow 19-193] Failed to save BOM file 'd:/FPGA/Vivaldo Project/PUCCH-FORMAT-0/pucch0/pucch0.srcs/sources_1/bd/pucch0/ip/pucch0_cyclic_gen_0_1/cyclic_shift.srcs/sources_1/ip/cyclic_fifo_generator_0/cyclic_fifo_generator_0.xml'.
CRITICAL WARNING: [IP_Flow 19-194] Failed to save IP instance 'cyclic_fifo_generator_0'.
ERROR: [IP_Flow 19-98] Generation of the IP CORE failed.
ERROR: [BD 41-1030] Generation failed for the IP Integrator block cyclic_gen_1 
INFO: [BD 41-1029] Generation completed for the IP Integrator block physical_control_0 .
INFO: [BD 41-1029] Generation completed for the IP Integrator block demapping_0 .
CRITICAL WARNING: [IP_Flow 19-193] Failed to save BOM file 'd:/FPGA/Vivaldo Project/PUCCH-FORMAT-0/pucch0/pucch0.srcs/sources_1/bd/pucch0/ip/pucch0_rx_duplication_0_0/rx_duplication.srcs/sources_1/ip/rx_dup_mem_1/rx_dup_mem_1.xml'.
CRITICAL WARNING: [IP_Flow 19-194] Failed to save IP instance 'rx_dup_mem_1'.
CRITICAL WARNING: [IP_Flow 19-193] Failed to save BOM file 'd:/FPGA/Vivaldo Project/PUCCH-FORMAT-0/pucch0/pucch0.srcs/sources_1/bd/pucch0/ip/pucch0_rx_duplication_0_0/rx_duplication.srcs/sources_1/ip/rx_dup_mem_1/rx_dup_mem_1.xml'.
CRITICAL WARNING: [IP_Flow 19-194] Failed to save IP instance 'rx_dup_mem_1'.
CRITICAL WARNING: [IP_Flow 19-193] Failed to save BOM file 'd:/FPGA/Vivaldo Project/PUCCH-FORMAT-0/pucch0/pucch0.srcs/sources_1/bd/pucch0/ip/pucch0_rx_duplication_0_0/rx_duplication.srcs/sources_1/ip/rx_dup_mem_1/rx_dup_mem_1.xml'.
CRITICAL WARNING: [IP_Flow 19-194] Failed to save IP instance 'rx_dup_mem_1'.
ERROR: [IP_Flow 19-98] Generation of the IP CORE failed.
ERROR: [BD 41-1030] Generation failed for the IP Integrator block rx_duplication_0 
CRITICAL WARNING: [IP_Flow 19-193] Failed to save BOM file 'd:/FPGA/Vivaldo Project/PUCCH-FORMAT-0/pucch0/pucch0.srcs/sources_1/bd/pucch0/ip/pucch0_correlation_0_0/correlation.srcs/sources_1/ip/correlation_cordic_0/correlation_cordic_0.xml'.
CRITICAL WARNING: [IP_Flow 19-194] Failed to save IP instance 'correlation_cordic_0'.
CRITICAL WARNING: [IP_Flow 19-193] Failed to save BOM file 'd:/FPGA/Vivaldo Project/PUCCH-FORMAT-0/pucch0/pucch0.srcs/sources_1/bd/pucch0/ip/pucch0_correlation_0_0/correlation.srcs/sources_1/ip/correlation_cordic_0/correlation_cordic_0.xml'.
CRITICAL WARNING: [IP_Flow 19-194] Failed to save IP instance 'correlation_cordic_0'.
CRITICAL WARNING: [IP_Flow 19-193] Failed to save BOM file 'd:/FPGA/Vivaldo Project/PUCCH-FORMAT-0/pucch0/pucch0.srcs/sources_1/bd/pucch0/ip/pucch0_correlation_0_0/correlation.srcs/sources_1/ip/correlation_cordic_0/correlation_cordic_0.xml'.
CRITICAL WARNING: [IP_Flow 19-194] Failed to save IP instance 'correlation_cordic_0'.
ERROR: [IP_Flow 19-98] Generation of the IP CORE failed.
ERROR: [BD 41-1030] Generation failed for the IP Integrator block correlation_0 
CRITICAL WARNING: [IP_Flow 19-193] Failed to save BOM file 'd:/FPGA/Vivaldo Project/PUCCH-FORMAT-0/pucch0/pucch0.srcs/sources_1/bd/pucch0/ip/pucch0_combine_rx_sym_0_0/combine_rx_sym.srcs/sources_1/ip/combine_fifo_generator_0/combine_fifo_generator_0.xml'.
CRITICAL WARNING: [IP_Flow 19-194] Failed to save IP instance 'combine_fifo_generator_0'.
CRITICAL WARNING: [IP_Flow 19-193] Failed to save BOM file 'd:/FPGA/Vivaldo Project/PUCCH-FORMAT-0/pucch0/pucch0.srcs/sources_1/bd/pucch0/ip/pucch0_combine_rx_sym_0_0/combine_rx_sym.srcs/sources_1/ip/combine_fifo_generator_0/combine_fifo_generator_0.xml'.
CRITICAL WARNING: [IP_Flow 19-194] Failed to save IP instance 'combine_fifo_generator_0'.
CRITICAL WARNING: [IP_Flow 19-193] Failed to save BOM file 'd:/FPGA/Vivaldo Project/PUCCH-FORMAT-0/pucch0/pucch0.srcs/sources_1/bd/pucch0/ip/pucch0_combine_rx_sym_0_0/combine_rx_sym.srcs/sources_1/ip/combine_fifo_generator_0/combine_fifo_generator_0.xml'.
CRITICAL WARNING: [IP_Flow 19-194] Failed to save IP instance 'combine_fifo_generator_0'.
ERROR: [IP_Flow 19-98] Generation of the IP CORE failed.
ERROR: [BD 41-1030] Generation failed for the IP Integrator block combine_rx_sym_0 
INFO: [BD 41-1029] Generation completed for the IP Integrator block peak_search_0 .
INFO: [BD 41-1029] Generation completed for the IP Integrator block frame_sync_0 .
INFO: [BD 41-1029] Generation completed for the IP Integrator block layer2_parameter_0 .
INFO: [BD 41-1029] Generation completed for the IP Integrator block xlconstant_0 .
INFO: [BD 41-1029] Generation completed for the IP Integrator block xlconstant_1 .
CRITICAL WARNING: [IP_Flow 19-193] Failed to save BOM file 'd:/FPGA/Vivaldo Project/PUCCH-FORMAT-0/pucch0/pucch0.srcs/sources_1/bd/pucch0/ip/pucch0_sync_cyclic_0_0/sync_cyclic.srcs/sources_1/ip/cycliic_fifo_0/cycliic_fifo_0.xml'.
CRITICAL WARNING: [IP_Flow 19-194] Failed to save IP instance 'cycliic_fifo_0'.
CRITICAL WARNING: [IP_Flow 19-193] Failed to save BOM file 'd:/FPGA/Vivaldo Project/PUCCH-FORMAT-0/pucch0/pucch0.srcs/sources_1/bd/pucch0/ip/pucch0_sync_cyclic_0_0/sync_cyclic.srcs/sources_1/ip/cycliic_fifo_0/cycliic_fifo_0.xml'.
CRITICAL WARNING: [IP_Flow 19-194] Failed to save IP instance 'cycliic_fifo_0'.
CRITICAL WARNING: [IP_Flow 19-193] Failed to save BOM file 'd:/FPGA/Vivaldo Project/PUCCH-FORMAT-0/pucch0/pucch0.srcs/sources_1/bd/pucch0/ip/pucch0_sync_cyclic_0_0/sync_cyclic.srcs/sources_1/ip/cycliic_fifo_0/cycliic_fifo_0.xml'.
CRITICAL WARNING: [IP_Flow 19-194] Failed to save IP instance 'cycliic_fifo_0'.
ERROR: [IP_Flow 19-98] Generation of the IP CORE failed.
ERROR: [BD 41-1030] Generation failed for the IP Integrator block sync_cyclic_0 
INFO: [BD 41-1029] Generation completed for the IP Integrator block frame_sync_1 .
INFO: [BD 41-1029] Generation completed for the IP Integrator block xlconcat_0 .
INFO: [BD 41-1029] Generation completed for the IP Integrator block ofdm_demodulation_v2_0 .
INFO: [BD 41-1029] Generation completed for the IP Integrator block xlconstant_2 .
INFO: [BD 41-1029] Generation completed for the IP Integrator block xlslice_0 .
CRITICAL WARNING: [IP_Flow 19-193] Failed to save BOM file 'd:/FPGA/Vivaldo Project/PUCCH-FORMAT-0/pucch0/pucch0.srcs/sources_1/bd/pucch0/ip/pucch0_cyclic_gen_0_0/cyclic_shift.srcs/sources_1/ip/cyclic_cmpy_0/cyclic_cmpy_0.xml'.
CRITICAL WARNING: [IP_Flow 19-194] Failed to save IP instance 'cyclic_cmpy_0'.
CRITICAL WARNING: [IP_Flow 19-193] Failed to save BOM file 'd:/FPGA/Vivaldo Project/PUCCH-FORMAT-0/pucch0/pucch0.srcs/sources_1/bd/pucch0/ip/pucch0_cyclic_gen_0_0/cyclic_shift.srcs/sources_1/ip/cyclic_cmpy_0/cyclic_cmpy_0.xml'.
CRITICAL WARNING: [IP_Flow 19-194] Failed to save IP instance 'cyclic_cmpy_0'.
CRITICAL WARNING: [IP_Flow 19-193] Failed to save BOM file 'd:/FPGA/Vivaldo Project/PUCCH-FORMAT-0/pucch0/pucch0.srcs/sources_1/bd/pucch0/ip/pucch0_cyclic_gen_0_0/cyclic_shift.srcs/sources_1/ip/cyclic_cmpy_0/cyclic_cmpy_0.xml'.
CRITICAL WARNING: [IP_Flow 19-194] Failed to save IP instance 'cyclic_cmpy_0'.
ERROR: [IP_Flow 19-98] Generation of the IP CORE failed.
ERROR: [BD 41-1030] Generation failed for the IP Integrator block cyclic_gen_0 
CRITICAL WARNING: [IP_Flow 19-193] Failed to save BOM file 'd:/FPGA/Vivaldo Project/PUCCH-FORMAT-0/pucch0/pucch0.srcs/sources_1/bd/pucch0/ip/pucch0_cyclic_gen_0_1/cyclic_shift.srcs/sources_1/ip/cyclic_fifo_generator_0/cyclic_fifo_generator_0.xml'.
CRITICAL WARNING: [IP_Flow 19-194] Failed to save IP instance 'cyclic_fifo_generator_0'.
CRITICAL WARNING: [IP_Flow 19-193] Failed to save BOM file 'd:/FPGA/Vivaldo Project/PUCCH-FORMAT-0/pucch0/pucch0.srcs/sources_1/bd/pucch0/ip/pucch0_cyclic_gen_0_1/cyclic_shift.srcs/sources_1/ip/cyclic_fifo_generator_0/cyclic_fifo_generator_0.xml'.
CRITICAL WARNING: [IP_Flow 19-194] Failed to save IP instance 'cyclic_fifo_generator_0'.
CRITICAL WARNING: [IP_Flow 19-193] Failed to save BOM file 'd:/FPGA/Vivaldo Project/PUCCH-FORMAT-0/pucch0/pucch0.srcs/sources_1/bd/pucch0/ip/pucch0_cyclic_gen_0_1/cyclic_shift.srcs/sources_1/ip/cyclic_fifo_generator_0/cyclic_fifo_generator_0.xml'.
CRITICAL WARNING: [IP_Flow 19-194] Failed to save IP instance 'cyclic_fifo_generator_0'.
ERROR: [IP_Flow 19-98] Generation of the IP CORE failed.
ERROR: [BD 41-1030] Generation failed for the IP Integrator block cyclic_gen_1 
INFO: [BD 41-1029] Generation completed for the IP Integrator block physical_control_0 .
INFO: [BD 41-1029] Generation completed for the IP Integrator block demapping_0 .
CRITICAL WARNING: [IP_Flow 19-193] Failed to save BOM file 'd:/FPGA/Vivaldo Project/PUCCH-FORMAT-0/pucch0/pucch0.srcs/sources_1/bd/pucch0/ip/pucch0_rx_duplication_0_0/rx_duplication.srcs/sources_1/ip/rx_dup_mem_1/rx_dup_mem_1.xml'.
CRITICAL WARNING: [IP_Flow 19-194] Failed to save IP instance 'rx_dup_mem_1'.
CRITICAL WARNING: [IP_Flow 19-193] Failed to save BOM file 'd:/FPGA/Vivaldo Project/PUCCH-FORMAT-0/pucch0/pucch0.srcs/sources_1/bd/pucch0/ip/pucch0_rx_duplication_0_0/rx_duplication.srcs/sources_1/ip/rx_dup_mem_1/rx_dup_mem_1.xml'.
CRITICAL WARNING: [IP_Flow 19-194] Failed to save IP instance 'rx_dup_mem_1'.
CRITICAL WARNING: [IP_Flow 19-193] Failed to save BOM file 'd:/FPGA/Vivaldo Project/PUCCH-FORMAT-0/pucch0/pucch0.srcs/sources_1/bd/pucch0/ip/pucch0_rx_duplication_0_0/rx_duplication.srcs/sources_1/ip/rx_dup_mem_1/rx_dup_mem_1.xml'.
CRITICAL WARNING: [IP_Flow 19-194] Failed to save IP instance 'rx_dup_mem_1'.
ERROR: [IP_Flow 19-98] Generation of the IP CORE failed.
ERROR: [BD 41-1030] Generation failed for the IP Integrator block rx_duplication_0 
CRITICAL WARNING: [IP_Flow 19-193] Failed to save BOM file 'd:/FPGA/Vivaldo Project/PUCCH-FORMAT-0/pucch0/pucch0.srcs/sources_1/bd/pucch0/ip/pucch0_correlation_0_0/correlation.srcs/sources_1/ip/correlation_cordic_0/correlation_cordic_0.xml'.
CRITICAL WARNING: [IP_Flow 19-194] Failed to save IP instance 'correlation_cordic_0'.
CRITICAL WARNING: [IP_Flow 19-193] Failed to save BOM file 'd:/FPGA/Vivaldo Project/PUCCH-FORMAT-0/pucch0/pucch0.srcs/sources_1/bd/pucch0/ip/pucch0_correlation_0_0/correlation.srcs/sources_1/ip/correlation_cordic_0/correlation_cordic_0.xml'.
CRITICAL WARNING: [IP_Flow 19-194] Failed to save IP instance 'correlation_cordic_0'.
CRITICAL WARNING: [IP_Flow 19-193] Failed to save BOM file 'd:/FPGA/Vivaldo Project/PUCCH-FORMAT-0/pucch0/pucch0.srcs/sources_1/bd/pucch0/ip/pucch0_correlation_0_0/correlation.srcs/sources_1/ip/correlation_cordic_0/correlation_cordic_0.xml'.
CRITICAL WARNING: [IP_Flow 19-194] Failed to save IP instance 'correlation_cordic_0'.
ERROR: [IP_Flow 19-98] Generation of the IP CORE failed.
ERROR: [BD 41-1030] Generation failed for the IP Integrator block correlation_0 
CRITICAL WARNING: [IP_Flow 19-193] Failed to save BOM file 'd:/FPGA/Vivaldo Project/PUCCH-FORMAT-0/pucch0/pucch0.srcs/sources_1/bd/pucch0/ip/pucch0_combine_rx_sym_0_0/combine_rx_sym.srcs/sources_1/ip/combine_fifo_generator_0/combine_fifo_generator_0.xml'.
CRITICAL WARNING: [IP_Flow 19-194] Failed to save IP instance 'combine_fifo_generator_0'.
CRITICAL WARNING: [IP_Flow 19-193] Failed to save BOM file 'd:/FPGA/Vivaldo Project/PUCCH-FORMAT-0/pucch0/pucch0.srcs/sources_1/bd/pucch0/ip/pucch0_combine_rx_sym_0_0/combine_rx_sym.srcs/sources_1/ip/combine_fifo_generator_0/combine_fifo_generator_0.xml'.
CRITICAL WARNING: [IP_Flow 19-194] Failed to save IP instance 'combine_fifo_generator_0'.
CRITICAL WARNING: [IP_Flow 19-193] Failed to save BOM file 'd:/FPGA/Vivaldo Project/PUCCH-FORMAT-0/pucch0/pucch0.srcs/sources_1/bd/pucch0/ip/pucch0_combine_rx_sym_0_0/combine_rx_sym.srcs/sources_1/ip/combine_fifo_generator_0/combine_fifo_generator_0.xml'.
CRITICAL WARNING: [IP_Flow 19-194] Failed to save IP instance 'combine_fifo_generator_0'.
ERROR: [IP_Flow 19-98] Generation of the IP CORE failed.
ERROR: [BD 41-1030] Generation failed for the IP Integrator block combine_rx_sym_0 
INFO: [BD 41-1029] Generation completed for the IP Integrator block peak_search_0 .
INFO: [BD 41-1029] Generation completed for the IP Integrator block frame_sync_0 .
INFO: [BD 41-1029] Generation completed for the IP Integrator block layer2_parameter_0 .
INFO: [BD 41-1029] Generation completed for the IP Integrator block xlconstant_0 .
INFO: [BD 41-1029] Generation completed for the IP Integrator block xlconstant_1 .
CRITICAL WARNING: [IP_Flow 19-193] Failed to save BOM file 'd:/FPGA/Vivaldo Project/PUCCH-FORMAT-0/pucch0/pucch0.srcs/sources_1/bd/pucch0/ip/pucch0_sync_cyclic_0_0/sync_cyclic.srcs/sources_1/ip/cycliic_fifo_0/cycliic_fifo_0.xml'.
INFO: [Common 17-14] Message 'IP_Flow 19-193' appears 100 times and further instances of the messages will be disabled. Use the Tcl command set_msg_config to change the current settings.
CRITICAL WARNING: [IP_Flow 19-194] Failed to save IP instance 'cycliic_fifo_0'.
INFO: [Common 17-14] Message 'IP_Flow 19-194' appears 100 times and further instances of the messages will be disabled. Use the Tcl command set_msg_config to change the current settings.
ERROR: [IP_Flow 19-98] Generation of the IP CORE failed.
ERROR: [BD 41-1030] Generation failed for the IP Integrator block sync_cyclic_0 
INFO: [BD 41-1029] Generation completed for the IP Integrator block frame_sync_1 .
INFO: [BD 41-1029] Generation completed for the IP Integrator block xlconcat_0 .
INFO: [BD 41-1029] Generation completed for the IP Integrator block ofdm_demodulation_v2_0 .
INFO: [BD 41-1029] Generation completed for the IP Integrator block xlconstant_2 .
INFO: [BD 41-1029] Generation completed for the IP Integrator block xlslice_0 .
ERROR: [IP_Flow 19-98] Generation of the IP CORE failed.
ERROR: [BD 41-1030] Generation failed for the IP Integrator block cyclic_gen_0 
ERROR: [IP_Flow 19-98] Generation of the IP CORE failed.
ERROR: [BD 41-1030] Generation failed for the IP Integrator block cyclic_gen_1 
INFO: [BD 41-1029] Generation completed for the IP Integrator block physical_control_0 .
INFO: [BD 41-1029] Generation completed for the IP Integrator block demapping_0 .
ERROR: [IP_Flow 19-98] Generation of the IP CORE failed.
ERROR: [BD 41-1030] Generation failed for the IP Integrator block rx_duplication_0 
ERROR: [IP_Flow 19-98] Generation of the IP CORE failed.
ERROR: [BD 41-1030] Generation failed for the IP Integrator block correlation_0 
ERROR: [IP_Flow 19-98] Generation of the IP CORE failed.
ERROR: [BD 41-1030] Generation failed for the IP Integrator block combine_rx_sym_0 
INFO: [BD 41-1029] Generation completed for the IP Integrator block peak_search_0 .
INFO: [BD 41-1029] Generation completed for the IP Integrator block frame_sync_0 .
INFO: [BD 41-1029] Generation completed for the IP Integrator block layer2_parameter_0 .
INFO: [BD 41-1029] Generation completed for the IP Integrator block xlconstant_0 .
INFO: [BD 41-1029] Generation completed for the IP Integrator block xlconstant_1 .
ERROR: [IP_Flow 19-98] Generation of the IP CORE failed.
ERROR: [BD 41-1030] Generation failed for the IP Integrator block sync_cyclic_0 
INFO: [BD 41-1029] Generation completed for the IP Integrator block frame_sync_1 .
INFO: [BD 41-1029] Generation completed for the IP Integrator block xlconcat_0 .
INFO: [BD 41-1029] Generation completed for the IP Integrator block ofdm_demodulation_v2_0 .
INFO: [BD 41-1029] Generation completed for the IP Integrator block xlconstant_2 .
INFO: [BD 41-1029] Generation completed for the IP Integrator block xlslice_0 .
ERROR: [IP_Flow 19-98] Generation of the IP CORE failed.
ERROR: [BD 41-1030] Generation failed for the IP Integrator block cyclic_gen_0 
ERROR: [IP_Flow 19-98] Generation of the IP CORE failed.
ERROR: [BD 41-1030] Generation failed for the IP Integrator block cyclic_gen_1 
INFO: [BD 41-1029] Generation completed for the IP Integrator block physical_control_0 .
INFO: [BD 41-1029] Generation completed for the IP Integrator block demapping_0 .
ERROR: [IP_Flow 19-98] Generation of the IP CORE failed.
ERROR: [BD 41-1030] Generation failed for the IP Integrator block rx_duplication_0 
ERROR: [IP_Flow 19-98] Generation of the IP CORE failed.
ERROR: [BD 41-1030] Generation failed for the IP Integrator block correlation_0 
ERROR: [IP_Flow 19-98] Generation of the IP CORE failed.
ERROR: [BD 41-1030] Generation failed for the IP Integrator block combine_rx_sym_0 
INFO: [BD 41-1029] Generation completed for the IP Integrator block peak_search_0 .
INFO: [BD 41-1029] Generation completed for the IP Integrator block frame_sync_0 .
INFO: [BD 41-1029] Generation completed for the IP Integrator block layer2_parameter_0 .
INFO: [BD 41-1029] Generation completed for the IP Integrator block xlconstant_0 .
INFO: [BD 41-1029] Generation completed for the IP Integrator block xlconstant_1 .
ERROR: [IP_Flow 19-98] Generation of the IP CORE failed.
ERROR: [BD 41-1030] Generation failed for the IP Integrator block sync_cyclic_0 
INFO: [BD 41-1029] Generation completed for the IP Integrator block frame_sync_1 .
INFO: [BD 41-1029] Generation completed for the IP Integrator block xlconcat_0 .
INFO: [BD 41-1029] Generation completed for the IP Integrator block ofdm_demodulation_v2_0 .
INFO: [BD 41-1029] Generation completed for the IP Integrator block xlconstant_2 .
INFO: [BD 41-1029] Generation completed for the IP Integrator block xlslice_0 .
ERROR: [IP_Flow 19-98] Generation of the IP CORE failed.
ERROR: [BD 41-1030] Generation failed for the IP Integrator block cyclic_gen_0 
ERROR: [IP_Flow 19-98] Generation of the IP CORE failed.
ERROR: [BD 41-1030] Generation failed for the IP Integrator block cyclic_gen_1 
INFO: [BD 41-1029] Generation completed for the IP Integrator block physical_control_0 .
INFO: [BD 41-1029] Generation completed for the IP Integrator block demapping_0 .
ERROR: [IP_Flow 19-98] Generation of the IP CORE failed.
ERROR: [BD 41-1030] Generation failed for the IP Integrator block rx_duplication_0 
ERROR: [IP_Flow 19-98] Generation of the IP CORE failed.
ERROR: [BD 41-1030] Generation failed for the IP Integrator block correlation_0 
ERROR: [IP_Flow 19-98] Generation of the IP CORE failed.
ERROR: [BD 41-1030] Generation failed for the IP Integrator block combine_rx_sym_0 
INFO: [BD 41-1029] Generation completed for the IP Integrator block peak_search_0 .
INFO: [BD 41-1029] Generation completed for the IP Integrator block frame_sync_0 .
INFO: [Common 17-14] Message 'BD 41-1029' appears 100 times and further instances of the messages will be disabled. Use the Tcl command set_msg_config to change the current settings.
ERROR: [IP_Flow 19-98] Generation of the IP CORE failed.
ERROR: [BD 41-1030] Generation failed for the IP Integrator block sync_cyclic_0 
ERROR: [IP_Flow 19-98] Generation of the IP CORE failed.
ERROR: [BD 41-1030] Generation failed for the IP Integrator block cyclic_gen_0 
ERROR: [IP_Flow 19-98] Generation of the IP CORE failed.
ERROR: [BD 41-1030] Generation failed for the IP Integrator block cyclic_gen_1 
ERROR: [IP_Flow 19-98] Generation of the IP CORE failed.
ERROR: [BD 41-1030] Generation failed for the IP Integrator block rx_duplication_0 
ERROR: [IP_Flow 19-98] Generation of the IP CORE failed.
ERROR: [BD 41-1030] Generation failed for the IP Integrator block correlation_0 
ERROR: [IP_Flow 19-98] Generation of the IP CORE failed.
ERROR: [BD 41-1030] Generation failed for the IP Integrator block combine_rx_sym_0 
ERROR: [IP_Flow 19-98] Generation of the IP CORE failed.
ERROR: [BD 41-1030] Generation failed for the IP Integrator block sync_cyclic_0 
ERROR: [IP_Flow 19-98] Generation of the IP CORE failed.
ERROR: [BD 41-1030] Generation failed for the IP Integrator block cyclic_gen_0 
ERROR: [IP_Flow 19-98] Generation of the IP CORE failed.
ERROR: [BD 41-1030] Generation failed for the IP Integrator block cyclic_gen_1 
ERROR: [IP_Flow 19-98] Generation of the IP CORE failed.
ERROR: [BD 41-1030] Generation failed for the IP Integrator block rx_duplication_0 
ERROR: [IP_Flow 19-98] Generation of the IP CORE failed.
ERROR: [BD 41-1030] Generation failed for the IP Integrator block correlation_0 
ERROR: [IP_Flow 19-98] Generation of the IP CORE failed.
ERROR: [BD 41-1030] Generation failed for the IP Integrator block combine_rx_sym_0 
ERROR: [IP_Flow 19-98] Generation of the IP CORE failed.
ERROR: [BD 41-1030] Generation failed for the IP Integrator block sync_cyclic_0 
ERROR: [IP_Flow 19-98] Generation of the IP CORE failed.
ERROR: [BD 41-1030] Generation failed for the IP Integrator block cyclic_gen_0 
ERROR: [IP_Flow 19-98] Generation of the IP CORE failed.
ERROR: [BD 41-1030] Generation failed for the IP Integrator block cyclic_gen_1 
ERROR: [IP_Flow 19-98] Generation of the IP CORE failed.
ERROR: [BD 41-1030] Generation failed for the IP Integrator block rx_duplication_0 
ERROR: [IP_Flow 19-98] Generation of the IP CORE failed.
ERROR: [BD 41-1030] Generation failed for the IP Integrator block correlation_0 
ERROR: [IP_Flow 19-98] Generation of the IP CORE failed.
ERROR: [BD 41-1030] Generation failed for the IP Integrator block combine_rx_sym_0 
ERROR: [IP_Flow 19-98] Generation of the IP CORE failed.
ERROR: [BD 41-1030] Generation failed for the IP Integrator block sync_cyclic_0 
ERROR: [IP_Flow 19-98] Generation of the IP CORE failed.
ERROR: [BD 41-1030] Generation failed for the IP Integrator block cyclic_gen_0 
ERROR: [IP_Flow 19-98] Generation of the IP CORE failed.
ERROR: [BD 41-1030] Generation failed for the IP Integrator block cyclic_gen_1 
ERROR: [IP_Flow 19-98] Generation of the IP CORE failed.
ERROR: [BD 41-1030] Generation failed for the IP Integrator block rx_duplication_0 
ERROR: [IP_Flow 19-98] Generation of the IP CORE failed.
ERROR: [BD 41-1030] Generation failed for the IP Integrator block correlation_0 
ERROR: [IP_Flow 19-98] Generation of the IP CORE failed.
ERROR: [BD 41-1030] Generation failed for the IP Integrator block combine_rx_sym_0 
ERROR: [IP_Flow 19-98] Generation of the IP CORE failed.
ERROR: [BD 41-1030] Generation failed for the IP Integrator block sync_cyclic_0 
ERROR: [IP_Flow 19-98] Generation of the IP CORE failed.
ERROR: [BD 41-1030] Generation failed for the IP Integrator block cyclic_gen_0 
ERROR: [IP_Flow 19-98] Generation of the IP CORE failed.
ERROR: [BD 41-1030] Generation failed for the IP Integrator block cyclic_gen_1 
ERROR: [IP_Flow 19-98] Generation of the IP CORE failed.
ERROR: [BD 41-1030] Generation failed for the IP Integrator block rx_duplication_0 
ERROR: [IP_Flow 19-98] Generation of the IP CORE failed.
ERROR: [BD 41-1030] Generation failed for the IP Integrator block correlation_0 
ERROR: [IP_Flow 19-98] Generation of the IP CORE failed.
ERROR: [BD 41-1030] Generation failed for the IP Integrator block combine_rx_sym_0 
ERROR: [IP_Flow 19-98] Generation of the IP CORE failed.
ERROR: [BD 41-1030] Generation failed for the IP Integrator block sync_cyclic_0 
ERROR: [IP_Flow 19-98] Generation of the IP CORE failed.
ERROR: [BD 41-1030] Generation failed for the IP Integrator block cyclic_gen_0 
ERROR: [IP_Flow 19-98] Generation of the IP CORE failed.
ERROR: [BD 41-1030] Generation failed for the IP Integrator block cyclic_gen_1 
ERROR: [IP_Flow 19-98] Generation of the IP CORE failed.
ERROR: [BD 41-1030] Generation failed for the IP Integrator block rx_duplication_0 
ERROR: [IP_Flow 19-98] Generation of the IP CORE failed.
ERROR: [BD 41-1030] Generation failed for the IP Integrator block correlation_0 
ERROR: [IP_Flow 19-98] Generation of the IP CORE failed.
ERROR: [BD 41-1030] Generation failed for the IP Integrator block combine_rx_sym_0 
ERROR: [IP_Flow 19-98] Generation of the IP CORE failed.
ERROR: [BD 41-1030] Generation failed for the IP Integrator block sync_cyclic_0 
ERROR: [IP_Flow 19-98] Generation of the IP CORE failed.
ERROR: [BD 41-1030] Generation failed for the IP Integrator block cyclic_gen_0 
ERROR: [IP_Flow 19-98] Generation of the IP CORE failed.
ERROR: [BD 41-1030] Generation failed for the IP Integrator block cyclic_gen_1 
ERROR: [IP_Flow 19-98] Generation of the IP CORE failed.
ERROR: [BD 41-1030] Generation failed for the IP Integrator block rx_duplication_0 
ERROR: [IP_Flow 19-98] Generation of the IP CORE failed.
ERROR: [BD 41-1030] Generation failed for the IP Integrator block correlation_0 
ERROR: [IP_Flow 19-98] Generation of the IP CORE failed.
ERROR: [BD 41-1030] Generation failed for the IP Integrator block combine_rx_sym_0 
ERROR: [IP_Flow 19-98] Generation of the IP CORE failed.
ERROR: [BD 41-1030] Generation failed for the IP Integrator block sync_cyclic_0 
ERROR: [IP_Flow 19-98] Generation of the IP CORE failed.
ERROR: [BD 41-1030] Generation failed for the IP Integrator block cyclic_gen_0 
ERROR: [IP_Flow 19-98] Generation of the IP CORE failed.
ERROR: [BD 41-1030] Generation failed for the IP Integrator block cyclic_gen_1 
ERROR: [IP_Flow 19-98] Generation of the IP CORE failed.
ERROR: [BD 41-1030] Generation failed for the IP Integrator block rx_duplication_0 
ERROR: [IP_Flow 19-98] Generation of the IP CORE failed.
ERROR: [BD 41-1030] Generation failed for the IP Integrator block correlation_0 
ERROR: [IP_Flow 19-98] Generation of the IP CORE failed.
ERROR: [BD 41-1030] Generation failed for the IP Integrator block combine_rx_sym_0 
ERROR: [IP_Flow 19-98] Generation of the IP CORE failed.
INFO: [Common 17-14] Message 'IP_Flow 19-98' appears 100 times and further instances of the messages will be disabled. Use the Tcl command set_msg_config to change the current settings.
ERROR: [BD 41-1030] Generation failed for the IP Integrator block sync_cyclic_0 
INFO: [Common 17-14] Message 'BD 41-1030' appears 100 times and further instances of the messages will be disabled. Use the Tcl command set_msg_config to change the current settings.
ERROR: [Common 17-39] 'generate_target' failed due to earlier errors.
reset_target all [get_files  {{D:/FPGA/Vivaldo Project/PUCCH-FORMAT-0/pucch0/pucch0.srcs/sources_1/bd/pucch0/pucch0.bd}}]
export_ip_user_files -of_objects  [get_files  {{D:/FPGA/Vivaldo Project/PUCCH-FORMAT-0/pucch0/pucch0.srcs/sources_1/bd/pucch0/pucch0.bd}}] -sync -no_script -force -quiet
generate_target all [get_files  {{D:/FPGA/Vivaldo Project/PUCCH-FORMAT-0/pucch0/pucch0.srcs/sources_1/bd/pucch0/pucch0.bd}}]
INFO: [BD 41-1662] The design 'pucch0.bd' is already validated. Therefore parameter propagation will not be re-run.
CRITICAL WARNING: [BD 41-759] The input pins (listed below) are either not connected or do not have a source port, and they don't have a tie-off specified. These pins are tied-off to all 0's to avoid error in Implementation flow.
Please check your design and connect them as needed: 
/combine_rx_sym_0/in_sqrt
/correlation_0/resourcesetresourceset

Wrote  : <D:\FPGA\Vivaldo Project\PUCCH-FORMAT-0\pucch0\pucch0.srcs\sources_1\bd\pucch0\pucch0.bd> 
CRITICAL WARNING: [BD 41-1228] Width mismatch when connecting input pin '/demapping_0/uci_slot'(5) to net 'slot_ind_1'(8) - Only lower order bits will be connected, and other input bits of this pin will be left unconnected.
CRITICAL WARNING: [BD 41-1228] Width mismatch when connecting input pin '/cyclic_gen_0/uci_slot'(5) to net 'slot_ind_1'(8) - Only lower order bits will be connected, and other input bits of this pin will be left unconnected.
CRITICAL WARNING: [BD 41-1228] Width mismatch when connecting input pin '/cyclic_gen_1/uci_slot'(5) to net 'slot_ind_1'(8) - Only lower order bits will be connected, and other input bits of this pin will be left unconnected.
CRITICAL WARNING: [BD 41-1228] Width mismatch when connecting input pin '/demapping_0/uci_first_symbol_idx'(4) to net 'layer2_parameter_0_uci_frist_symbol'(8) - Only lower order bits will be connected, and other input bits of this pin will be left unconnected.
CRITICAL WARNING: [BD 41-1228] Width mismatch when connecting input pin '/cyclic_gen_0/uci_first_symbol'(4) to net 'layer2_parameter_0_uci_frist_symbol'(8) - Only lower order bits will be connected, and other input bits of this pin will be left unconnected.
CRITICAL WARNING: [BD 41-1228] Width mismatch when connecting input pin '/cyclic_gen_1/uci_first_symbol'(4) to net 'layer2_parameter_0_uci_frist_symbol'(8) - Only lower order bits will be connected, and other input bits of this pin will be left unconnected.
CRITICAL WARNING: [BD 41-1228] Width mismatch when connecting input pin '/demapping_0/uci_nsymbols'(2) to net 'layer2_parameter_0_uci_symbol'(8) - Only lower order bits will be connected, and other input bits of this pin will be left unconnected.
CRITICAL WARNING: [BD 41-1228] Width mismatch when connecting input pin '/demapping_0/uci_prbsoffset'(2) to net 'layer2_parameter_0_uci_pbr_offset'(16) - Only lower order bits will be connected, and other input bits of this pin will be left unconnected.
CRITICAL WARNING: [BD 41-1228] Width mismatch when connecting input pin '/demapping_0/uci_secondhop_prb'(10) to net 'layer2_parameter_0_uci_second_prb'(16) - Only lower order bits will be connected, and other input bits of this pin will be left unconnected.
CRITICAL WARNING: [BD 41-1228] Width mismatch when connecting input pin '/cyclic_gen_0/uci_nID'(11) to net 'layer2_parameter_0_uci_nid'(16) - Only lower order bits will be connected, and other input bits of this pin will be left unconnected.
CRITICAL WARNING: [BD 41-1228] Width mismatch when connecting input pin '/cyclic_gen_1/uci_nID'(11) to net 'layer2_parameter_0_uci_nid'(16) - Only lower order bits will be connected, and other input bits of this pin will be left unconnected.
CRITICAL WARNING: [BD 41-1228] Width mismatch when connecting input pin '/cyclic_gen_0/uci_m0'(4) to net 'layer2_parameter_0_uci_m0'(16) - Only lower order bits will be connected, and other input bits of this pin will be left unconnected.
CRITICAL WARNING: [BD 41-1228] Width mismatch when connecting input pin '/cyclic_gen_1/uci_m0'(4) to net 'layer2_parameter_0_uci_m0'(16) - Only lower order bits will be connected, and other input bits of this pin will be left unconnected.
CRITICAL WARNING: [BD 41-1228] Width mismatch when connecting input pin '/peak_search_0/uci_ack'(2) to net 'layer2_parameter_0_uci_ack'(16) - Only lower order bits will be connected, and other input bits of this pin will be left unconnected.
CRITICAL WARNING: [BD 41-1228] Width mismatch when connecting input pin '/cyclic_gen_0/uci_ack'(2) to net 'layer2_parameter_0_uci_ack'(16) - Only lower order bits will be connected, and other input bits of this pin will be left unconnected.
CRITICAL WARNING: [BD 41-1228] Width mismatch when connecting input pin '/cyclic_gen_1/uci_ack'(2) to net 'layer2_parameter_0_uci_ack'(16) - Only lower order bits will be connected, and other input bits of this pin will be left unconnected.
CRITICAL WARNING: [BD 41-1228] Width mismatch when connecting input pin '/cyclic_gen_0/uci_grouphopping'(2) to net 'group_hopping_1'(8) - Only lower order bits will be connected, and other input bits of this pin will be left unconnected.
CRITICAL WARNING: [BD 41-1228] Width mismatch when connecting input pin '/cyclic_gen_1/uci_grouphopping'(2) to net 'group_hopping_1'(8) - Only lower order bits will be connected, and other input bits of this pin will be left unconnected.
CRITICAL WARNING: [BD 41-1228] Width mismatch when connecting input pin '/ofdm_demodulation_v2_0/scale_factor'(4) to net 'xlconstant_2_dout'(3) - Only lower order bits will be connected, and other input bits of this pin will be left unconnected.
CRITICAL WARNING: [BD 41-1228] Width mismatch when connecting input pin '/ofdm_demodulation_v2_0/ant_input'(32) to net 'xlslice_0_Dout'(16) - Only lower order bits will be connected, and other input bits of this pin will be left unconnected.
VHDL Output written to : D:/FPGA/Vivaldo Project/PUCCH-FORMAT-0/pucch0/pucch0.srcs/sources_1/bd/pucch0/synth/pucch0.v
CRITICAL WARNING: [BD 41-1228] Width mismatch when connecting input pin '/demapping_0/uci_slot'(5) to net 'slot_ind_1'(8) - Only lower order bits will be connected, and other input bits of this pin will be left unconnected.
CRITICAL WARNING: [BD 41-1228] Width mismatch when connecting input pin '/cyclic_gen_0/uci_slot'(5) to net 'slot_ind_1'(8) - Only lower order bits will be connected, and other input bits of this pin will be left unconnected.
CRITICAL WARNING: [BD 41-1228] Width mismatch when connecting input pin '/cyclic_gen_1/uci_slot'(5) to net 'slot_ind_1'(8) - Only lower order bits will be connected, and other input bits of this pin will be left unconnected.
CRITICAL WARNING: [BD 41-1228] Width mismatch when connecting input pin '/demapping_0/uci_first_symbol_idx'(4) to net 'layer2_parameter_0_uci_frist_symbol'(8) - Only lower order bits will be connected, and other input bits of this pin will be left unconnected.
CRITICAL WARNING: [BD 41-1228] Width mismatch when connecting input pin '/cyclic_gen_0/uci_first_symbol'(4) to net 'layer2_parameter_0_uci_frist_symbol'(8) - Only lower order bits will be connected, and other input bits of this pin will be left unconnected.
CRITICAL WARNING: [BD 41-1228] Width mismatch when connecting input pin '/cyclic_gen_1/uci_first_symbol'(4) to net 'layer2_parameter_0_uci_frist_symbol'(8) - Only lower order bits will be connected, and other input bits of this pin will be left unconnected.
CRITICAL WARNING: [BD 41-1228] Width mismatch when connecting input pin '/demapping_0/uci_nsymbols'(2) to net 'layer2_parameter_0_uci_symbol'(8) - Only lower order bits will be connected, and other input bits of this pin will be left unconnected.
CRITICAL WARNING: [BD 41-1228] Width mismatch when connecting input pin '/demapping_0/uci_prbsoffset'(2) to net 'layer2_parameter_0_uci_pbr_offset'(16) - Only lower order bits will be connected, and other input bits of this pin will be left unconnected.
CRITICAL WARNING: [BD 41-1228] Width mismatch when connecting input pin '/demapping_0/uci_secondhop_prb'(10) to net 'layer2_parameter_0_uci_second_prb'(16) - Only lower order bits will be connected, and other input bits of this pin will be left unconnected.
CRITICAL WARNING: [BD 41-1228] Width mismatch when connecting input pin '/cyclic_gen_0/uci_nID'(11) to net 'layer2_parameter_0_uci_nid'(16) - Only lower order bits will be connected, and other input bits of this pin will be left unconnected.
CRITICAL WARNING: [BD 41-1228] Width mismatch when connecting input pin '/cyclic_gen_1/uci_nID'(11) to net 'layer2_parameter_0_uci_nid'(16) - Only lower order bits will be connected, and other input bits of this pin will be left unconnected.
CRITICAL WARNING: [BD 41-1228] Width mismatch when connecting input pin '/cyclic_gen_0/uci_m0'(4) to net 'layer2_parameter_0_uci_m0'(16) - Only lower order bits will be connected, and other input bits of this pin will be left unconnected.
CRITICAL WARNING: [BD 41-1228] Width mismatch when connecting input pin '/cyclic_gen_1/uci_m0'(4) to net 'layer2_parameter_0_uci_m0'(16) - Only lower order bits will be connected, and other input bits of this pin will be left unconnected.
CRITICAL WARNING: [BD 41-1228] Width mismatch when connecting input pin '/peak_search_0/uci_ack'(2) to net 'layer2_parameter_0_uci_ack'(16) - Only lower order bits will be connected, and other input bits of this pin will be left unconnected.
CRITICAL WARNING: [BD 41-1228] Width mismatch when connecting input pin '/cyclic_gen_0/uci_ack'(2) to net 'layer2_parameter_0_uci_ack'(16) - Only lower order bits will be connected, and other input bits of this pin will be left unconnected.
CRITICAL WARNING: [BD 41-1228] Width mismatch when connecting input pin '/cyclic_gen_1/uci_ack'(2) to net 'layer2_parameter_0_uci_ack'(16) - Only lower order bits will be connected, and other input bits of this pin will be left unconnected.
CRITICAL WARNING: [BD 41-1228] Width mismatch when connecting input pin '/cyclic_gen_0/uci_grouphopping'(2) to net 'group_hopping_1'(8) - Only lower order bits will be connected, and other input bits of this pin will be left unconnected.
CRITICAL WARNING: [BD 41-1228] Width mismatch when connecting input pin '/cyclic_gen_1/uci_grouphopping'(2) to net 'group_hopping_1'(8) - Only lower order bits will be connected, and other input bits of this pin will be left unconnected.
CRITICAL WARNING: [BD 41-1228] Width mismatch when connecting input pin '/ofdm_demodulation_v2_0/scale_factor'(4) to net 'xlconstant_2_dout'(3) - Only lower order bits will be connected, and other input bits of this pin will be left unconnected.
CRITICAL WARNING: [BD 41-1228] Width mismatch when connecting input pin '/ofdm_demodulation_v2_0/ant_input'(32) to net 'xlslice_0_Dout'(16) - Only lower order bits will be connected, and other input bits of this pin will be left unconnected.
VHDL Output written to : D:/FPGA/Vivaldo Project/PUCCH-FORMAT-0/pucch0/pucch0.srcs/sources_1/bd/pucch0/sim/pucch0.v
VHDL Output written to : D:/FPGA/Vivaldo Project/PUCCH-FORMAT-0/pucch0/pucch0.srcs/sources_1/bd/pucch0/hdl/pucch0_wrapper.v
INFO: [BD 41-1029] Generation completed for the IP Integrator block physical_control_0 .
INFO: [BD 41-1029] Generation completed for the IP Integrator block demapping_0 .
CRITICAL WARNING: [IP_Flow 19-193] Failed to save BOM file 'd:/FPGA/Vivaldo Project/PUCCH-FORMAT-0/pucch0/pucch0.srcs/sources_1/bd/pucch0/ip/pucch0_rx_duplication_0_0/rx_duplication.srcs/sources_1/ip/rx_dup_mem_1/rx_dup_mem_1.xml'.
CRITICAL WARNING: [IP_Flow 19-194] Failed to save IP instance 'rx_dup_mem_1'.
CRITICAL WARNING: [IP_Flow 19-193] Failed to save BOM file 'd:/FPGA/Vivaldo Project/PUCCH-FORMAT-0/pucch0/pucch0.srcs/sources_1/bd/pucch0/ip/pucch0_rx_duplication_0_0/rx_duplication.srcs/sources_1/ip/rx_dup_mem_1/rx_dup_mem_1.xml'.
CRITICAL WARNING: [IP_Flow 19-194] Failed to save IP instance 'rx_dup_mem_1'.
ERROR: [IP_Flow 19-98] Generation of the IP CORE failed.
ERROR: [BD 41-1030] Generation failed for the IP Integrator block rx_duplication_0 
CRITICAL WARNING: [IP_Flow 19-193] Failed to save BOM file 'd:/FPGA/Vivaldo Project/PUCCH-FORMAT-0/pucch0/pucch0.srcs/sources_1/bd/pucch0/ip/pucch0_correlation_0_0/correlation.srcs/sources_1/ip/correlation_cordic_0/correlation_cordic_0.xml'.
CRITICAL WARNING: [IP_Flow 19-194] Failed to save IP instance 'correlation_cordic_0'.
CRITICAL WARNING: [IP_Flow 19-193] Failed to save BOM file 'd:/FPGA/Vivaldo Project/PUCCH-FORMAT-0/pucch0/pucch0.srcs/sources_1/bd/pucch0/ip/pucch0_correlation_0_0/correlation.srcs/sources_1/ip/correlation_cordic_0/correlation_cordic_0.xml'.
CRITICAL WARNING: [IP_Flow 19-194] Failed to save IP instance 'correlation_cordic_0'.
ERROR: [IP_Flow 19-98] Generation of the IP CORE failed.
ERROR: [BD 41-1030] Generation failed for the IP Integrator block correlation_0 
CRITICAL WARNING: [IP_Flow 19-193] Failed to save BOM file 'd:/FPGA/Vivaldo Project/PUCCH-FORMAT-0/pucch0/pucch0.srcs/sources_1/bd/pucch0/ip/pucch0_combine_rx_sym_0_0/combine_rx_sym.srcs/sources_1/ip/combine_fifo_generator_0/combine_fifo_generator_0.xml'.
CRITICAL WARNING: [IP_Flow 19-194] Failed to save IP instance 'combine_fifo_generator_0'.
CRITICAL WARNING: [IP_Flow 19-193] Failed to save BOM file 'd:/FPGA/Vivaldo Project/PUCCH-FORMAT-0/pucch0/pucch0.srcs/sources_1/bd/pucch0/ip/pucch0_combine_rx_sym_0_0/combine_rx_sym.srcs/sources_1/ip/combine_fifo_generator_0/combine_fifo_generator_0.xml'.
CRITICAL WARNING: [IP_Flow 19-194] Failed to save IP instance 'combine_fifo_generator_0'.
ERROR: [IP_Flow 19-98] Generation of the IP CORE failed.
ERROR: [BD 41-1030] Generation failed for the IP Integrator block combine_rx_sym_0 
INFO: [BD 41-1029] Generation completed for the IP Integrator block peak_search_0 .
INFO: [BD 41-1029] Generation completed for the IP Integrator block frame_sync_0 .
INFO: [BD 41-1029] Generation completed for the IP Integrator block layer2_parameter_0 .
INFO: [BD 41-1029] Generation completed for the IP Integrator block xlconstant_0 .
INFO: [BD 41-1029] Generation completed for the IP Integrator block xlconstant_1 .
INFO: [IP_Flow 19-3420] Updated cycliic_fifo_0 to use current project options
INFO: [BD 41-1029] Generation completed for the IP Integrator block sync_cyclic_0 .
INFO: [BD 41-1029] Generation completed for the IP Integrator block frame_sync_1 .
INFO: [BD 41-1029] Generation completed for the IP Integrator block xlconcat_0 .
CRITICAL WARNING: [IP_Flow 19-193] Failed to save BOM file 'd:/FPGA/Vivaldo Project/PUCCH-FORMAT-0/pucch0/pucch0.srcs/sources_1/bd/pucch0/ip/pucch0_ofdm_demodulation_v2_0_0/ofdm_demodulation.srcs/sources_1/ip/xfft_0/xfft_0.xml'.
CRITICAL WARNING: [IP_Flow 19-194] Failed to save IP instance 'xfft_0'.
CRITICAL WARNING: [IP_Flow 19-193] Failed to save BOM file 'd:/FPGA/Vivaldo Project/PUCCH-FORMAT-0/pucch0/pucch0.srcs/sources_1/bd/pucch0/ip/pucch0_ofdm_demodulation_v2_0_0/ofdm_demodulation.srcs/sources_1/ip/xfft_0/xfft_0.xml'.
CRITICAL WARNING: [IP_Flow 19-194] Failed to save IP instance 'xfft_0'.
ERROR: [IP_Flow 19-98] Generation of the IP CORE failed.
ERROR: [BD 41-1030] Generation failed for the IP Integrator block ofdm_demodulation_v2_0 
INFO: [BD 41-1029] Generation completed for the IP Integrator block xlconstant_2 .
INFO: [BD 41-1029] Generation completed for the IP Integrator block xlslice_0 .
CRITICAL WARNING: [IP_Flow 19-193] Failed to save BOM file 'd:/FPGA/Vivaldo Project/PUCCH-FORMAT-0/pucch0/pucch0.srcs/sources_1/bd/pucch0/ip/pucch0_cyclic_gen_0_0/cyclic_shift.srcs/sources_1/ip/cyclic_cmpy_0/cyclic_cmpy_0.xml'.
CRITICAL WARNING: [IP_Flow 19-194] Failed to save IP instance 'cyclic_cmpy_0'.
CRITICAL WARNING: [IP_Flow 19-193] Failed to save BOM file 'd:/FPGA/Vivaldo Project/PUCCH-FORMAT-0/pucch0/pucch0.srcs/sources_1/bd/pucch0/ip/pucch0_cyclic_gen_0_0/cyclic_shift.srcs/sources_1/ip/cyclic_cmpy_0/cyclic_cmpy_0.xml'.
CRITICAL WARNING: [IP_Flow 19-194] Failed to save IP instance 'cyclic_cmpy_0'.
ERROR: [IP_Flow 19-98] Generation of the IP CORE failed.
ERROR: [BD 41-1030] Generation failed for the IP Integrator block cyclic_gen_0 
CRITICAL WARNING: [IP_Flow 19-193] Failed to save BOM file 'd:/FPGA/Vivaldo Project/PUCCH-FORMAT-0/pucch0/pucch0.srcs/sources_1/bd/pucch0/ip/pucch0_cyclic_gen_0_1/cyclic_shift.srcs/sources_1/ip/cyclic_fifo_generator_0/cyclic_fifo_generator_0.xml'.
CRITICAL WARNING: [IP_Flow 19-194] Failed to save IP instance 'cyclic_fifo_generator_0'.
CRITICAL WARNING: [IP_Flow 19-193] Failed to save BOM file 'd:/FPGA/Vivaldo Project/PUCCH-FORMAT-0/pucch0/pucch0.srcs/sources_1/bd/pucch0/ip/pucch0_cyclic_gen_0_1/cyclic_shift.srcs/sources_1/ip/cyclic_fifo_generator_0/cyclic_fifo_generator_0.xml'.
CRITICAL WARNING: [IP_Flow 19-194] Failed to save IP instance 'cyclic_fifo_generator_0'.
ERROR: [IP_Flow 19-98] Generation of the IP CORE failed.
ERROR: [BD 41-1030] Generation failed for the IP Integrator block cyclic_gen_1 
Exporting to file D:/FPGA/Vivaldo Project/PUCCH-FORMAT-0/pucch0/pucch0.srcs/sources_1/bd/pucch0/hw_handoff/pucch0.hwh
CRITICAL WARNING: [BD 41-1938] The current design is out-of-date/locked, so it is best to update before calling write_bd_tcl, however, a Tcl script is still generated for the current design.
Generated Block Design Tcl file D:/FPGA/Vivaldo Project/PUCCH-FORMAT-0/pucch0/pucch0.srcs/sources_1/bd/pucch0/hw_handoff/pucch0_bd.tcl
Generated Hardware Definition File D:/FPGA/Vivaldo Project/PUCCH-FORMAT-0/pucch0/pucch0.srcs/sources_1/bd/pucch0/synth/pucch0.hwdef
generate_target: Time (s): cpu = 00:00:10 ; elapsed = 00:00:12 . Memory (MB): peak = 2650.746 ; gain = 0.000
ERROR: [Common 17-39] 'generate_target' failed due to earlier errors.
report_ip_status -name ip_status 
upgrade_ip -vlnv xilinx.com:user:ofdm_demodulation_v2:2 [get_ips  pucch0_ofdm_demodulation_v2_0_0] -log ip_upgrade.log
Upgrading 'D:/FPGA/Vivaldo Project/PUCCH-FORMAT-0/pucch0/pucch0.srcs/sources_1/bd/pucch0/pucch0.bd'
INFO: [IP_Flow 19-1972] Upgraded pucch0_ofdm_demodulation_v2_0_0 from ofdm_demodulation_v2 2 to ofdm_demodulation_v2 2
WARNING: [BD 41-1731] Type mismatch between connected pins: /clk(clk) and /ofdm_demodulation_v2_0_upgraded_ipi/clk(undef)
WARNING: [BD 41-1731] Type mismatch between connected pins: /rst(rst) and /ofdm_demodulation_v2_0_upgraded_ipi/rst(undef)
CRITICAL WARNING: [IP_Flow 19-193] Failed to save BOM file 'd:/FPGA/Vivaldo Project/PUCCH-FORMAT-0/pucch0/pucch0.srcs/sources_1/bd/pucch0/ip/pucch0_combine_rx_sym_0_0/combine_rx_sym.srcs/sources_1/ip/combine_fifo_generator_0/combine_fifo_generator_0.xml'.
CRITICAL WARNING: [IP_Flow 19-194] Failed to save IP instance 'combine_fifo_generator_0'.
CRITICAL WARNING: [IP_Flow 19-193] Failed to save BOM file 'd:/FPGA/Vivaldo Project/PUCCH-FORMAT-0/pucch0/pucch0.srcs/sources_1/bd/pucch0/ip/pucch0_rx_duplication_0_0/rx_duplication.srcs/sources_1/ip/rx_dup_mem_1/rx_dup_mem_1.xml'.
CRITICAL WARNING: [IP_Flow 19-194] Failed to save IP instance 'rx_dup_mem_1'.
CRITICAL WARNING: [IP_Flow 19-193] Failed to save BOM file 'd:/FPGA/Vivaldo Project/PUCCH-FORMAT-0/pucch0/pucch0.srcs/sources_1/bd/pucch0/ip/pucch0_cyclic_gen_0_0/cyclic_shift.srcs/sources_1/ip/cyclic_cmpy_0/cyclic_cmpy_0.xml'.
CRITICAL WARNING: [IP_Flow 19-194] Failed to save IP instance 'cyclic_cmpy_0'.
CRITICAL WARNING: [IP_Flow 19-193] Failed to save BOM file 'd:/FPGA/Vivaldo Project/PUCCH-FORMAT-0/pucch0/pucch0.srcs/sources_1/bd/pucch0/ip/pucch0_correlation_0_0/correlation.srcs/sources_1/ip/correlation_cordic_0/correlation_cordic_0.xml'.
CRITICAL WARNING: [IP_Flow 19-194] Failed to save IP instance 'correlation_cordic_0'.
CRITICAL WARNING: [IP_Flow 19-193] Failed to save BOM file 'd:/FPGA/Vivaldo Project/PUCCH-FORMAT-0/pucch0/pucch0.srcs/sources_1/bd/pucch0/ip/pucch0_cyclic_gen_0_1/cyclic_shift.srcs/sources_1/ip/cyclic_fifo_generator_0/cyclic_fifo_generator_0.xml'.
CRITICAL WARNING: [IP_Flow 19-194] Failed to save IP instance 'cyclic_fifo_generator_0'.
Wrote  : <D:\FPGA\Vivaldo Project\PUCCH-FORMAT-0\pucch0\pucch0.srcs\sources_1\bd\pucch0\pucch0.bd> 
INFO: [Coretcl 2-1525] Wrote upgrade log to 'D:/FPGA/Vivaldo Project/PUCCH-FORMAT-0/pucch0/ip_upgrade.log'.
export_ip_user_files -of_objects [get_ips pucch0_ofdm_demodulation_v2_0_0] -no_script -sync -force -quiet
generate_target all [get_files  {{D:/FPGA/Vivaldo Project/PUCCH-FORMAT-0/pucch0/pucch0.srcs/sources_1/bd/pucch0/pucch0.bd}}]
CRITICAL WARNING: [BD 41-759] The input pins (listed below) are either not connected or do not have a source port, and they don't have a tie-off specified. These pins are tied-off to all 0's to avoid error in Implementation flow.
Please check your design and connect them as needed: 
/combine_rx_sym_0/in_sqrt
/correlation_0/resourcesetresourceset

CRITICAL WARNING: [IP_Flow 19-193] Failed to save BOM file 'd:/FPGA/Vivaldo Project/PUCCH-FORMAT-0/pucch0/pucch0.srcs/sources_1/bd/pucch0/ip/pucch0_combine_rx_sym_0_0/combine_rx_sym.srcs/sources_1/ip/combine_fifo_generator_0/combine_fifo_generator_0.xml'.
CRITICAL WARNING: [IP_Flow 19-194] Failed to save IP instance 'combine_fifo_generator_0'.
CRITICAL WARNING: [IP_Flow 19-193] Failed to save BOM file 'd:/FPGA/Vivaldo Project/PUCCH-FORMAT-0/pucch0/pucch0.srcs/sources_1/bd/pucch0/ip/pucch0_rx_duplication_0_0/rx_duplication.srcs/sources_1/ip/rx_dup_mem_1/rx_dup_mem_1.xml'.
CRITICAL WARNING: [IP_Flow 19-194] Failed to save IP instance 'rx_dup_mem_1'.
CRITICAL WARNING: [IP_Flow 19-193] Failed to save BOM file 'd:/FPGA/Vivaldo Project/PUCCH-FORMAT-0/pucch0/pucch0.srcs/sources_1/bd/pucch0/ip/pucch0_cyclic_gen_0_0/cyclic_shift.srcs/sources_1/ip/cyclic_cmpy_0/cyclic_cmpy_0.xml'.
CRITICAL WARNING: [IP_Flow 19-194] Failed to save IP instance 'cyclic_cmpy_0'.
CRITICAL WARNING: [IP_Flow 19-193] Failed to save BOM file 'd:/FPGA/Vivaldo Project/PUCCH-FORMAT-0/pucch0/pucch0.srcs/sources_1/bd/pucch0/ip/pucch0_correlation_0_0/correlation.srcs/sources_1/ip/correlation_cordic_0/correlation_cordic_0.xml'.
CRITICAL WARNING: [IP_Flow 19-194] Failed to save IP instance 'correlation_cordic_0'.
CRITICAL WARNING: [IP_Flow 19-193] Failed to save BOM file 'd:/FPGA/Vivaldo Project/PUCCH-FORMAT-0/pucch0/pucch0.srcs/sources_1/bd/pucch0/ip/pucch0_cyclic_gen_0_1/cyclic_shift.srcs/sources_1/ip/cyclic_fifo_generator_0/cyclic_fifo_generator_0.xml'.
CRITICAL WARNING: [IP_Flow 19-194] Failed to save IP instance 'cyclic_fifo_generator_0'.
Wrote  : <D:\FPGA\Vivaldo Project\PUCCH-FORMAT-0\pucch0\pucch0.srcs\sources_1\bd\pucch0\pucch0.bd> 
CRITICAL WARNING: [BD 41-1228] Width mismatch when connecting input pin '/demapping_0/uci_slot'(5) to net 'slot_ind_1'(8) - Only lower order bits will be connected, and other input bits of this pin will be left unconnected.
CRITICAL WARNING: [BD 41-1228] Width mismatch when connecting input pin '/cyclic_gen_0/uci_slot'(5) to net 'slot_ind_1'(8) - Only lower order bits will be connected, and other input bits of this pin will be left unconnected.
CRITICAL WARNING: [BD 41-1228] Width mismatch when connecting input pin '/cyclic_gen_1/uci_slot'(5) to net 'slot_ind_1'(8) - Only lower order bits will be connected, and other input bits of this pin will be left unconnected.
CRITICAL WARNING: [BD 41-1228] Width mismatch when connecting input pin '/demapping_0/uci_first_symbol_idx'(4) to net 'layer2_parameter_0_uci_frist_symbol'(8) - Only lower order bits will be connected, and other input bits of this pin will be left unconnected.
CRITICAL WARNING: [BD 41-1228] Width mismatch when connecting input pin '/cyclic_gen_0/uci_first_symbol'(4) to net 'layer2_parameter_0_uci_frist_symbol'(8) - Only lower order bits will be connected, and other input bits of this pin will be left unconnected.
CRITICAL WARNING: [BD 41-1228] Width mismatch when connecting input pin '/cyclic_gen_1/uci_first_symbol'(4) to net 'layer2_parameter_0_uci_frist_symbol'(8) - Only lower order bits will be connected, and other input bits of this pin will be left unconnected.
CRITICAL WARNING: [BD 41-1228] Width mismatch when connecting input pin '/demapping_0/uci_nsymbols'(2) to net 'layer2_parameter_0_uci_symbol'(8) - Only lower order bits will be connected, and other input bits of this pin will be left unconnected.
CRITICAL WARNING: [BD 41-1228] Width mismatch when connecting input pin '/demapping_0/uci_prbsoffset'(2) to net 'layer2_parameter_0_uci_pbr_offset'(16) - Only lower order bits will be connected, and other input bits of this pin will be left unconnected.
CRITICAL WARNING: [BD 41-1228] Width mismatch when connecting input pin '/demapping_0/uci_secondhop_prb'(10) to net 'layer2_parameter_0_uci_second_prb'(16) - Only lower order bits will be connected, and other input bits of this pin will be left unconnected.
CRITICAL WARNING: [BD 41-1228] Width mismatch when connecting input pin '/cyclic_gen_0/uci_nID'(11) to net 'layer2_parameter_0_uci_nid'(16) - Only lower order bits will be connected, and other input bits of this pin will be left unconnected.
CRITICAL WARNING: [BD 41-1228] Width mismatch when connecting input pin '/cyclic_gen_1/uci_nID'(11) to net 'layer2_parameter_0_uci_nid'(16) - Only lower order bits will be connected, and other input bits of this pin will be left unconnected.
CRITICAL WARNING: [BD 41-1228] Width mismatch when connecting input pin '/cyclic_gen_0/uci_m0'(4) to net 'layer2_parameter_0_uci_m0'(16) - Only lower order bits will be connected, and other input bits of this pin will be left unconnected.
CRITICAL WARNING: [BD 41-1228] Width mismatch when connecting input pin '/cyclic_gen_1/uci_m0'(4) to net 'layer2_parameter_0_uci_m0'(16) - Only lower order bits will be connected, and other input bits of this pin will be left unconnected.
CRITICAL WARNING: [BD 41-1228] Width mismatch when connecting input pin '/peak_search_0/uci_ack'(2) to net 'layer2_parameter_0_uci_ack'(16) - Only lower order bits will be connected, and other input bits of this pin will be left unconnected.
CRITICAL WARNING: [BD 41-1228] Width mismatch when connecting input pin '/cyclic_gen_0/uci_ack'(2) to net 'layer2_parameter_0_uci_ack'(16) - Only lower order bits will be connected, and other input bits of this pin will be left unconnected.
CRITICAL WARNING: [BD 41-1228] Width mismatch when connecting input pin '/cyclic_gen_1/uci_ack'(2) to net 'layer2_parameter_0_uci_ack'(16) - Only lower order bits will be connected, and other input bits of this pin will be left unconnected.
CRITICAL WARNING: [BD 41-1228] Width mismatch when connecting input pin '/cyclic_gen_0/uci_grouphopping'(2) to net 'group_hopping_1'(8) - Only lower order bits will be connected, and other input bits of this pin will be left unconnected.
CRITICAL WARNING: [BD 41-1228] Width mismatch when connecting input pin '/cyclic_gen_1/uci_grouphopping'(2) to net 'group_hopping_1'(8) - Only lower order bits will be connected, and other input bits of this pin will be left unconnected.
CRITICAL WARNING: [BD 41-1228] Width mismatch when connecting input pin '/ofdm_demodulation_v2_0/scale_factor'(4) to net 'xlconstant_2_dout'(3) - Only lower order bits will be connected, and other input bits of this pin will be left unconnected.
CRITICAL WARNING: [BD 41-1228] Width mismatch when connecting input pin '/ofdm_demodulation_v2_0/ant_input'(32) to net 'xlslice_0_Dout'(16) - Only lower order bits will be connected, and other input bits of this pin will be left unconnected.
VHDL Output written to : D:/FPGA/Vivaldo Project/PUCCH-FORMAT-0/pucch0/pucch0.srcs/sources_1/bd/pucch0/synth/pucch0.v
CRITICAL WARNING: [BD 41-1228] Width mismatch when connecting input pin '/demapping_0/uci_slot'(5) to net 'slot_ind_1'(8) - Only lower order bits will be connected, and other input bits of this pin will be left unconnected.
CRITICAL WARNING: [BD 41-1228] Width mismatch when connecting input pin '/cyclic_gen_0/uci_slot'(5) to net 'slot_ind_1'(8) - Only lower order bits will be connected, and other input bits of this pin will be left unconnected.
CRITICAL WARNING: [BD 41-1228] Width mismatch when connecting input pin '/cyclic_gen_1/uci_slot'(5) to net 'slot_ind_1'(8) - Only lower order bits will be connected, and other input bits of this pin will be left unconnected.
CRITICAL WARNING: [BD 41-1228] Width mismatch when connecting input pin '/demapping_0/uci_first_symbol_idx'(4) to net 'layer2_parameter_0_uci_frist_symbol'(8) - Only lower order bits will be connected, and other input bits of this pin will be left unconnected.
CRITICAL WARNING: [BD 41-1228] Width mismatch when connecting input pin '/cyclic_gen_0/uci_first_symbol'(4) to net 'layer2_parameter_0_uci_frist_symbol'(8) - Only lower order bits will be connected, and other input bits of this pin will be left unconnected.
CRITICAL WARNING: [BD 41-1228] Width mismatch when connecting input pin '/cyclic_gen_1/uci_first_symbol'(4) to net 'layer2_parameter_0_uci_frist_symbol'(8) - Only lower order bits will be connected, and other input bits of this pin will be left unconnected.
CRITICAL WARNING: [BD 41-1228] Width mismatch when connecting input pin '/demapping_0/uci_nsymbols'(2) to net 'layer2_parameter_0_uci_symbol'(8) - Only lower order bits will be connected, and other input bits of this pin will be left unconnected.
CRITICAL WARNING: [BD 41-1228] Width mismatch when connecting input pin '/demapping_0/uci_prbsoffset'(2) to net 'layer2_parameter_0_uci_pbr_offset'(16) - Only lower order bits will be connected, and other input bits of this pin will be left unconnected.
CRITICAL WARNING: [BD 41-1228] Width mismatch when connecting input pin '/demapping_0/uci_secondhop_prb'(10) to net 'layer2_parameter_0_uci_second_prb'(16) - Only lower order bits will be connected, and other input bits of this pin will be left unconnected.
CRITICAL WARNING: [BD 41-1228] Width mismatch when connecting input pin '/cyclic_gen_0/uci_nID'(11) to net 'layer2_parameter_0_uci_nid'(16) - Only lower order bits will be connected, and other input bits of this pin will be left unconnected.
CRITICAL WARNING: [BD 41-1228] Width mismatch when connecting input pin '/cyclic_gen_1/uci_nID'(11) to net 'layer2_parameter_0_uci_nid'(16) - Only lower order bits will be connected, and other input bits of this pin will be left unconnected.
CRITICAL WARNING: [BD 41-1228] Width mismatch when connecting input pin '/cyclic_gen_0/uci_m0'(4) to net 'layer2_parameter_0_uci_m0'(16) - Only lower order bits will be connected, and other input bits of this pin will be left unconnected.
CRITICAL WARNING: [BD 41-1228] Width mismatch when connecting input pin '/cyclic_gen_1/uci_m0'(4) to net 'layer2_parameter_0_uci_m0'(16) - Only lower order bits will be connected, and other input bits of this pin will be left unconnected.
CRITICAL WARNING: [BD 41-1228] Width mismatch when connecting input pin '/peak_search_0/uci_ack'(2) to net 'layer2_parameter_0_uci_ack'(16) - Only lower order bits will be connected, and other input bits of this pin will be left unconnected.
CRITICAL WARNING: [BD 41-1228] Width mismatch when connecting input pin '/cyclic_gen_0/uci_ack'(2) to net 'layer2_parameter_0_uci_ack'(16) - Only lower order bits will be connected, and other input bits of this pin will be left unconnected.
CRITICAL WARNING: [BD 41-1228] Width mismatch when connecting input pin '/cyclic_gen_1/uci_ack'(2) to net 'layer2_parameter_0_uci_ack'(16) - Only lower order bits will be connected, and other input bits of this pin will be left unconnected.
CRITICAL WARNING: [BD 41-1228] Width mismatch when connecting input pin '/cyclic_gen_0/uci_grouphopping'(2) to net 'group_hopping_1'(8) - Only lower order bits will be connected, and other input bits of this pin will be left unconnected.
CRITICAL WARNING: [BD 41-1228] Width mismatch when connecting input pin '/cyclic_gen_1/uci_grouphopping'(2) to net 'group_hopping_1'(8) - Only lower order bits will be connected, and other input bits of this pin will be left unconnected.
CRITICAL WARNING: [BD 41-1228] Width mismatch when connecting input pin '/ofdm_demodulation_v2_0/scale_factor'(4) to net 'xlconstant_2_dout'(3) - Only lower order bits will be connected, and other input bits of this pin will be left unconnected.
CRITICAL WARNING: [BD 41-1228] Width mismatch when connecting input pin '/ofdm_demodulation_v2_0/ant_input'(32) to net 'xlslice_0_Dout'(16) - Only lower order bits will be connected, and other input bits of this pin will be left unconnected.
VHDL Output written to : D:/FPGA/Vivaldo Project/PUCCH-FORMAT-0/pucch0/pucch0.srcs/sources_1/bd/pucch0/sim/pucch0.v
VHDL Output written to : D:/FPGA/Vivaldo Project/PUCCH-FORMAT-0/pucch0/pucch0.srcs/sources_1/bd/pucch0/hdl/pucch0_wrapper.v
INFO: [BD 41-1029] Generation completed for the IP Integrator block physical_control_0 .
INFO: [BD 41-1029] Generation completed for the IP Integrator block demapping_0 .
CRITICAL WARNING: [IP_Flow 19-193] Failed to save BOM file 'd:/FPGA/Vivaldo Project/PUCCH-FORMAT-0/pucch0/pucch0.srcs/sources_1/bd/pucch0/ip/pucch0_rx_duplication_0_0/rx_duplication.srcs/sources_1/ip/rx_dup_mem_1/rx_dup_mem_1.xml'.
CRITICAL WARNING: [IP_Flow 19-194] Failed to save IP instance 'rx_dup_mem_1'.
CRITICAL WARNING: [IP_Flow 19-193] Failed to save BOM file 'd:/FPGA/Vivaldo Project/PUCCH-FORMAT-0/pucch0/pucch0.srcs/sources_1/bd/pucch0/ip/pucch0_rx_duplication_0_0/rx_duplication.srcs/sources_1/ip/rx_dup_mem_1/rx_dup_mem_1.xml'.
CRITICAL WARNING: [IP_Flow 19-194] Failed to save IP instance 'rx_dup_mem_1'.
CRITICAL WARNING: [IP_Flow 19-193] Failed to save BOM file 'd:/FPGA/Vivaldo Project/PUCCH-FORMAT-0/pucch0/pucch0.srcs/sources_1/bd/pucch0/ip/pucch0_rx_duplication_0_0/rx_duplication.srcs/sources_1/ip/rx_dup_mem_1/rx_dup_mem_1.xml'.
CRITICAL WARNING: [IP_Flow 19-194] Failed to save IP instance 'rx_dup_mem_1'.
ERROR: [IP_Flow 19-98] Generation of the IP CORE failed.
ERROR: [BD 41-1030] Generation failed for the IP Integrator block rx_duplication_0 
CRITICAL WARNING: [IP_Flow 19-193] Failed to save BOM file 'd:/FPGA/Vivaldo Project/PUCCH-FORMAT-0/pucch0/pucch0.srcs/sources_1/bd/pucch0/ip/pucch0_correlation_0_0/correlation.srcs/sources_1/ip/correlation_cordic_0/correlation_cordic_0.xml'.
CRITICAL WARNING: [IP_Flow 19-194] Failed to save IP instance 'correlation_cordic_0'.
CRITICAL WARNING: [IP_Flow 19-193] Failed to save BOM file 'd:/FPGA/Vivaldo Project/PUCCH-FORMAT-0/pucch0/pucch0.srcs/sources_1/bd/pucch0/ip/pucch0_correlation_0_0/correlation.srcs/sources_1/ip/correlation_cordic_0/correlation_cordic_0.xml'.
CRITICAL WARNING: [IP_Flow 19-194] Failed to save IP instance 'correlation_cordic_0'.
CRITICAL WARNING: [IP_Flow 19-193] Failed to save BOM file 'd:/FPGA/Vivaldo Project/PUCCH-FORMAT-0/pucch0/pucch0.srcs/sources_1/bd/pucch0/ip/pucch0_correlation_0_0/correlation.srcs/sources_1/ip/correlation_cordic_0/correlation_cordic_0.xml'.
CRITICAL WARNING: [IP_Flow 19-194] Failed to save IP instance 'correlation_cordic_0'.
ERROR: [IP_Flow 19-98] Generation of the IP CORE failed.
ERROR: [BD 41-1030] Generation failed for the IP Integrator block correlation_0 
CRITICAL WARNING: [IP_Flow 19-193] Failed to save BOM file 'd:/FPGA/Vivaldo Project/PUCCH-FORMAT-0/pucch0/pucch0.srcs/sources_1/bd/pucch0/ip/pucch0_combine_rx_sym_0_0/combine_rx_sym.srcs/sources_1/ip/combine_fifo_generator_0/combine_fifo_generator_0.xml'.
CRITICAL WARNING: [IP_Flow 19-194] Failed to save IP instance 'combine_fifo_generator_0'.
CRITICAL WARNING: [IP_Flow 19-193] Failed to save BOM file 'd:/FPGA/Vivaldo Project/PUCCH-FORMAT-0/pucch0/pucch0.srcs/sources_1/bd/pucch0/ip/pucch0_combine_rx_sym_0_0/combine_rx_sym.srcs/sources_1/ip/combine_fifo_generator_0/combine_fifo_generator_0.xml'.
CRITICAL WARNING: [IP_Flow 19-194] Failed to save IP instance 'combine_fifo_generator_0'.
CRITICAL WARNING: [IP_Flow 19-193] Failed to save BOM file 'd:/FPGA/Vivaldo Project/PUCCH-FORMAT-0/pucch0/pucch0.srcs/sources_1/bd/pucch0/ip/pucch0_combine_rx_sym_0_0/combine_rx_sym.srcs/sources_1/ip/combine_fifo_generator_0/combine_fifo_generator_0.xml'.
CRITICAL WARNING: [IP_Flow 19-194] Failed to save IP instance 'combine_fifo_generator_0'.
ERROR: [IP_Flow 19-98] Generation of the IP CORE failed.
ERROR: [BD 41-1030] Generation failed for the IP Integrator block combine_rx_sym_0 
INFO: [BD 41-1029] Generation completed for the IP Integrator block peak_search_0 .
INFO: [BD 41-1029] Generation completed for the IP Integrator block frame_sync_0 .
INFO: [BD 41-1029] Generation completed for the IP Integrator block layer2_parameter_0 .
INFO: [BD 41-1029] Generation completed for the IP Integrator block xlconstant_0 .
INFO: [BD 41-1029] Generation completed for the IP Integrator block xlconstant_1 .
CRITICAL WARNING: [IP_Flow 19-193] Failed to save BOM file 'd:/FPGA/Vivaldo Project/PUCCH-FORMAT-0/pucch0/pucch0.srcs/sources_1/bd/pucch0/ip/pucch0_sync_cyclic_0_0/sync_cyclic.srcs/sources_1/ip/cycliic_fifo_0/cycliic_fifo_0.xml'.
CRITICAL WARNING: [IP_Flow 19-194] Failed to save IP instance 'cycliic_fifo_0'.
CRITICAL WARNING: [IP_Flow 19-193] Failed to save BOM file 'd:/FPGA/Vivaldo Project/PUCCH-FORMAT-0/pucch0/pucch0.srcs/sources_1/bd/pucch0/ip/pucch0_sync_cyclic_0_0/sync_cyclic.srcs/sources_1/ip/cycliic_fifo_0/cycliic_fifo_0.xml'.
CRITICAL WARNING: [IP_Flow 19-194] Failed to save IP instance 'cycliic_fifo_0'.
ERROR: [IP_Flow 19-98] Generation of the IP CORE failed.
ERROR: [BD 41-1030] Generation failed for the IP Integrator block sync_cyclic_0 
INFO: [BD 41-1029] Generation completed for the IP Integrator block frame_sync_1 .
INFO: [BD 41-1029] Generation completed for the IP Integrator block xlconcat_0 .
CRITICAL WARNING: [IP_Flow 19-193] Failed to save BOM file 'd:/FPGA/Vivaldo Project/PUCCH-FORMAT-0/pucch0/pucch0.srcs/sources_1/bd/pucch0/ip/pucch0_ofdm_demodulation_v2_0_0/ofdm_demodulation.srcs/sources_1/ip/xfft_0/xfft_0.xml'.
CRITICAL WARNING: [IP_Flow 19-194] Failed to save IP instance 'xfft_0'.
CRITICAL WARNING: [IP_Flow 19-193] Failed to save BOM file 'd:/FPGA/Vivaldo Project/PUCCH-FORMAT-0/pucch0/pucch0.srcs/sources_1/bd/pucch0/ip/pucch0_ofdm_demodulation_v2_0_0/ofdm_demodulation.srcs/sources_1/ip/xfft_0/xfft_0.xml'.
CRITICAL WARNING: [IP_Flow 19-194] Failed to save IP instance 'xfft_0'.
ERROR: [IP_Flow 19-98] Generation of the IP CORE failed.
ERROR: [BD 41-1030] Generation failed for the IP Integrator block ofdm_demodulation_v2_0 
INFO: [BD 41-1029] Generation completed for the IP Integrator block xlconstant_2 .
INFO: [BD 41-1029] Generation completed for the IP Integrator block xlslice_0 .
CRITICAL WARNING: [IP_Flow 19-193] Failed to save BOM file 'd:/FPGA/Vivaldo Project/PUCCH-FORMAT-0/pucch0/pucch0.srcs/sources_1/bd/pucch0/ip/pucch0_cyclic_gen_0_0/cyclic_shift.srcs/sources_1/ip/cyclic_cmpy_0/cyclic_cmpy_0.xml'.
CRITICAL WARNING: [IP_Flow 19-194] Failed to save IP instance 'cyclic_cmpy_0'.
CRITICAL WARNING: [IP_Flow 19-193] Failed to save BOM file 'd:/FPGA/Vivaldo Project/PUCCH-FORMAT-0/pucch0/pucch0.srcs/sources_1/bd/pucch0/ip/pucch0_cyclic_gen_0_0/cyclic_shift.srcs/sources_1/ip/cyclic_cmpy_0/cyclic_cmpy_0.xml'.
CRITICAL WARNING: [IP_Flow 19-194] Failed to save IP instance 'cyclic_cmpy_0'.
CRITICAL WARNING: [IP_Flow 19-193] Failed to save BOM file 'd:/FPGA/Vivaldo Project/PUCCH-FORMAT-0/pucch0/pucch0.srcs/sources_1/bd/pucch0/ip/pucch0_cyclic_gen_0_0/cyclic_shift.srcs/sources_1/ip/cyclic_cmpy_0/cyclic_cmpy_0.xml'.
CRITICAL WARNING: [IP_Flow 19-194] Failed to save IP instance 'cyclic_cmpy_0'.
ERROR: [IP_Flow 19-98] Generation of the IP CORE failed.
ERROR: [BD 41-1030] Generation failed for the IP Integrator block cyclic_gen_0 
CRITICAL WARNING: [IP_Flow 19-193] Failed to save BOM file 'd:/FPGA/Vivaldo Project/PUCCH-FORMAT-0/pucch0/pucch0.srcs/sources_1/bd/pucch0/ip/pucch0_cyclic_gen_0_1/cyclic_shift.srcs/sources_1/ip/cyclic_fifo_generator_0/cyclic_fifo_generator_0.xml'.
CRITICAL WARNING: [IP_Flow 19-194] Failed to save IP instance 'cyclic_fifo_generator_0'.
CRITICAL WARNING: [IP_Flow 19-193] Failed to save BOM file 'd:/FPGA/Vivaldo Project/PUCCH-FORMAT-0/pucch0/pucch0.srcs/sources_1/bd/pucch0/ip/pucch0_cyclic_gen_0_1/cyclic_shift.srcs/sources_1/ip/cyclic_fifo_generator_0/cyclic_fifo_generator_0.xml'.
CRITICAL WARNING: [IP_Flow 19-194] Failed to save IP instance 'cyclic_fifo_generator_0'.
CRITICAL WARNING: [IP_Flow 19-193] Failed to save BOM file 'd:/FPGA/Vivaldo Project/PUCCH-FORMAT-0/pucch0/pucch0.srcs/sources_1/bd/pucch0/ip/pucch0_cyclic_gen_0_1/cyclic_shift.srcs/sources_1/ip/cyclic_fifo_generator_0/cyclic_fifo_generator_0.xml'.
CRITICAL WARNING: [IP_Flow 19-194] Failed to save IP instance 'cyclic_fifo_generator_0'.
ERROR: [IP_Flow 19-98] Generation of the IP CORE failed.
ERROR: [BD 41-1030] Generation failed for the IP Integrator block cyclic_gen_1 
Exporting to file D:/FPGA/Vivaldo Project/PUCCH-FORMAT-0/pucch0/pucch0.srcs/sources_1/bd/pucch0/hw_handoff/pucch0.hwh
CRITICAL WARNING: [BD 41-1938] The current design is out-of-date/locked, so it is best to update before calling write_bd_tcl, however, a Tcl script is still generated for the current design.
Generated Block Design Tcl file D:/FPGA/Vivaldo Project/PUCCH-FORMAT-0/pucch0/pucch0.srcs/sources_1/bd/pucch0/hw_handoff/pucch0_bd.tcl
Generated Hardware Definition File D:/FPGA/Vivaldo Project/PUCCH-FORMAT-0/pucch0/pucch0.srcs/sources_1/bd/pucch0/synth/pucch0.hwdef
ERROR: [Common 17-39] 'generate_target' failed due to earlier errors.
report_ip_status -name ip_status 
upgrade_ip -vlnv xilinx.com:user:ofdm_demodulation_v2:2 [get_ips  pucch0_ofdm_demodulation_v2_0_0] -log ip_upgrade.log
Upgrading 'D:/FPGA/Vivaldo Project/PUCCH-FORMAT-0/pucch0/pucch0.srcs/sources_1/bd/pucch0/pucch0.bd'
INFO: [IP_Flow 19-1972] Upgraded pucch0_ofdm_demodulation_v2_0_0 from ofdm_demodulation_v2 2 to ofdm_demodulation_v2 2
WARNING: [BD 41-1731] Type mismatch between connected pins: /clk(clk) and /ofdm_demodulation_v2_0_upgraded_ipi/clk(undef)
WARNING: [BD 41-1731] Type mismatch between connected pins: /rst(rst) and /ofdm_demodulation_v2_0_upgraded_ipi/rst(undef)
CRITICAL WARNING: [IP_Flow 19-193] Failed to save BOM file 'd:/FPGA/Vivaldo Project/PUCCH-FORMAT-0/pucch0/pucch0.srcs/sources_1/bd/pucch0/ip/pucch0_combine_rx_sym_0_0/combine_rx_sym.srcs/sources_1/ip/combine_fifo_generator_0/combine_fifo_generator_0.xml'.
CRITICAL WARNING: [IP_Flow 19-194] Failed to save IP instance 'combine_fifo_generator_0'.
CRITICAL WARNING: [IP_Flow 19-193] Failed to save BOM file 'd:/FPGA/Vivaldo Project/PUCCH-FORMAT-0/pucch0/pucch0.srcs/sources_1/bd/pucch0/ip/pucch0_rx_duplication_0_0/rx_duplication.srcs/sources_1/ip/rx_dup_mem_1/rx_dup_mem_1.xml'.
CRITICAL WARNING: [IP_Flow 19-194] Failed to save IP instance 'rx_dup_mem_1'.
CRITICAL WARNING: [IP_Flow 19-193] Failed to save BOM file 'd:/FPGA/Vivaldo Project/PUCCH-FORMAT-0/pucch0/pucch0.srcs/sources_1/bd/pucch0/ip/pucch0_sync_cyclic_0_0/sync_cyclic.srcs/sources_1/ip/cycliic_fifo_0/cycliic_fifo_0.xml'.
CRITICAL WARNING: [IP_Flow 19-194] Failed to save IP instance 'cycliic_fifo_0'.
CRITICAL WARNING: [IP_Flow 19-193] Failed to save BOM file 'd:/FPGA/Vivaldo Project/PUCCH-FORMAT-0/pucch0/pucch0.srcs/sources_1/bd/pucch0/ip/pucch0_cyclic_gen_0_0/cyclic_shift.srcs/sources_1/ip/cyclic_cmpy_0/cyclic_cmpy_0.xml'.
CRITICAL WARNING: [IP_Flow 19-194] Failed to save IP instance 'cyclic_cmpy_0'.
CRITICAL WARNING: [IP_Flow 19-193] Failed to save BOM file 'd:/FPGA/Vivaldo Project/PUCCH-FORMAT-0/pucch0/pucch0.srcs/sources_1/bd/pucch0/ip/pucch0_correlation_0_0/correlation.srcs/sources_1/ip/correlation_cordic_0/correlation_cordic_0.xml'.
CRITICAL WARNING: [IP_Flow 19-194] Failed to save IP instance 'correlation_cordic_0'.
CRITICAL WARNING: [IP_Flow 19-193] Failed to save BOM file 'd:/FPGA/Vivaldo Project/PUCCH-FORMAT-0/pucch0/pucch0.srcs/sources_1/bd/pucch0/ip/pucch0_cyclic_gen_0_1/cyclic_shift.srcs/sources_1/ip/cyclic_fifo_generator_0/cyclic_fifo_generator_0.xml'.
CRITICAL WARNING: [IP_Flow 19-194] Failed to save IP instance 'cyclic_fifo_generator_0'.
Wrote  : <D:\FPGA\Vivaldo Project\PUCCH-FORMAT-0\pucch0\pucch0.srcs\sources_1\bd\pucch0\pucch0.bd> 
INFO: [Coretcl 2-1525] Wrote upgrade log to 'D:/FPGA/Vivaldo Project/PUCCH-FORMAT-0/pucch0/ip_upgrade.log'.
export_ip_user_files -of_objects [get_ips pucch0_ofdm_demodulation_v2_0_0] -no_script -sync -force -quiet
generate_target all [get_files  {{D:/FPGA/Vivaldo Project/PUCCH-FORMAT-0/pucch0/pucch0.srcs/sources_1/bd/pucch0/pucch0.bd}}]
CRITICAL WARNING: [BD 41-759] The input pins (listed below) are either not connected or do not have a source port, and they don't have a tie-off specified. These pins are tied-off to all 0's to avoid error in Implementation flow.
Please check your design and connect them as needed: 
/combine_rx_sym_0/in_sqrt
/correlation_0/resourcesetresourceset

CRITICAL WARNING: [IP_Flow 19-193] Failed to save BOM file 'd:/FPGA/Vivaldo Project/PUCCH-FORMAT-0/pucch0/pucch0.srcs/sources_1/bd/pucch0/ip/pucch0_combine_rx_sym_0_0/combine_rx_sym.srcs/sources_1/ip/combine_fifo_generator_0/combine_fifo_generator_0.xml'.
CRITICAL WARNING: [IP_Flow 19-194] Failed to save IP instance 'combine_fifo_generator_0'.
CRITICAL WARNING: [IP_Flow 19-193] Failed to save BOM file 'd:/FPGA/Vivaldo Project/PUCCH-FORMAT-0/pucch0/pucch0.srcs/sources_1/bd/pucch0/ip/pucch0_rx_duplication_0_0/rx_duplication.srcs/sources_1/ip/rx_dup_mem_1/rx_dup_mem_1.xml'.
CRITICAL WARNING: [IP_Flow 19-194] Failed to save IP instance 'rx_dup_mem_1'.
CRITICAL WARNING: [IP_Flow 19-193] Failed to save BOM file 'd:/FPGA/Vivaldo Project/PUCCH-FORMAT-0/pucch0/pucch0.srcs/sources_1/bd/pucch0/ip/pucch0_sync_cyclic_0_0/sync_cyclic.srcs/sources_1/ip/cycliic_fifo_0/cycliic_fifo_0.xml'.
CRITICAL WARNING: [IP_Flow 19-194] Failed to save IP instance 'cycliic_fifo_0'.
CRITICAL WARNING: [IP_Flow 19-193] Failed to save BOM file 'd:/FPGA/Vivaldo Project/PUCCH-FORMAT-0/pucch0/pucch0.srcs/sources_1/bd/pucch0/ip/pucch0_cyclic_gen_0_0/cyclic_shift.srcs/sources_1/ip/cyclic_cmpy_0/cyclic_cmpy_0.xml'.
CRITICAL WARNING: [IP_Flow 19-194] Failed to save IP instance 'cyclic_cmpy_0'.
CRITICAL WARNING: [IP_Flow 19-193] Failed to save BOM file 'd:/FPGA/Vivaldo Project/PUCCH-FORMAT-0/pucch0/pucch0.srcs/sources_1/bd/pucch0/ip/pucch0_correlation_0_0/correlation.srcs/sources_1/ip/correlation_cordic_0/correlation_cordic_0.xml'.
CRITICAL WARNING: [IP_Flow 19-194] Failed to save IP instance 'correlation_cordic_0'.
CRITICAL WARNING: [IP_Flow 19-193] Failed to save BOM file 'd:/FPGA/Vivaldo Project/PUCCH-FORMAT-0/pucch0/pucch0.srcs/sources_1/bd/pucch0/ip/pucch0_cyclic_gen_0_1/cyclic_shift.srcs/sources_1/ip/cyclic_fifo_generator_0/cyclic_fifo_generator_0.xml'.
CRITICAL WARNING: [IP_Flow 19-194] Failed to save IP instance 'cyclic_fifo_generator_0'.
Wrote  : <D:\FPGA\Vivaldo Project\PUCCH-FORMAT-0\pucch0\pucch0.srcs\sources_1\bd\pucch0\pucch0.bd> 
CRITICAL WARNING: [BD 41-1228] Width mismatch when connecting input pin '/demapping_0/uci_slot'(5) to net 'slot_ind_1'(8) - Only lower order bits will be connected, and other input bits of this pin will be left unconnected.
CRITICAL WARNING: [BD 41-1228] Width mismatch when connecting input pin '/cyclic_gen_0/uci_slot'(5) to net 'slot_ind_1'(8) - Only lower order bits will be connected, and other input bits of this pin will be left unconnected.
CRITICAL WARNING: [BD 41-1228] Width mismatch when connecting input pin '/cyclic_gen_1/uci_slot'(5) to net 'slot_ind_1'(8) - Only lower order bits will be connected, and other input bits of this pin will be left unconnected.
CRITICAL WARNING: [BD 41-1228] Width mismatch when connecting input pin '/demapping_0/uci_first_symbol_idx'(4) to net 'layer2_parameter_0_uci_frist_symbol'(8) - Only lower order bits will be connected, and other input bits of this pin will be left unconnected.
CRITICAL WARNING: [BD 41-1228] Width mismatch when connecting input pin '/cyclic_gen_0/uci_first_symbol'(4) to net 'layer2_parameter_0_uci_frist_symbol'(8) - Only lower order bits will be connected, and other input bits of this pin will be left unconnected.
CRITICAL WARNING: [BD 41-1228] Width mismatch when connecting input pin '/cyclic_gen_1/uci_first_symbol'(4) to net 'layer2_parameter_0_uci_frist_symbol'(8) - Only lower order bits will be connected, and other input bits of this pin will be left unconnected.
CRITICAL WARNING: [BD 41-1228] Width mismatch when connecting input pin '/demapping_0/uci_nsymbols'(2) to net 'layer2_parameter_0_uci_symbol'(8) - Only lower order bits will be connected, and other input bits of this pin will be left unconnected.
CRITICAL WARNING: [BD 41-1228] Width mismatch when connecting input pin '/demapping_0/uci_prbsoffset'(2) to net 'layer2_parameter_0_uci_pbr_offset'(16) - Only lower order bits will be connected, and other input bits of this pin will be left unconnected.
CRITICAL WARNING: [BD 41-1228] Width mismatch when connecting input pin '/demapping_0/uci_secondhop_prb'(10) to net 'layer2_parameter_0_uci_second_prb'(16) - Only lower order bits will be connected, and other input bits of this pin will be left unconnected.
CRITICAL WARNING: [BD 41-1228] Width mismatch when connecting input pin '/cyclic_gen_0/uci_nID'(11) to net 'layer2_parameter_0_uci_nid'(16) - Only lower order bits will be connected, and other input bits of this pin will be left unconnected.
CRITICAL WARNING: [BD 41-1228] Width mismatch when connecting input pin '/cyclic_gen_1/uci_nID'(11) to net 'layer2_parameter_0_uci_nid'(16) - Only lower order bits will be connected, and other input bits of this pin will be left unconnected.
CRITICAL WARNING: [BD 41-1228] Width mismatch when connecting input pin '/cyclic_gen_0/uci_m0'(4) to net 'layer2_parameter_0_uci_m0'(16) - Only lower order bits will be connected, and other input bits of this pin will be left unconnected.
CRITICAL WARNING: [BD 41-1228] Width mismatch when connecting input pin '/cyclic_gen_1/uci_m0'(4) to net 'layer2_parameter_0_uci_m0'(16) - Only lower order bits will be connected, and other input bits of this pin will be left unconnected.
CRITICAL WARNING: [BD 41-1228] Width mismatch when connecting input pin '/peak_search_0/uci_ack'(2) to net 'layer2_parameter_0_uci_ack'(16) - Only lower order bits will be connected, and other input bits of this pin will be left unconnected.
CRITICAL WARNING: [BD 41-1228] Width mismatch when connecting input pin '/cyclic_gen_0/uci_ack'(2) to net 'layer2_parameter_0_uci_ack'(16) - Only lower order bits will be connected, and other input bits of this pin will be left unconnected.
CRITICAL WARNING: [BD 41-1228] Width mismatch when connecting input pin '/cyclic_gen_1/uci_ack'(2) to net 'layer2_parameter_0_uci_ack'(16) - Only lower order bits will be connected, and other input bits of this pin will be left unconnected.
CRITICAL WARNING: [BD 41-1228] Width mismatch when connecting input pin '/cyclic_gen_0/uci_grouphopping'(2) to net 'group_hopping_1'(8) - Only lower order bits will be connected, and other input bits of this pin will be left unconnected.
CRITICAL WARNING: [BD 41-1228] Width mismatch when connecting input pin '/cyclic_gen_1/uci_grouphopping'(2) to net 'group_hopping_1'(8) - Only lower order bits will be connected, and other input bits of this pin will be left unconnected.
CRITICAL WARNING: [BD 41-1228] Width mismatch when connecting input pin '/ofdm_demodulation_v2_0/scale_factor'(4) to net 'xlconstant_2_dout'(3) - Only lower order bits will be connected, and other input bits of this pin will be left unconnected.
CRITICAL WARNING: [BD 41-1228] Width mismatch when connecting input pin '/ofdm_demodulation_v2_0/ant_input'(32) to net 'xlslice_0_Dout'(16) - Only lower order bits will be connected, and other input bits of this pin will be left unconnected.
VHDL Output written to : D:/FPGA/Vivaldo Project/PUCCH-FORMAT-0/pucch0/pucch0.srcs/sources_1/bd/pucch0/synth/pucch0.v
CRITICAL WARNING: [BD 41-1228] Width mismatch when connecting input pin '/demapping_0/uci_slot'(5) to net 'slot_ind_1'(8) - Only lower order bits will be connected, and other input bits of this pin will be left unconnected.
CRITICAL WARNING: [BD 41-1228] Width mismatch when connecting input pin '/cyclic_gen_0/uci_slot'(5) to net 'slot_ind_1'(8) - Only lower order bits will be connected, and other input bits of this pin will be left unconnected.
CRITICAL WARNING: [BD 41-1228] Width mismatch when connecting input pin '/cyclic_gen_1/uci_slot'(5) to net 'slot_ind_1'(8) - Only lower order bits will be connected, and other input bits of this pin will be left unconnected.
CRITICAL WARNING: [BD 41-1228] Width mismatch when connecting input pin '/demapping_0/uci_first_symbol_idx'(4) to net 'layer2_parameter_0_uci_frist_symbol'(8) - Only lower order bits will be connected, and other input bits of this pin will be left unconnected.
CRITICAL WARNING: [BD 41-1228] Width mismatch when connecting input pin '/cyclic_gen_0/uci_first_symbol'(4) to net 'layer2_parameter_0_uci_frist_symbol'(8) - Only lower order bits will be connected, and other input bits of this pin will be left unconnected.
CRITICAL WARNING: [BD 41-1228] Width mismatch when connecting input pin '/cyclic_gen_1/uci_first_symbol'(4) to net 'layer2_parameter_0_uci_frist_symbol'(8) - Only lower order bits will be connected, and other input bits of this pin will be left unconnected.
CRITICAL WARNING: [BD 41-1228] Width mismatch when connecting input pin '/demapping_0/uci_nsymbols'(2) to net 'layer2_parameter_0_uci_symbol'(8) - Only lower order bits will be connected, and other input bits of this pin will be left unconnected.
CRITICAL WARNING: [BD 41-1228] Width mismatch when connecting input pin '/demapping_0/uci_prbsoffset'(2) to net 'layer2_parameter_0_uci_pbr_offset'(16) - Only lower order bits will be connected, and other input bits of this pin will be left unconnected.
CRITICAL WARNING: [BD 41-1228] Width mismatch when connecting input pin '/demapping_0/uci_secondhop_prb'(10) to net 'layer2_parameter_0_uci_second_prb'(16) - Only lower order bits will be connected, and other input bits of this pin will be left unconnected.
CRITICAL WARNING: [BD 41-1228] Width mismatch when connecting input pin '/cyclic_gen_0/uci_nID'(11) to net 'layer2_parameter_0_uci_nid'(16) - Only lower order bits will be connected, and other input bits of this pin will be left unconnected.
CRITICAL WARNING: [BD 41-1228] Width mismatch when connecting input pin '/cyclic_gen_1/uci_nID'(11) to net 'layer2_parameter_0_uci_nid'(16) - Only lower order bits will be connected, and other input bits of this pin will be left unconnected.
CRITICAL WARNING: [BD 41-1228] Width mismatch when connecting input pin '/cyclic_gen_0/uci_m0'(4) to net 'layer2_parameter_0_uci_m0'(16) - Only lower order bits will be connected, and other input bits of this pin will be left unconnected.
CRITICAL WARNING: [BD 41-1228] Width mismatch when connecting input pin '/cyclic_gen_1/uci_m0'(4) to net 'layer2_parameter_0_uci_m0'(16) - Only lower order bits will be connected, and other input bits of this pin will be left unconnected.
CRITICAL WARNING: [BD 41-1228] Width mismatch when connecting input pin '/peak_search_0/uci_ack'(2) to net 'layer2_parameter_0_uci_ack'(16) - Only lower order bits will be connected, and other input bits of this pin will be left unconnected.
CRITICAL WARNING: [BD 41-1228] Width mismatch when connecting input pin '/cyclic_gen_0/uci_ack'(2) to net 'layer2_parameter_0_uci_ack'(16) - Only lower order bits will be connected, and other input bits of this pin will be left unconnected.
CRITICAL WARNING: [BD 41-1228] Width mismatch when connecting input pin '/cyclic_gen_1/uci_ack'(2) to net 'layer2_parameter_0_uci_ack'(16) - Only lower order bits will be connected, and other input bits of this pin will be left unconnected.
CRITICAL WARNING: [BD 41-1228] Width mismatch when connecting input pin '/cyclic_gen_0/uci_grouphopping'(2) to net 'group_hopping_1'(8) - Only lower order bits will be connected, and other input bits of this pin will be left unconnected.
CRITICAL WARNING: [BD 41-1228] Width mismatch when connecting input pin '/cyclic_gen_1/uci_grouphopping'(2) to net 'group_hopping_1'(8) - Only lower order bits will be connected, and other input bits of this pin will be left unconnected.
CRITICAL WARNING: [BD 41-1228] Width mismatch when connecting input pin '/ofdm_demodulation_v2_0/scale_factor'(4) to net 'xlconstant_2_dout'(3) - Only lower order bits will be connected, and other input bits of this pin will be left unconnected.
CRITICAL WARNING: [BD 41-1228] Width mismatch when connecting input pin '/ofdm_demodulation_v2_0/ant_input'(32) to net 'xlslice_0_Dout'(16) - Only lower order bits will be connected, and other input bits of this pin will be left unconnected.
VHDL Output written to : D:/FPGA/Vivaldo Project/PUCCH-FORMAT-0/pucch0/pucch0.srcs/sources_1/bd/pucch0/sim/pucch0.v
VHDL Output written to : D:/FPGA/Vivaldo Project/PUCCH-FORMAT-0/pucch0/pucch0.srcs/sources_1/bd/pucch0/hdl/pucch0_wrapper.v
INFO: [BD 41-1029] Generation completed for the IP Integrator block physical_control_0 .
INFO: [BD 41-1029] Generation completed for the IP Integrator block demapping_0 .
CRITICAL WARNING: [IP_Flow 19-193] Failed to save BOM file 'd:/FPGA/Vivaldo Project/PUCCH-FORMAT-0/pucch0/pucch0.srcs/sources_1/bd/pucch0/ip/pucch0_rx_duplication_0_0/rx_duplication.srcs/sources_1/ip/rx_dup_mem_1/rx_dup_mem_1.xml'.
CRITICAL WARNING: [IP_Flow 19-194] Failed to save IP instance 'rx_dup_mem_1'.
CRITICAL WARNING: [IP_Flow 19-193] Failed to save BOM file 'd:/FPGA/Vivaldo Project/PUCCH-FORMAT-0/pucch0/pucch0.srcs/sources_1/bd/pucch0/ip/pucch0_rx_duplication_0_0/rx_duplication.srcs/sources_1/ip/rx_dup_mem_1/rx_dup_mem_1.xml'.
CRITICAL WARNING: [IP_Flow 19-194] Failed to save IP instance 'rx_dup_mem_1'.
CRITICAL WARNING: [IP_Flow 19-193] Failed to save BOM file 'd:/FPGA/Vivaldo Project/PUCCH-FORMAT-0/pucch0/pucch0.srcs/sources_1/bd/pucch0/ip/pucch0_rx_duplication_0_0/rx_duplication.srcs/sources_1/ip/rx_dup_mem_1/rx_dup_mem_1.xml'.
CRITICAL WARNING: [IP_Flow 19-194] Failed to save IP instance 'rx_dup_mem_1'.
ERROR: [IP_Flow 19-98] Generation of the IP CORE failed.
ERROR: [BD 41-1030] Generation failed for the IP Integrator block rx_duplication_0 
CRITICAL WARNING: [IP_Flow 19-193] Failed to save BOM file 'd:/FPGA/Vivaldo Project/PUCCH-FORMAT-0/pucch0/pucch0.srcs/sources_1/bd/pucch0/ip/pucch0_correlation_0_0/correlation.srcs/sources_1/ip/correlation_cordic_0/correlation_cordic_0.xml'.
CRITICAL WARNING: [IP_Flow 19-194] Failed to save IP instance 'correlation_cordic_0'.
CRITICAL WARNING: [IP_Flow 19-193] Failed to save BOM file 'd:/FPGA/Vivaldo Project/PUCCH-FORMAT-0/pucch0/pucch0.srcs/sources_1/bd/pucch0/ip/pucch0_correlation_0_0/correlation.srcs/sources_1/ip/correlation_cordic_0/correlation_cordic_0.xml'.
CRITICAL WARNING: [IP_Flow 19-194] Failed to save IP instance 'correlation_cordic_0'.
CRITICAL WARNING: [IP_Flow 19-193] Failed to save BOM file 'd:/FPGA/Vivaldo Project/PUCCH-FORMAT-0/pucch0/pucch0.srcs/sources_1/bd/pucch0/ip/pucch0_correlation_0_0/correlation.srcs/sources_1/ip/correlation_cordic_0/correlation_cordic_0.xml'.
CRITICAL WARNING: [IP_Flow 19-194] Failed to save IP instance 'correlation_cordic_0'.
ERROR: [IP_Flow 19-98] Generation of the IP CORE failed.
ERROR: [BD 41-1030] Generation failed for the IP Integrator block correlation_0 
CRITICAL WARNING: [IP_Flow 19-193] Failed to save BOM file 'd:/FPGA/Vivaldo Project/PUCCH-FORMAT-0/pucch0/pucch0.srcs/sources_1/bd/pucch0/ip/pucch0_combine_rx_sym_0_0/combine_rx_sym.srcs/sources_1/ip/combine_fifo_generator_0/combine_fifo_generator_0.xml'.
CRITICAL WARNING: [IP_Flow 19-194] Failed to save IP instance 'combine_fifo_generator_0'.
CRITICAL WARNING: [IP_Flow 19-193] Failed to save BOM file 'd:/FPGA/Vivaldo Project/PUCCH-FORMAT-0/pucch0/pucch0.srcs/sources_1/bd/pucch0/ip/pucch0_combine_rx_sym_0_0/combine_rx_sym.srcs/sources_1/ip/combine_fifo_generator_0/combine_fifo_generator_0.xml'.
CRITICAL WARNING: [IP_Flow 19-194] Failed to save IP instance 'combine_fifo_generator_0'.
CRITICAL WARNING: [IP_Flow 19-193] Failed to save BOM file 'd:/FPGA/Vivaldo Project/PUCCH-FORMAT-0/pucch0/pucch0.srcs/sources_1/bd/pucch0/ip/pucch0_combine_rx_sym_0_0/combine_rx_sym.srcs/sources_1/ip/combine_fifo_generator_0/combine_fifo_generator_0.xml'.
CRITICAL WARNING: [IP_Flow 19-194] Failed to save IP instance 'combine_fifo_generator_0'.
ERROR: [IP_Flow 19-98] Generation of the IP CORE failed.
ERROR: [BD 41-1030] Generation failed for the IP Integrator block combine_rx_sym_0 
INFO: [BD 41-1029] Generation completed for the IP Integrator block peak_search_0 .
INFO: [BD 41-1029] Generation completed for the IP Integrator block frame_sync_0 .
INFO: [BD 41-1029] Generation completed for the IP Integrator block layer2_parameter_0 .
INFO: [BD 41-1029] Generation completed for the IP Integrator block xlconstant_0 .
INFO: [BD 41-1029] Generation completed for the IP Integrator block xlconstant_1 .
CRITICAL WARNING: [IP_Flow 19-193] Failed to save BOM file 'd:/FPGA/Vivaldo Project/PUCCH-FORMAT-0/pucch0/pucch0.srcs/sources_1/bd/pucch0/ip/pucch0_sync_cyclic_0_0/sync_cyclic.srcs/sources_1/ip/cycliic_fifo_0/cycliic_fifo_0.xml'.
CRITICAL WARNING: [IP_Flow 19-194] Failed to save IP instance 'cycliic_fifo_0'.
CRITICAL WARNING: [IP_Flow 19-193] Failed to save BOM file 'd:/FPGA/Vivaldo Project/PUCCH-FORMAT-0/pucch0/pucch0.srcs/sources_1/bd/pucch0/ip/pucch0_sync_cyclic_0_0/sync_cyclic.srcs/sources_1/ip/cycliic_fifo_0/cycliic_fifo_0.xml'.
CRITICAL WARNING: [IP_Flow 19-194] Failed to save IP instance 'cycliic_fifo_0'.
CRITICAL WARNING: [IP_Flow 19-193] Failed to save BOM file 'd:/FPGA/Vivaldo Project/PUCCH-FORMAT-0/pucch0/pucch0.srcs/sources_1/bd/pucch0/ip/pucch0_sync_cyclic_0_0/sync_cyclic.srcs/sources_1/ip/cycliic_fifo_0/cycliic_fifo_0.xml'.
CRITICAL WARNING: [IP_Flow 19-194] Failed to save IP instance 'cycliic_fifo_0'.
ERROR: [IP_Flow 19-98] Generation of the IP CORE failed.
ERROR: [BD 41-1030] Generation failed for the IP Integrator block sync_cyclic_0 
INFO: [BD 41-1029] Generation completed for the IP Integrator block frame_sync_1 .
INFO: [BD 41-1029] Generation completed for the IP Integrator block xlconcat_0 .
CRITICAL WARNING: [IP_Flow 19-193] Failed to save BOM file 'd:/FPGA/Vivaldo Project/PUCCH-FORMAT-0/pucch0/pucch0.srcs/sources_1/bd/pucch0/ip/pucch0_ofdm_demodulation_v2_0_0/ofdm_demodulation.srcs/sources_1/ip/xfft_0/xfft_0.xml'.
CRITICAL WARNING: [IP_Flow 19-194] Failed to save IP instance 'xfft_0'.
CRITICAL WARNING: [IP_Flow 19-193] Failed to save BOM file 'd:/FPGA/Vivaldo Project/PUCCH-FORMAT-0/pucch0/pucch0.srcs/sources_1/bd/pucch0/ip/pucch0_ofdm_demodulation_v2_0_0/ofdm_demodulation.srcs/sources_1/ip/xfft_0/xfft_0.xml'.
CRITICAL WARNING: [IP_Flow 19-194] Failed to save IP instance 'xfft_0'.
ERROR: [IP_Flow 19-98] Generation of the IP CORE failed.
ERROR: [BD 41-1030] Generation failed for the IP Integrator block ofdm_demodulation_v2_0 
INFO: [BD 41-1029] Generation completed for the IP Integrator block xlconstant_2 .
INFO: [BD 41-1029] Generation completed for the IP Integrator block xlslice_0 .
CRITICAL WARNING: [IP_Flow 19-193] Failed to save BOM file 'd:/FPGA/Vivaldo Project/PUCCH-FORMAT-0/pucch0/pucch0.srcs/sources_1/bd/pucch0/ip/pucch0_cyclic_gen_0_0/cyclic_shift.srcs/sources_1/ip/cyclic_cmpy_0/cyclic_cmpy_0.xml'.
CRITICAL WARNING: [IP_Flow 19-194] Failed to save IP instance 'cyclic_cmpy_0'.
CRITICAL WARNING: [IP_Flow 19-193] Failed to save BOM file 'd:/FPGA/Vivaldo Project/PUCCH-FORMAT-0/pucch0/pucch0.srcs/sources_1/bd/pucch0/ip/pucch0_cyclic_gen_0_0/cyclic_shift.srcs/sources_1/ip/cyclic_cmpy_0/cyclic_cmpy_0.xml'.
CRITICAL WARNING: [IP_Flow 19-194] Failed to save IP instance 'cyclic_cmpy_0'.
CRITICAL WARNING: [IP_Flow 19-193] Failed to save BOM file 'd:/FPGA/Vivaldo Project/PUCCH-FORMAT-0/pucch0/pucch0.srcs/sources_1/bd/pucch0/ip/pucch0_cyclic_gen_0_0/cyclic_shift.srcs/sources_1/ip/cyclic_cmpy_0/cyclic_cmpy_0.xml'.
CRITICAL WARNING: [IP_Flow 19-194] Failed to save IP instance 'cyclic_cmpy_0'.
ERROR: [IP_Flow 19-98] Generation of the IP CORE failed.
ERROR: [BD 41-1030] Generation failed for the IP Integrator block cyclic_gen_0 
CRITICAL WARNING: [IP_Flow 19-193] Failed to save BOM file 'd:/FPGA/Vivaldo Project/PUCCH-FORMAT-0/pucch0/pucch0.srcs/sources_1/bd/pucch0/ip/pucch0_cyclic_gen_0_1/cyclic_shift.srcs/sources_1/ip/cyclic_fifo_generator_0/cyclic_fifo_generator_0.xml'.
CRITICAL WARNING: [IP_Flow 19-194] Failed to save IP instance 'cyclic_fifo_generator_0'.
CRITICAL WARNING: [IP_Flow 19-193] Failed to save BOM file 'd:/FPGA/Vivaldo Project/PUCCH-FORMAT-0/pucch0/pucch0.srcs/sources_1/bd/pucch0/ip/pucch0_cyclic_gen_0_1/cyclic_shift.srcs/sources_1/ip/cyclic_fifo_generator_0/cyclic_fifo_generator_0.xml'.
CRITICAL WARNING: [IP_Flow 19-194] Failed to save IP instance 'cyclic_fifo_generator_0'.
CRITICAL WARNING: [IP_Flow 19-193] Failed to save BOM file 'd:/FPGA/Vivaldo Project/PUCCH-FORMAT-0/pucch0/pucch0.srcs/sources_1/bd/pucch0/ip/pucch0_cyclic_gen_0_1/cyclic_shift.srcs/sources_1/ip/cyclic_fifo_generator_0/cyclic_fifo_generator_0.xml'.
CRITICAL WARNING: [IP_Flow 19-194] Failed to save IP instance 'cyclic_fifo_generator_0'.
ERROR: [IP_Flow 19-98] Generation of the IP CORE failed.
ERROR: [BD 41-1030] Generation failed for the IP Integrator block cyclic_gen_1 
Exporting to file D:/FPGA/Vivaldo Project/PUCCH-FORMAT-0/pucch0/pucch0.srcs/sources_1/bd/pucch0/hw_handoff/pucch0.hwh
CRITICAL WARNING: [BD 41-1938] The current design is out-of-date/locked, so it is best to update before calling write_bd_tcl, however, a Tcl script is still generated for the current design.
Generated Block Design Tcl file D:/FPGA/Vivaldo Project/PUCCH-FORMAT-0/pucch0/pucch0.srcs/sources_1/bd/pucch0/hw_handoff/pucch0_bd.tcl
Generated Hardware Definition File D:/FPGA/Vivaldo Project/PUCCH-FORMAT-0/pucch0/pucch0.srcs/sources_1/bd/pucch0/synth/pucch0.hwdef
ERROR: [Common 17-39] 'generate_target' failed due to earlier errors.
report_ip_status -name ip_status 
upgrade_ip -vlnv xilinx.com:user:ofdm_demodulation_v2:2 [get_ips  pucch0_ofdm_demodulation_v2_0_0] -log ip_upgrade.log
Upgrading 'D:/FPGA/Vivaldo Project/PUCCH-FORMAT-0/pucch0/pucch0.srcs/sources_1/bd/pucch0/pucch0.bd'
INFO: [IP_Flow 19-1972] Upgraded pucch0_ofdm_demodulation_v2_0_0 from ofdm_demodulation_v2 2 to ofdm_demodulation_v2 2
WARNING: [BD 41-1731] Type mismatch between connected pins: /clk(clk) and /ofdm_demodulation_v2_0_upgraded_ipi/clk(undef)
WARNING: [BD 41-1731] Type mismatch between connected pins: /rst(rst) and /ofdm_demodulation_v2_0_upgraded_ipi/rst(undef)
CRITICAL WARNING: [IP_Flow 19-193] Failed to save BOM file 'd:/FPGA/Vivaldo Project/PUCCH-FORMAT-0/pucch0/pucch0.srcs/sources_1/bd/pucch0/ip/pucch0_combine_rx_sym_0_0/combine_rx_sym.srcs/sources_1/ip/combine_fifo_generator_0/combine_fifo_generator_0.xml'.
CRITICAL WARNING: [IP_Flow 19-194] Failed to save IP instance 'combine_fifo_generator_0'.
CRITICAL WARNING: [IP_Flow 19-193] Failed to save BOM file 'd:/FPGA/Vivaldo Project/PUCCH-FORMAT-0/pucch0/pucch0.srcs/sources_1/bd/pucch0/ip/pucch0_rx_duplication_0_0/rx_duplication.srcs/sources_1/ip/rx_dup_mem_1/rx_dup_mem_1.xml'.
CRITICAL WARNING: [IP_Flow 19-194] Failed to save IP instance 'rx_dup_mem_1'.
CRITICAL WARNING: [IP_Flow 19-193] Failed to save BOM file 'd:/FPGA/Vivaldo Project/PUCCH-FORMAT-0/pucch0/pucch0.srcs/sources_1/bd/pucch0/ip/pucch0_sync_cyclic_0_0/sync_cyclic.srcs/sources_1/ip/cycliic_fifo_0/cycliic_fifo_0.xml'.
CRITICAL WARNING: [IP_Flow 19-194] Failed to save IP instance 'cycliic_fifo_0'.
CRITICAL WARNING: [IP_Flow 19-193] Failed to save BOM file 'd:/FPGA/Vivaldo Project/PUCCH-FORMAT-0/pucch0/pucch0.srcs/sources_1/bd/pucch0/ip/pucch0_cyclic_gen_0_0/cyclic_shift.srcs/sources_1/ip/cyclic_cmpy_0/cyclic_cmpy_0.xml'.
CRITICAL WARNING: [IP_Flow 19-194] Failed to save IP instance 'cyclic_cmpy_0'.
CRITICAL WARNING: [IP_Flow 19-193] Failed to save BOM file 'd:/FPGA/Vivaldo Project/PUCCH-FORMAT-0/pucch0/pucch0.srcs/sources_1/bd/pucch0/ip/pucch0_correlation_0_0/correlation.srcs/sources_1/ip/correlation_cordic_0/correlation_cordic_0.xml'.
CRITICAL WARNING: [IP_Flow 19-194] Failed to save IP instance 'correlation_cordic_0'.
CRITICAL WARNING: [IP_Flow 19-193] Failed to save BOM file 'd:/FPGA/Vivaldo Project/PUCCH-FORMAT-0/pucch0/pucch0.srcs/sources_1/bd/pucch0/ip/pucch0_cyclic_gen_0_1/cyclic_shift.srcs/sources_1/ip/cyclic_fifo_generator_0/cyclic_fifo_generator_0.xml'.
CRITICAL WARNING: [IP_Flow 19-194] Failed to save IP instance 'cyclic_fifo_generator_0'.
Wrote  : <D:\FPGA\Vivaldo Project\PUCCH-FORMAT-0\pucch0\pucch0.srcs\sources_1\bd\pucch0\pucch0.bd> 
INFO: [Coretcl 2-1525] Wrote upgrade log to 'D:/FPGA/Vivaldo Project/PUCCH-FORMAT-0/pucch0/ip_upgrade.log'.
export_ip_user_files -of_objects [get_ips pucch0_ofdm_demodulation_v2_0_0] -no_script -sync -force -quiet
generate_target all [get_files  {{D:/FPGA/Vivaldo Project/PUCCH-FORMAT-0/pucch0/pucch0.srcs/sources_1/bd/pucch0/pucch0.bd}}]
CRITICAL WARNING: [BD 41-759] The input pins (listed below) are either not connected or do not have a source port, and they don't have a tie-off specified. These pins are tied-off to all 0's to avoid error in Implementation flow.
Please check your design and connect them as needed: 
/combine_rx_sym_0/in_sqrt
/correlation_0/resourcesetresourceset

CRITICAL WARNING: [IP_Flow 19-193] Failed to save BOM file 'd:/FPGA/Vivaldo Project/PUCCH-FORMAT-0/pucch0/pucch0.srcs/sources_1/bd/pucch0/ip/pucch0_combine_rx_sym_0_0/combine_rx_sym.srcs/sources_1/ip/combine_fifo_generator_0/combine_fifo_generator_0.xml'.
CRITICAL WARNING: [IP_Flow 19-194] Failed to save IP instance 'combine_fifo_generator_0'.
CRITICAL WARNING: [IP_Flow 19-193] Failed to save BOM file 'd:/FPGA/Vivaldo Project/PUCCH-FORMAT-0/pucch0/pucch0.srcs/sources_1/bd/pucch0/ip/pucch0_rx_duplication_0_0/rx_duplication.srcs/sources_1/ip/rx_dup_mem_1/rx_dup_mem_1.xml'.
CRITICAL WARNING: [IP_Flow 19-194] Failed to save IP instance 'rx_dup_mem_1'.
CRITICAL WARNING: [IP_Flow 19-193] Failed to save BOM file 'd:/FPGA/Vivaldo Project/PUCCH-FORMAT-0/pucch0/pucch0.srcs/sources_1/bd/pucch0/ip/pucch0_sync_cyclic_0_0/sync_cyclic.srcs/sources_1/ip/cycliic_fifo_0/cycliic_fifo_0.xml'.
CRITICAL WARNING: [IP_Flow 19-194] Failed to save IP instance 'cycliic_fifo_0'.
CRITICAL WARNING: [IP_Flow 19-193] Failed to save BOM file 'd:/FPGA/Vivaldo Project/PUCCH-FORMAT-0/pucch0/pucch0.srcs/sources_1/bd/pucch0/ip/pucch0_cyclic_gen_0_0/cyclic_shift.srcs/sources_1/ip/cyclic_cmpy_0/cyclic_cmpy_0.xml'.
CRITICAL WARNING: [IP_Flow 19-194] Failed to save IP instance 'cyclic_cmpy_0'.
CRITICAL WARNING: [IP_Flow 19-193] Failed to save BOM file 'd:/FPGA/Vivaldo Project/PUCCH-FORMAT-0/pucch0/pucch0.srcs/sources_1/bd/pucch0/ip/pucch0_correlation_0_0/correlation.srcs/sources_1/ip/correlation_cordic_0/correlation_cordic_0.xml'.
CRITICAL WARNING: [IP_Flow 19-194] Failed to save IP instance 'correlation_cordic_0'.
CRITICAL WARNING: [IP_Flow 19-193] Failed to save BOM file 'd:/FPGA/Vivaldo Project/PUCCH-FORMAT-0/pucch0/pucch0.srcs/sources_1/bd/pucch0/ip/pucch0_cyclic_gen_0_1/cyclic_shift.srcs/sources_1/ip/cyclic_fifo_generator_0/cyclic_fifo_generator_0.xml'.
CRITICAL WARNING: [IP_Flow 19-194] Failed to save IP instance 'cyclic_fifo_generator_0'.
Wrote  : <D:\FPGA\Vivaldo Project\PUCCH-FORMAT-0\pucch0\pucch0.srcs\sources_1\bd\pucch0\pucch0.bd> 
CRITICAL WARNING: [BD 41-1228] Width mismatch when connecting input pin '/demapping_0/uci_slot'(5) to net 'slot_ind_1'(8) - Only lower order bits will be connected, and other input bits of this pin will be left unconnected.
CRITICAL WARNING: [BD 41-1228] Width mismatch when connecting input pin '/cyclic_gen_0/uci_slot'(5) to net 'slot_ind_1'(8) - Only lower order bits will be connected, and other input bits of this pin will be left unconnected.
CRITICAL WARNING: [BD 41-1228] Width mismatch when connecting input pin '/cyclic_gen_1/uci_slot'(5) to net 'slot_ind_1'(8) - Only lower order bits will be connected, and other input bits of this pin will be left unconnected.
CRITICAL WARNING: [BD 41-1228] Width mismatch when connecting input pin '/demapping_0/uci_first_symbol_idx'(4) to net 'layer2_parameter_0_uci_frist_symbol'(8) - Only lower order bits will be connected, and other input bits of this pin will be left unconnected.
CRITICAL WARNING: [BD 41-1228] Width mismatch when connecting input pin '/cyclic_gen_0/uci_first_symbol'(4) to net 'layer2_parameter_0_uci_frist_symbol'(8) - Only lower order bits will be connected, and other input bits of this pin will be left unconnected.
CRITICAL WARNING: [BD 41-1228] Width mismatch when connecting input pin '/cyclic_gen_1/uci_first_symbol'(4) to net 'layer2_parameter_0_uci_frist_symbol'(8) - Only lower order bits will be connected, and other input bits of this pin will be left unconnected.
CRITICAL WARNING: [BD 41-1228] Width mismatch when connecting input pin '/demapping_0/uci_nsymbols'(2) to net 'layer2_parameter_0_uci_symbol'(8) - Only lower order bits will be connected, and other input bits of this pin will be left unconnected.
CRITICAL WARNING: [BD 41-1228] Width mismatch when connecting input pin '/demapping_0/uci_prbsoffset'(2) to net 'layer2_parameter_0_uci_pbr_offset'(16) - Only lower order bits will be connected, and other input bits of this pin will be left unconnected.
CRITICAL WARNING: [BD 41-1228] Width mismatch when connecting input pin '/demapping_0/uci_secondhop_prb'(10) to net 'layer2_parameter_0_uci_second_prb'(16) - Only lower order bits will be connected, and other input bits of this pin will be left unconnected.
CRITICAL WARNING: [BD 41-1228] Width mismatch when connecting input pin '/cyclic_gen_0/uci_nID'(11) to net 'layer2_parameter_0_uci_nid'(16) - Only lower order bits will be connected, and other input bits of this pin will be left unconnected.
CRITICAL WARNING: [BD 41-1228] Width mismatch when connecting input pin '/cyclic_gen_1/uci_nID'(11) to net 'layer2_parameter_0_uci_nid'(16) - Only lower order bits will be connected, and other input bits of this pin will be left unconnected.
CRITICAL WARNING: [BD 41-1228] Width mismatch when connecting input pin '/cyclic_gen_0/uci_m0'(4) to net 'layer2_parameter_0_uci_m0'(16) - Only lower order bits will be connected, and other input bits of this pin will be left unconnected.
CRITICAL WARNING: [BD 41-1228] Width mismatch when connecting input pin '/cyclic_gen_1/uci_m0'(4) to net 'layer2_parameter_0_uci_m0'(16) - Only lower order bits will be connected, and other input bits of this pin will be left unconnected.
CRITICAL WARNING: [BD 41-1228] Width mismatch when connecting input pin '/peak_search_0/uci_ack'(2) to net 'layer2_parameter_0_uci_ack'(16) - Only lower order bits will be connected, and other input bits of this pin will be left unconnected.
CRITICAL WARNING: [BD 41-1228] Width mismatch when connecting input pin '/cyclic_gen_0/uci_ack'(2) to net 'layer2_parameter_0_uci_ack'(16) - Only lower order bits will be connected, and other input bits of this pin will be left unconnected.
CRITICAL WARNING: [BD 41-1228] Width mismatch when connecting input pin '/cyclic_gen_1/uci_ack'(2) to net 'layer2_parameter_0_uci_ack'(16) - Only lower order bits will be connected, and other input bits of this pin will be left unconnected.
CRITICAL WARNING: [BD 41-1228] Width mismatch when connecting input pin '/cyclic_gen_0/uci_grouphopping'(2) to net 'group_hopping_1'(8) - Only lower order bits will be connected, and other input bits of this pin will be left unconnected.
CRITICAL WARNING: [BD 41-1228] Width mismatch when connecting input pin '/cyclic_gen_1/uci_grouphopping'(2) to net 'group_hopping_1'(8) - Only lower order bits will be connected, and other input bits of this pin will be left unconnected.
CRITICAL WARNING: [BD 41-1228] Width mismatch when connecting input pin '/ofdm_demodulation_v2_0/scale_factor'(4) to net 'xlconstant_2_dout'(3) - Only lower order bits will be connected, and other input bits of this pin will be left unconnected.
CRITICAL WARNING: [BD 41-1228] Width mismatch when connecting input pin '/ofdm_demodulation_v2_0/ant_input'(32) to net 'xlslice_0_Dout'(16) - Only lower order bits will be connected, and other input bits of this pin will be left unconnected.
VHDL Output written to : D:/FPGA/Vivaldo Project/PUCCH-FORMAT-0/pucch0/pucch0.srcs/sources_1/bd/pucch0/synth/pucch0.v
CRITICAL WARNING: [BD 41-1228] Width mismatch when connecting input pin '/demapping_0/uci_slot'(5) to net 'slot_ind_1'(8) - Only lower order bits will be connected, and other input bits of this pin will be left unconnected.
CRITICAL WARNING: [BD 41-1228] Width mismatch when connecting input pin '/cyclic_gen_0/uci_slot'(5) to net 'slot_ind_1'(8) - Only lower order bits will be connected, and other input bits of this pin will be left unconnected.
CRITICAL WARNING: [BD 41-1228] Width mismatch when connecting input pin '/cyclic_gen_1/uci_slot'(5) to net 'slot_ind_1'(8) - Only lower order bits will be connected, and other input bits of this pin will be left unconnected.
CRITICAL WARNING: [BD 41-1228] Width mismatch when connecting input pin '/demapping_0/uci_first_symbol_idx'(4) to net 'layer2_parameter_0_uci_frist_symbol'(8) - Only lower order bits will be connected, and other input bits of this pin will be left unconnected.
CRITICAL WARNING: [BD 41-1228] Width mismatch when connecting input pin '/cyclic_gen_0/uci_first_symbol'(4) to net 'layer2_parameter_0_uci_frist_symbol'(8) - Only lower order bits will be connected, and other input bits of this pin will be left unconnected.
CRITICAL WARNING: [BD 41-1228] Width mismatch when connecting input pin '/cyclic_gen_1/uci_first_symbol'(4) to net 'layer2_parameter_0_uci_frist_symbol'(8) - Only lower order bits will be connected, and other input bits of this pin will be left unconnected.
CRITICAL WARNING: [BD 41-1228] Width mismatch when connecting input pin '/demapping_0/uci_nsymbols'(2) to net 'layer2_parameter_0_uci_symbol'(8) - Only lower order bits will be connected, and other input bits of this pin will be left unconnected.
CRITICAL WARNING: [BD 41-1228] Width mismatch when connecting input pin '/demapping_0/uci_prbsoffset'(2) to net 'layer2_parameter_0_uci_pbr_offset'(16) - Only lower order bits will be connected, and other input bits of this pin will be left unconnected.
CRITICAL WARNING: [BD 41-1228] Width mismatch when connecting input pin '/demapping_0/uci_secondhop_prb'(10) to net 'layer2_parameter_0_uci_second_prb'(16) - Only lower order bits will be connected, and other input bits of this pin will be left unconnected.
CRITICAL WARNING: [BD 41-1228] Width mismatch when connecting input pin '/cyclic_gen_0/uci_nID'(11) to net 'layer2_parameter_0_uci_nid'(16) - Only lower order bits will be connected, and other input bits of this pin will be left unconnected.
CRITICAL WARNING: [BD 41-1228] Width mismatch when connecting input pin '/cyclic_gen_1/uci_nID'(11) to net 'layer2_parameter_0_uci_nid'(16) - Only lower order bits will be connected, and other input bits of this pin will be left unconnected.
CRITICAL WARNING: [BD 41-1228] Width mismatch when connecting input pin '/cyclic_gen_0/uci_m0'(4) to net 'layer2_parameter_0_uci_m0'(16) - Only lower order bits will be connected, and other input bits of this pin will be left unconnected.
CRITICAL WARNING: [BD 41-1228] Width mismatch when connecting input pin '/cyclic_gen_1/uci_m0'(4) to net 'layer2_parameter_0_uci_m0'(16) - Only lower order bits will be connected, and other input bits of this pin will be left unconnected.
CRITICAL WARNING: [BD 41-1228] Width mismatch when connecting input pin '/peak_search_0/uci_ack'(2) to net 'layer2_parameter_0_uci_ack'(16) - Only lower order bits will be connected, and other input bits of this pin will be left unconnected.
CRITICAL WARNING: [BD 41-1228] Width mismatch when connecting input pin '/cyclic_gen_0/uci_ack'(2) to net 'layer2_parameter_0_uci_ack'(16) - Only lower order bits will be connected, and other input bits of this pin will be left unconnected.
CRITICAL WARNING: [BD 41-1228] Width mismatch when connecting input pin '/cyclic_gen_1/uci_ack'(2) to net 'layer2_parameter_0_uci_ack'(16) - Only lower order bits will be connected, and other input bits of this pin will be left unconnected.
CRITICAL WARNING: [BD 41-1228] Width mismatch when connecting input pin '/cyclic_gen_0/uci_grouphopping'(2) to net 'group_hopping_1'(8) - Only lower order bits will be connected, and other input bits of this pin will be left unconnected.
CRITICAL WARNING: [BD 41-1228] Width mismatch when connecting input pin '/cyclic_gen_1/uci_grouphopping'(2) to net 'group_hopping_1'(8) - Only lower order bits will be connected, and other input bits of this pin will be left unconnected.
CRITICAL WARNING: [BD 41-1228] Width mismatch when connecting input pin '/ofdm_demodulation_v2_0/scale_factor'(4) to net 'xlconstant_2_dout'(3) - Only lower order bits will be connected, and other input bits of this pin will be left unconnected.
CRITICAL WARNING: [BD 41-1228] Width mismatch when connecting input pin '/ofdm_demodulation_v2_0/ant_input'(32) to net 'xlslice_0_Dout'(16) - Only lower order bits will be connected, and other input bits of this pin will be left unconnected.
VHDL Output written to : D:/FPGA/Vivaldo Project/PUCCH-FORMAT-0/pucch0/pucch0.srcs/sources_1/bd/pucch0/sim/pucch0.v
VHDL Output written to : D:/FPGA/Vivaldo Project/PUCCH-FORMAT-0/pucch0/pucch0.srcs/sources_1/bd/pucch0/hdl/pucch0_wrapper.v
INFO: [BD 41-1029] Generation completed for the IP Integrator block physical_control_0 .
INFO: [BD 41-1029] Generation completed for the IP Integrator block demapping_0 .
CRITICAL WARNING: [IP_Flow 19-193] Failed to save BOM file 'd:/FPGA/Vivaldo Project/PUCCH-FORMAT-0/pucch0/pucch0.srcs/sources_1/bd/pucch0/ip/pucch0_rx_duplication_0_0/rx_duplication.srcs/sources_1/ip/rx_dup_mem_1/rx_dup_mem_1.xml'.
CRITICAL WARNING: [IP_Flow 19-194] Failed to save IP instance 'rx_dup_mem_1'.
CRITICAL WARNING: [IP_Flow 19-193] Failed to save BOM file 'd:/FPGA/Vivaldo Project/PUCCH-FORMAT-0/pucch0/pucch0.srcs/sources_1/bd/pucch0/ip/pucch0_rx_duplication_0_0/rx_duplication.srcs/sources_1/ip/rx_dup_mem_1/rx_dup_mem_1.xml'.
CRITICAL WARNING: [IP_Flow 19-194] Failed to save IP instance 'rx_dup_mem_1'.
CRITICAL WARNING: [IP_Flow 19-193] Failed to save BOM file 'd:/FPGA/Vivaldo Project/PUCCH-FORMAT-0/pucch0/pucch0.srcs/sources_1/bd/pucch0/ip/pucch0_rx_duplication_0_0/rx_duplication.srcs/sources_1/ip/rx_dup_mem_1/rx_dup_mem_1.xml'.
CRITICAL WARNING: [IP_Flow 19-194] Failed to save IP instance 'rx_dup_mem_1'.
ERROR: [IP_Flow 19-98] Generation of the IP CORE failed.
ERROR: [BD 41-1030] Generation failed for the IP Integrator block rx_duplication_0 
CRITICAL WARNING: [IP_Flow 19-193] Failed to save BOM file 'd:/FPGA/Vivaldo Project/PUCCH-FORMAT-0/pucch0/pucch0.srcs/sources_1/bd/pucch0/ip/pucch0_correlation_0_0/correlation.srcs/sources_1/ip/correlation_cordic_0/correlation_cordic_0.xml'.
CRITICAL WARNING: [IP_Flow 19-194] Failed to save IP instance 'correlation_cordic_0'.
CRITICAL WARNING: [IP_Flow 19-193] Failed to save BOM file 'd:/FPGA/Vivaldo Project/PUCCH-FORMAT-0/pucch0/pucch0.srcs/sources_1/bd/pucch0/ip/pucch0_correlation_0_0/correlation.srcs/sources_1/ip/correlation_cordic_0/correlation_cordic_0.xml'.
CRITICAL WARNING: [IP_Flow 19-194] Failed to save IP instance 'correlation_cordic_0'.
CRITICAL WARNING: [IP_Flow 19-193] Failed to save BOM file 'd:/FPGA/Vivaldo Project/PUCCH-FORMAT-0/pucch0/pucch0.srcs/sources_1/bd/pucch0/ip/pucch0_correlation_0_0/correlation.srcs/sources_1/ip/correlation_cordic_0/correlation_cordic_0.xml'.
CRITICAL WARNING: [IP_Flow 19-194] Failed to save IP instance 'correlation_cordic_0'.
ERROR: [IP_Flow 19-98] Generation of the IP CORE failed.
ERROR: [BD 41-1030] Generation failed for the IP Integrator block correlation_0 
CRITICAL WARNING: [IP_Flow 19-193] Failed to save BOM file 'd:/FPGA/Vivaldo Project/PUCCH-FORMAT-0/pucch0/pucch0.srcs/sources_1/bd/pucch0/ip/pucch0_combine_rx_sym_0_0/combine_rx_sym.srcs/sources_1/ip/combine_fifo_generator_0/combine_fifo_generator_0.xml'.
CRITICAL WARNING: [IP_Flow 19-194] Failed to save IP instance 'combine_fifo_generator_0'.
CRITICAL WARNING: [IP_Flow 19-193] Failed to save BOM file 'd:/FPGA/Vivaldo Project/PUCCH-FORMAT-0/pucch0/pucch0.srcs/sources_1/bd/pucch0/ip/pucch0_combine_rx_sym_0_0/combine_rx_sym.srcs/sources_1/ip/combine_fifo_generator_0/combine_fifo_generator_0.xml'.
CRITICAL WARNING: [IP_Flow 19-194] Failed to save IP instance 'combine_fifo_generator_0'.
CRITICAL WARNING: [IP_Flow 19-193] Failed to save BOM file 'd:/FPGA/Vivaldo Project/PUCCH-FORMAT-0/pucch0/pucch0.srcs/sources_1/bd/pucch0/ip/pucch0_combine_rx_sym_0_0/combine_rx_sym.srcs/sources_1/ip/combine_fifo_generator_0/combine_fifo_generator_0.xml'.
CRITICAL WARNING: [IP_Flow 19-194] Failed to save IP instance 'combine_fifo_generator_0'.
ERROR: [IP_Flow 19-98] Generation of the IP CORE failed.
ERROR: [BD 41-1030] Generation failed for the IP Integrator block combine_rx_sym_0 
INFO: [BD 41-1029] Generation completed for the IP Integrator block peak_search_0 .
INFO: [BD 41-1029] Generation completed for the IP Integrator block frame_sync_0 .
INFO: [BD 41-1029] Generation completed for the IP Integrator block layer2_parameter_0 .
INFO: [BD 41-1029] Generation completed for the IP Integrator block xlconstant_0 .
INFO: [BD 41-1029] Generation completed for the IP Integrator block xlconstant_1 .
CRITICAL WARNING: [IP_Flow 19-193] Failed to save BOM file 'd:/FPGA/Vivaldo Project/PUCCH-FORMAT-0/pucch0/pucch0.srcs/sources_1/bd/pucch0/ip/pucch0_sync_cyclic_0_0/sync_cyclic.srcs/sources_1/ip/cycliic_fifo_0/cycliic_fifo_0.xml'.
CRITICAL WARNING: [IP_Flow 19-194] Failed to save IP instance 'cycliic_fifo_0'.
CRITICAL WARNING: [IP_Flow 19-193] Failed to save BOM file 'd:/FPGA/Vivaldo Project/PUCCH-FORMAT-0/pucch0/pucch0.srcs/sources_1/bd/pucch0/ip/pucch0_sync_cyclic_0_0/sync_cyclic.srcs/sources_1/ip/cycliic_fifo_0/cycliic_fifo_0.xml'.
CRITICAL WARNING: [IP_Flow 19-194] Failed to save IP instance 'cycliic_fifo_0'.
CRITICAL WARNING: [IP_Flow 19-193] Failed to save BOM file 'd:/FPGA/Vivaldo Project/PUCCH-FORMAT-0/pucch0/pucch0.srcs/sources_1/bd/pucch0/ip/pucch0_sync_cyclic_0_0/sync_cyclic.srcs/sources_1/ip/cycliic_fifo_0/cycliic_fifo_0.xml'.
CRITICAL WARNING: [IP_Flow 19-194] Failed to save IP instance 'cycliic_fifo_0'.
ERROR: [IP_Flow 19-98] Generation of the IP CORE failed.
ERROR: [BD 41-1030] Generation failed for the IP Integrator block sync_cyclic_0 
INFO: [BD 41-1029] Generation completed for the IP Integrator block frame_sync_1 .
INFO: [BD 41-1029] Generation completed for the IP Integrator block xlconcat_0 .
CRITICAL WARNING: [IP_Flow 19-193] Failed to save BOM file 'd:/FPGA/Vivaldo Project/PUCCH-FORMAT-0/pucch0/pucch0.srcs/sources_1/bd/pucch0/ip/pucch0_ofdm_demodulation_v2_0_0/ofdm_demodulation.srcs/sources_1/ip/xfft_0/xfft_0.xml'.
CRITICAL WARNING: [IP_Flow 19-194] Failed to save IP instance 'xfft_0'.
CRITICAL WARNING: [IP_Flow 19-193] Failed to save BOM file 'd:/FPGA/Vivaldo Project/PUCCH-FORMAT-0/pucch0/pucch0.srcs/sources_1/bd/pucch0/ip/pucch0_ofdm_demodulation_v2_0_0/ofdm_demodulation.srcs/sources_1/ip/xfft_0/xfft_0.xml'.
CRITICAL WARNING: [IP_Flow 19-194] Failed to save IP instance 'xfft_0'.
ERROR: [IP_Flow 19-98] Generation of the IP CORE failed.
ERROR: [BD 41-1030] Generation failed for the IP Integrator block ofdm_demodulation_v2_0 
INFO: [BD 41-1029] Generation completed for the IP Integrator block xlconstant_2 .
INFO: [BD 41-1029] Generation completed for the IP Integrator block xlslice_0 .
CRITICAL WARNING: [IP_Flow 19-193] Failed to save BOM file 'd:/FPGA/Vivaldo Project/PUCCH-FORMAT-0/pucch0/pucch0.srcs/sources_1/bd/pucch0/ip/pucch0_cyclic_gen_0_0/cyclic_shift.srcs/sources_1/ip/cyclic_cmpy_0/cyclic_cmpy_0.xml'.
CRITICAL WARNING: [IP_Flow 19-194] Failed to save IP instance 'cyclic_cmpy_0'.
CRITICAL WARNING: [IP_Flow 19-193] Failed to save BOM file 'd:/FPGA/Vivaldo Project/PUCCH-FORMAT-0/pucch0/pucch0.srcs/sources_1/bd/pucch0/ip/pucch0_cyclic_gen_0_0/cyclic_shift.srcs/sources_1/ip/cyclic_cmpy_0/cyclic_cmpy_0.xml'.
CRITICAL WARNING: [IP_Flow 19-194] Failed to save IP instance 'cyclic_cmpy_0'.
CRITICAL WARNING: [IP_Flow 19-193] Failed to save BOM file 'd:/FPGA/Vivaldo Project/PUCCH-FORMAT-0/pucch0/pucch0.srcs/sources_1/bd/pucch0/ip/pucch0_cyclic_gen_0_0/cyclic_shift.srcs/sources_1/ip/cyclic_cmpy_0/cyclic_cmpy_0.xml'.
CRITICAL WARNING: [IP_Flow 19-194] Failed to save IP instance 'cyclic_cmpy_0'.
ERROR: [IP_Flow 19-98] Generation of the IP CORE failed.
ERROR: [BD 41-1030] Generation failed for the IP Integrator block cyclic_gen_0 
CRITICAL WARNING: [IP_Flow 19-193] Failed to save BOM file 'd:/FPGA/Vivaldo Project/PUCCH-FORMAT-0/pucch0/pucch0.srcs/sources_1/bd/pucch0/ip/pucch0_cyclic_gen_0_1/cyclic_shift.srcs/sources_1/ip/cyclic_fifo_generator_0/cyclic_fifo_generator_0.xml'.
CRITICAL WARNING: [IP_Flow 19-194] Failed to save IP instance 'cyclic_fifo_generator_0'.
CRITICAL WARNING: [IP_Flow 19-193] Failed to save BOM file 'd:/FPGA/Vivaldo Project/PUCCH-FORMAT-0/pucch0/pucch0.srcs/sources_1/bd/pucch0/ip/pucch0_cyclic_gen_0_1/cyclic_shift.srcs/sources_1/ip/cyclic_fifo_generator_0/cyclic_fifo_generator_0.xml'.
CRITICAL WARNING: [IP_Flow 19-194] Failed to save IP instance 'cyclic_fifo_generator_0'.
CRITICAL WARNING: [IP_Flow 19-193] Failed to save BOM file 'd:/FPGA/Vivaldo Project/PUCCH-FORMAT-0/pucch0/pucch0.srcs/sources_1/bd/pucch0/ip/pucch0_cyclic_gen_0_1/cyclic_shift.srcs/sources_1/ip/cyclic_fifo_generator_0/cyclic_fifo_generator_0.xml'.
CRITICAL WARNING: [IP_Flow 19-194] Failed to save IP instance 'cyclic_fifo_generator_0'.
ERROR: [IP_Flow 19-98] Generation of the IP CORE failed.
ERROR: [BD 41-1030] Generation failed for the IP Integrator block cyclic_gen_1 
Exporting to file D:/FPGA/Vivaldo Project/PUCCH-FORMAT-0/pucch0/pucch0.srcs/sources_1/bd/pucch0/hw_handoff/pucch0.hwh
CRITICAL WARNING: [BD 41-1938] The current design is out-of-date/locked, so it is best to update before calling write_bd_tcl, however, a Tcl script is still generated for the current design.
Generated Block Design Tcl file D:/FPGA/Vivaldo Project/PUCCH-FORMAT-0/pucch0/pucch0.srcs/sources_1/bd/pucch0/hw_handoff/pucch0_bd.tcl
Generated Hardware Definition File D:/FPGA/Vivaldo Project/PUCCH-FORMAT-0/pucch0/pucch0.srcs/sources_1/bd/pucch0/synth/pucch0.hwdef
ERROR: [Common 17-39] 'generate_target' failed due to earlier errors.
report_ip_status -name ip_status 
WARNING: [IP_Flow 19-4318] IP-XACT file does not exist: d:/FPGA/Vivaldo Project/PUCCH-FORMAT-0/all_sub_ips/ctr_pre_fft/component.xml. It will be created.
update_ip_catalog -rebuild -scan_changes
INFO: [IP_Flow 19-234] Refreshing IP repositories
INFO: [IP_Flow 19-1700] Loaded user IP repository 'd:/FPGA/Vivaldo Project/PUCCH-FORMAT-0'.
WARNING: [IP_Flow 19-3656] If you move the project, the path for repository 'd:/FPGA/Vivaldo Project/PUCCH-FORMAT-0' may become invalid. A better location for the repository would be in a path adjacent to the project. (Current project location is 'd:/FPGA/Vivaldo Project/PUCCH-FORMAT-0/pucch0'.)
report_ip_status -name ip_status
update_ip_catalog -rebuild
INFO: [IP_Flow 19-234] Refreshing IP repositories
INFO: [IP_Flow 19-1700] Loaded user IP repository 'd:/FPGA/Vivaldo Project/PUCCH-FORMAT-0'.
WARNING: [IP_Flow 19-3656] If you move the project, the path for repository 'd:/FPGA/Vivaldo Project/PUCCH-FORMAT-0' may become invalid. A better location for the repository would be in a path adjacent to the project. (Current project location is 'd:/FPGA/Vivaldo Project/PUCCH-FORMAT-0/pucch0'.)
close_project
exit
INFO: [Common 17-206] Exiting Vivado at Tue Dec 30 02:12:59 2025...
