#-----------------------------------------------------------
# Vivado v2019.2 (64-bit)
# SW Build 2708876 on Wed Nov  6 21:40:23 MST 2019
# IP Build 2700528 on Thu Nov  7 00:09:20 MST 2019
# Start of session at: Wed Dec 24 22:25:48 2025
# Process ID: 33924
# Current directory: D:/FPGA/Vivaldo Project/PUCCH-FORMAT-0/Cyclic_Shift_Gen/cyclic_shift_gen
# Command line: vivado.exe -gui_launcher_event rodinguilauncherevent31604 D:\FPGA\Vivaldo Project\PUCCH-FORMAT-0\Cyclic_Shift_Gen\cyclic_shift_gen\cyclic_shift_generator.xpr
# Log file: D:/FPGA/Vivaldo Project/PUCCH-FORMAT-0/Cyclic_Shift_Gen/cyclic_shift_gen/vivado.log
# Journal file: D:/FPGA/Vivaldo Project/PUCCH-FORMAT-0/Cyclic_Shift_Gen/cyclic_shift_gen\vivado.jou
#-----------------------------------------------------------
start_gui
open_project {D:/FPGA/Vivaldo Project/PUCCH-FORMAT-0/Cyclic_Shift_Gen/cyclic_shift_gen/cyclic_shift_generator.xpr}
INFO: [Project 1-313] Project file moved from 'D:/FPGA/Vivaldo Project/PUCCH-FORMAT-0/Cyclic_Shift_Generator/cyclic_shift_generator' since last save.
Scanning sources...
Finished scanning sources
WARNING: [filemgmt 56-3] IP Repository Path: Could not find the directory 'D:/FPGA/Vivaldo Project/PUCCH-FORMAT-0/Cyclic_Shift_Generator'.
INFO: [IP_Flow 19-234] Refreshing IP repositories
WARNING: [IP_Flow 19-2248] Failed to load user IP repository 'd:/FPGA/Vivaldo Project/PUCCH-FORMAT-0/Cyclic_Shift_Generator'; Can't find the specified path.
If this directory should no longer be in your list of user repositories, go to the IP Settings dialog and remove it.
INFO: [IP_Flow 19-2313] Loaded Vivado IP repository 'D:/Xilinx/Vivado/2019.2/data/ip'.
WARNING: [IP_Flow 19-2162] IP 'base_sequence_0' is locked:
* IP definition 'base_sequence (1.0)' for IP 'base_sequence_0' (customized with software release 2019.2) was not found in the IP Catalog.
open_project: Time (s): cpu = 00:00:14 ; elapsed = 00:00:07 . Memory (MB): peak = 1064.562 ; gain = 155.641
update_compile_order -fileset sources_1
export_ip_user_files -of_objects  [get_files {{D:/FPGA/Vivaldo Project/PUCCH-FORMAT-0/Cyclic_Shift_Gen/cyclic_shift_gen/cyclic_shift_generator.srcs/sources_1/ip/base_sequence_0/base_sequence_0.xci}}] -no_script -reset -force -quiet
remove_files  {{D:/FPGA/Vivaldo Project/PUCCH-FORMAT-0/Cyclic_Shift_Gen/cyclic_shift_gen/cyclic_shift_generator.srcs/sources_1/ip/base_sequence_0/base_sequence_0.xci}}
file delete -force {D:/FPGA/Vivaldo Project/PUCCH-FORMAT-0/Cyclic_Shift_Gen/cyclic_shift_gen/cyclic_shift_generator.srcs/sources_1/ip/base_sequence_0}
set_property  ip_repo_paths  {} [current_project]
update_ip_catalog
INFO: [IP_Flow 19-234] Refreshing IP repositories
INFO: [IP_Flow 19-1704] No user IP repositories specified
set_property  ip_repo_paths  {{D:/FPGA/Vivaldo Project/PUCCH-FORMAT-0/Cyclic_Shift_Gen}} [current_project]
update_ip_catalog
INFO: [IP_Flow 19-234] Refreshing IP repositories
INFO: [IP_Flow 19-1700] Loaded user IP repository 'd:/FPGA/Vivaldo Project/PUCCH-FORMAT-0/Cyclic_Shift_Gen'.
WARNING: [IP_Flow 19-3656] If you move the project, the path for repository 'd:/FPGA/Vivaldo Project/PUCCH-FORMAT-0/Cyclic_Shift_Gen' may become invalid. A better location for the repository would be in a path adjacent to the project. (Current project location is 'd:/FPGA/Vivaldo Project/PUCCH-FORMAT-0/Cyclic_Shift_Gen/cyclic_shift_gen'.)
create_ip -name base_sequence -vendor xilinx.com -library user -version 1.0 -module_name base_sequence_0 -dir {d:/FPGA/Vivaldo Project/PUCCH-FORMAT-0/Cyclic_Shift_Gen/cyclic_shift_gen/cyclic_shift_generator.srcs/sources_1/ip}
generate_target {instantiation_template} [get_files {{d:/FPGA/Vivaldo Project/PUCCH-FORMAT-0/Cyclic_Shift_Gen/cyclic_shift_gen/cyclic_shift_generator.srcs/sources_1/ip/base_sequence_0/base_sequence_0.xci}}]
INFO: [IP_Flow 19-1686] Generating 'Instantiation Template' target for IP 'base_sequence_0'...
set_property generate_synth_checkpoint false [get_files  {{d:/FPGA/Vivaldo Project/PUCCH-FORMAT-0/Cyclic_Shift_Gen/cyclic_shift_gen/cyclic_shift_generator.srcs/sources_1/ip/base_sequence_0/base_sequence_0.xci}}]
generate_target all [get_files  {{d:/FPGA/Vivaldo Project/PUCCH-FORMAT-0/Cyclic_Shift_Gen/cyclic_shift_gen/cyclic_shift_generator.srcs/sources_1/ip/base_sequence_0/base_sequence_0.xci}}]
INFO: [IP_Flow 19-1686] Generating 'Instantiation Template' target for IP 'base_sequence_0'...
INFO: [IP_Flow 19-1686] Generating 'Synthesis' target for IP 'base_sequence_0'...
INFO: [IP_Flow 19-1686] Generating 'Simulation' target for IP 'base_sequence_0'...
INFO: [IP_Flow 19-1686] Generating 'Test Bench' target for IP 'base_sequence_0'...
INFO: [IP_Flow 19-3422] Upgraded scramble_sequence_8bits_0 (scramble_sequence_8bits_v1_0 1.0) from revision 2 to revision 4
generate_target: Time (s): cpu = 00:00:07 ; elapsed = 00:00:08 . Memory (MB): peak = 1108.887 ; gain = 31.344
export_ip_user_files -of_objects [get_files {{d:/FPGA/Vivaldo Project/PUCCH-FORMAT-0/Cyclic_Shift_Gen/cyclic_shift_gen/cyclic_shift_generator.srcs/sources_1/ip/base_sequence_0/base_sequence_0.xci}}] -no_script -sync -force -quiet
export_simulation -of_objects [get_files {{d:/FPGA/Vivaldo Project/PUCCH-FORMAT-0/Cyclic_Shift_Gen/cyclic_shift_gen/cyclic_shift_generator.srcs/sources_1/ip/base_sequence_0/base_sequence_0.xci}}] -directory {D:/FPGA/Vivaldo Project/PUCCH-FORMAT-0/Cyclic_Shift_Gen/cyclic_shift_gen/cyclic_shift_generator.ip_user_files/sim_scripts} -ip_user_files_dir {D:/FPGA/Vivaldo Project/PUCCH-FORMAT-0/Cyclic_Shift_Gen/cyclic_shift_gen/cyclic_shift_generator.ip_user_files} -ipstatic_source_dir {D:/FPGA/Vivaldo Project/PUCCH-FORMAT-0/Cyclic_Shift_Gen/cyclic_shift_gen/cyclic_shift_generator.ip_user_files/ipstatic} -lib_map_path [list {modelsim=D:/FPGA/Vivaldo Project/PUCCH-FORMAT-0/Cyclic_Shift_Gen/cyclic_shift_gen/cyclic_shift_generator.cache/compile_simlib/modelsim} {questa=D:/FPGA/Vivaldo Project/PUCCH-FORMAT-0/Cyclic_Shift_Gen/cyclic_shift_gen/cyclic_shift_generator.cache/compile_simlib/questa} {riviera=D:/FPGA/Vivaldo Project/PUCCH-FORMAT-0/Cyclic_Shift_Gen/cyclic_shift_gen/cyclic_shift_generator.cache/compile_simlib/riviera} {activehdl=D:/FPGA/Vivaldo Project/PUCCH-FORMAT-0/Cyclic_Shift_Gen/cyclic_shift_gen/cyclic_shift_generator.cache/compile_simlib/activehdl}] -use_ip_compiled_libs -force -quiet
update_compile_order -fileset sources_1
create_ip -name phase_generator -vendor xilinx.com -library user -version 1.0 -module_name phase_generator_0 -dir {d:/FPGA/Vivaldo Project/PUCCH-FORMAT-0/Cyclic_Shift_Gen/cyclic_shift_gen/cyclic_shift_generator.srcs/sources_1/ip}
generate_target {instantiation_template} [get_files {{d:/FPGA/Vivaldo Project/PUCCH-FORMAT-0/Cyclic_Shift_Gen/cyclic_shift_gen/cyclic_shift_generator.srcs/sources_1/ip/phase_generator_0_1/phase_generator_0.xci}}]
INFO: [IP_Flow 19-1686] Generating 'Instantiation Template' target for IP 'phase_generator_0'...
update_compile_order -fileset sources_1
set_property generate_synth_checkpoint false [get_files  {{d:/FPGA/Vivaldo Project/PUCCH-FORMAT-0/Cyclic_Shift_Gen/cyclic_shift_gen/cyclic_shift_generator.srcs/sources_1/ip/phase_generator_0_1/phase_generator_0.xci}}]
generate_target all [get_files  {{d:/FPGA/Vivaldo Project/PUCCH-FORMAT-0/Cyclic_Shift_Gen/cyclic_shift_gen/cyclic_shift_generator.srcs/sources_1/ip/phase_generator_0_1/phase_generator_0.xci}}]
INFO: [IP_Flow 19-1686] Generating 'Instantiation Template' target for IP 'phase_generator_0'...
INFO: [IP_Flow 19-1686] Generating 'Synthesis' target for IP 'phase_generator_0'...
INFO: [IP_Flow 19-1686] Generating 'Simulation' target for IP 'phase_generator_0'...
INFO: [IP_Flow 19-1686] Generating 'Test Bench' target for IP 'phase_generator_0'...
export_ip_user_files -of_objects [get_files {{d:/FPGA/Vivaldo Project/PUCCH-FORMAT-0/Cyclic_Shift_Gen/cyclic_shift_gen/cyclic_shift_generator.srcs/sources_1/ip/phase_generator_0_1/phase_generator_0.xci}}] -no_script -sync -force -quiet
export_simulation -of_objects [get_files {{d:/FPGA/Vivaldo Project/PUCCH-FORMAT-0/Cyclic_Shift_Gen/cyclic_shift_gen/cyclic_shift_generator.srcs/sources_1/ip/phase_generator_0_1/phase_generator_0.xci}}] -directory {D:/FPGA/Vivaldo Project/PUCCH-FORMAT-0/Cyclic_Shift_Gen/cyclic_shift_gen/cyclic_shift_generator.ip_user_files/sim_scripts} -ip_user_files_dir {D:/FPGA/Vivaldo Project/PUCCH-FORMAT-0/Cyclic_Shift_Gen/cyclic_shift_gen/cyclic_shift_generator.ip_user_files} -ipstatic_source_dir {D:/FPGA/Vivaldo Project/PUCCH-FORMAT-0/Cyclic_Shift_Gen/cyclic_shift_gen/cyclic_shift_generator.ip_user_files/ipstatic} -lib_map_path [list {modelsim=D:/FPGA/Vivaldo Project/PUCCH-FORMAT-0/Cyclic_Shift_Gen/cyclic_shift_gen/cyclic_shift_generator.cache/compile_simlib/modelsim} {questa=D:/FPGA/Vivaldo Project/PUCCH-FORMAT-0/Cyclic_Shift_Gen/cyclic_shift_gen/cyclic_shift_generator.cache/compile_simlib/questa} {riviera=D:/FPGA/Vivaldo Project/PUCCH-FORMAT-0/Cyclic_Shift_Gen/cyclic_shift_gen/cyclic_shift_generator.cache/compile_simlib/riviera} {activehdl=D:/FPGA/Vivaldo Project/PUCCH-FORMAT-0/Cyclic_Shift_Gen/cyclic_shift_gen/cyclic_shift_generator.cache/compile_simlib/activehdl}] -use_ip_compiled_libs -force -quiet
launch_simulation
Command: launch_simulation 
INFO: [Vivado 12-5698] Checking validity of IPs in the design for the 'XSim' simulator...
INFO: [Vivado 12-5682] Launching behavioral simulation in 'D:/FPGA/Vivaldo Project/PUCCH-FORMAT-0/Cyclic_Shift_Gen/cyclic_shift_gen/cyclic_shift_generator.sim/sim_1/behav/xsim'
INFO: [Vivado 12-4795] Using compiled simulation libraries for IPs
INFO: [SIM-utils-51] Simulation object is 'sim_1'
INFO: [USF-XSim-7] Finding pre-compiled libraries...
INFO: [USF-XSim-11] File 'D:/Xilinx/Vivado/2019.2/data/xsim/xsim.ini' copied to run dir:'D:/FPGA/Vivaldo Project/PUCCH-FORMAT-0/Cyclic_Shift_Gen/cyclic_shift_gen/cyclic_shift_generator.sim/sim_1/behav/xsim'
INFO: [SIM-utils-54] Inspecting design source files for 'tb' in fileset 'sim_1'...
INFO: [SIM-utils-43] Exported 'D:/FPGA/Vivaldo Project/PUCCH-FORMAT-0/Cyclic_Shift_Gen/cyclic_shift_gen/cyclic_shift_generator.sim/sim_1/behav/xsim/phi.coe'
INFO: [SIM-utils-43] Exported 'D:/FPGA/Vivaldo Project/PUCCH-FORMAT-0/Cyclic_Shift_Gen/cyclic_shift_gen/cyclic_shift_generator.sim/sim_1/behav/xsim/blk_mem_gen_0.mif'
INFO: [USF-XSim-97] Finding global include files...
INFO: [USF-XSim-98] Fetching design files from 'sim_1'...
INFO: [USF-XSim-2] XSim::Compile design
INFO: [USF-XSim-61] Executing 'COMPILE and ANALYZE' step in 'D:/FPGA/Vivaldo Project/PUCCH-FORMAT-0/Cyclic_Shift_Gen/cyclic_shift_gen/cyclic_shift_generator.sim/sim_1/behav/xsim'
"xvlog --incr --relax -prj tb_vlog.prj"
INFO: [VRFC 10-2263] Analyzing Verilog file "D:/FPGA/Vivaldo Project/PUCCH-FORMAT-0/Cyclic_Shift_Gen/cyclic_shift_gen/cyclic_shift_generator.srcs/sources_1/ip/phase_generator_0_1/phase_generator.srcs/sources_1/ip/modulo_12_1_nomalize/new/modulo_12.v" into library xil_defaultlib
INFO: [VRFC 10-311] analyzing module modulo_12
INFO: [VRFC 10-2263] Analyzing Verilog file "D:/FPGA/Vivaldo Project/PUCCH-FORMAT-0/Cyclic_Shift_Gen/cyclic_shift_gen/cyclic_shift_generator.srcs/sources_1/ip/phase_generator_0_1/phase_generator.srcs/sources_1/ip/modulo_12_1_nomalize/sim/modulo_12_1_nomalize.v" into library xil_defaultlib
INFO: [VRFC 10-311] analyzing module modulo_12_1_nomalize
INFO: [VRFC 10-2263] Analyzing Verilog file "D:/FPGA/Vivaldo Project/PUCCH-FORMAT-0/Cyclic_Shift_Gen/cyclic_shift_gen/cyclic_shift_generator.srcs/sources_1/ip/phase_generator_0_1/phase_generator.srcs/sources_1/ip/dis_alpha_gen_0/new/dis_alpha_gen.v" into library xil_defaultlib
INFO: [VRFC 10-311] analyzing module dis_alpha_gen
INFO: [VRFC 10-2263] Analyzing Verilog file "D:/FPGA/Vivaldo Project/PUCCH-FORMAT-0/Cyclic_Shift_Gen/cyclic_shift_gen/cyclic_shift_generator.srcs/sources_1/ip/phase_generator_0_1/phase_generator.srcs/sources_1/ip/dis_alpha_gen_0/sim/dis_alpha_gen_0.v" into library xil_defaultlib
INFO: [VRFC 10-311] analyzing module dis_alpha_gen_0
INFO: [VRFC 10-2263] Analyzing Verilog file "D:/FPGA/Vivaldo Project/PUCCH-FORMAT-0/Cyclic_Shift_Gen/cyclic_shift_gen/cyclic_shift_generator.srcs/sources_1/ip/phase_generator_0_1/phase_generator.srcs/sources_1/ip/modulo_12_0/sim/modulo_12_0.v" into library xil_defaultlib
INFO: [VRFC 10-311] analyzing module modulo_12_0
INFO: [VRFC 10-2263] Analyzing Verilog file "D:/FPGA/Vivaldo Project/PUCCH-FORMAT-0/Cyclic_Shift_Gen/cyclic_shift_gen/cyclic_shift_generator.srcs/sources_1/ip/phase_generator_0_1/phase_generator.srcs/sources_1/ip/scramble_sequence_8bits_0/scamble_sequence.srcs/sources_1/new/scramble_sequence.v" into library xil_defaultlib
INFO: [VRFC 10-311] analyzing module scramble_sequence_8bits
INFO: [VRFC 10-311] analyzing module x1_x2_init
INFO: [VRFC 10-2263] Analyzing Verilog file "D:/FPGA/Vivaldo Project/PUCCH-FORMAT-0/Cyclic_Shift_Gen/cyclic_shift_gen/cyclic_shift_generator.srcs/sources_1/ip/phase_generator_0_1/phase_generator.srcs/sources_1/ip/scramble_sequence_8bits_0/sim/scramble_sequence_8bits_0.v" into library xil_defaultlib
INFO: [VRFC 10-311] analyzing module scramble_sequence_8bits_0
INFO: [VRFC 10-2263] Analyzing Verilog file "D:/FPGA/Vivaldo Project/PUCCH-FORMAT-0/Cyclic_Shift_Gen/cyclic_shift_gen/cyclic_shift_generator.srcs/sources_1/ip/phase_generator_0_1/phase_generator.srcs/sources_1/new/phase_generator.v" into library xil_defaultlib
INFO: [VRFC 10-311] analyzing module phase_generator
INFO: [VRFC 10-311] analyzing module ack_selection
INFO: [VRFC 10-2263] Analyzing Verilog file "D:/FPGA/Vivaldo Project/PUCCH-FORMAT-0/Cyclic_Shift_Gen/cyclic_shift_gen/cyclic_shift_generator.srcs/sources_1/ip/phase_generator_0_1/sim/phase_generator_0.v" into library xil_defaultlib
INFO: [VRFC 10-311] analyzing module phase_generator_0
INFO: [VRFC 10-2263] Analyzing Verilog file "D:/FPGA/Vivaldo Project/PUCCH-FORMAT-0/Cyclic_Shift_Gen/cyclic_shift_gen/cyclic_shift_generator.srcs/sources_1/ip/base_sequence_0/base_sequence.srcs/sources_1/ip/phi_matrix_0/phi_matrix.srcs/sources_1/ip/blk_mem_gen_0/sim/blk_mem_gen_0.v" into library xil_defaultlib
INFO: [VRFC 10-311] analyzing module blk_mem_gen_0
INFO: [VRFC 10-2263] Analyzing Verilog file "D:/FPGA/Vivaldo Project/PUCCH-FORMAT-0/Cyclic_Shift_Gen/cyclic_shift_gen/cyclic_shift_generator.srcs/sources_1/ip/base_sequence_0/base_sequence.srcs/sources_1/ip/phi_matrix_0/phi_matrix.srcs/sources_1/new/phi_matrix.v" into library xil_defaultlib
INFO: [VRFC 10-311] analyzing module phi_matrix
INFO: [VRFC 10-311] analyzing module extend_valid_new
INFO: [VRFC 10-2263] Analyzing Verilog file "D:/FPGA/Vivaldo Project/PUCCH-FORMAT-0/Cyclic_Shift_Gen/cyclic_shift_gen/cyclic_shift_generator.srcs/sources_1/ip/base_sequence_0/base_sequence.srcs/sources_1/ip/phi_matrix_0/sim/phi_matrix_0.v" into library xil_defaultlib
INFO: [VRFC 10-311] analyzing module phi_matrix_0
INFO: [VRFC 10-2263] Analyzing Verilog file "D:/FPGA/Vivaldo Project/PUCCH-FORMAT-0/Cyclic_Shift_Gen/cyclic_shift_gen/cyclic_shift_generator.srcs/sources_1/ip/base_sequence_0/base_sequence.srcs/sources_1/ip/modulo_30_2/modulo_n.srcs/sources_1/new/modulo_n.v" into library xil_defaultlib
INFO: [VRFC 10-311] analyzing module modulo_30
INFO: [VRFC 10-2263] Analyzing Verilog file "D:/FPGA/Vivaldo Project/PUCCH-FORMAT-0/Cyclic_Shift_Gen/cyclic_shift_gen/cyclic_shift_generator.srcs/sources_1/ip/base_sequence_0/base_sequence.srcs/sources_1/ip/modulo_30_2/sim/modulo_30_2.v" into library xil_defaultlib
INFO: [VRFC 10-311] analyzing module modulo_30_2
INFO: [VRFC 10-2263] Analyzing Verilog file "D:/FPGA/Vivaldo Project/PUCCH-FORMAT-0/Cyclic_Shift_Gen/cyclic_shift_gen/cyclic_shift_generator.srcs/sources_1/ip/base_sequence_0/base_sequence.srcs/sources_1/ip/scramble_sequence_1bit_0/scamble_sequence.srcs/sources_1/new/scramble_sequence.v" into library xil_defaultlib
INFO: [VRFC 10-311] analyzing module scramble_sequence_1bit
INFO: [VRFC 10-311] analyzing module x1_x2_init
WARNING: [VRFC 10-3609] overwriting previous definition of module 'x1_x2_init' [D:/FPGA/Vivaldo Project/PUCCH-FORMAT-0/Cyclic_Shift_Gen/cyclic_shift_gen/cyclic_shift_generator.srcs/sources_1/ip/base_sequence_0/base_sequence.srcs/sources_1/ip/scramble_sequence_1bit_0/scamble_sequence.srcs/sources_1/new/scramble_sequence.v:102]
INFO: [VRFC 10-2263] Analyzing Verilog file "D:/FPGA/Vivaldo Project/PUCCH-FORMAT-0/Cyclic_Shift_Gen/cyclic_shift_gen/cyclic_shift_generator.srcs/sources_1/ip/base_sequence_0/base_sequence.srcs/sources_1/ip/scramble_sequence_1bit_0/sim/scramble_sequence_1bit_0.v" into library xil_defaultlib
INFO: [VRFC 10-311] analyzing module scramble_sequence_1bit_0
INFO: [VRFC 10-2263] Analyzing Verilog file "D:/FPGA/Vivaldo Project/PUCCH-FORMAT-0/Cyclic_Shift_Gen/cyclic_shift_gen/cyclic_shift_generator.srcs/sources_1/ip/base_sequence_0/base_sequence.srcs/sources_1/ip/modulo_30_1/sim/modulo_30_1.v" into library xil_defaultlib
INFO: [VRFC 10-311] analyzing module modulo_30_1
INFO: [VRFC 10-2263] Analyzing Verilog file "D:/FPGA/Vivaldo Project/PUCCH-FORMAT-0/Cyclic_Shift_Gen/cyclic_shift_gen/cyclic_shift_generator.srcs/sources_1/ip/base_sequence_0/base_sequence.srcs/sources_1/ip/modulo_30_0/sim/modulo_30_0.v" into library xil_defaultlib
INFO: [VRFC 10-311] analyzing module modulo_30_0
INFO: [VRFC 10-2263] Analyzing Verilog file "D:/FPGA/Vivaldo Project/PUCCH-FORMAT-0/Cyclic_Shift_Gen/cyclic_shift_gen/cyclic_shift_generator.srcs/sources_1/ip/base_sequence_0/base_sequence.srcs/sources_1/new/base_sequence.v" into library xil_defaultlib
INFO: [VRFC 10-311] analyzing module base_sequence
WARNING: [VRFC 10-986] literal value truncated to fit in 16 bits [D:/FPGA/Vivaldo Project/PUCCH-FORMAT-0/Cyclic_Shift_Gen/cyclic_shift_gen/cyclic_shift_generator.srcs/sources_1/ip/base_sequence_0/base_sequence.srcs/sources_1/new/base_sequence.v:175]
WARNING: [VRFC 10-986] literal value truncated to fit in 16 bits [D:/FPGA/Vivaldo Project/PUCCH-FORMAT-0/Cyclic_Shift_Gen/cyclic_shift_gen/cyclic_shift_generator.srcs/sources_1/ip/base_sequence_0/base_sequence.srcs/sources_1/new/base_sequence.v:178]
WARNING: [VRFC 10-986] literal value truncated to fit in 16 bits [D:/FPGA/Vivaldo Project/PUCCH-FORMAT-0/Cyclic_Shift_Gen/cyclic_shift_gen/cyclic_shift_generator.srcs/sources_1/ip/base_sequence_0/base_sequence.srcs/sources_1/new/base_sequence.v:182]
WARNING: [VRFC 10-986] literal value truncated to fit in 16 bits [D:/FPGA/Vivaldo Project/PUCCH-FORMAT-0/Cyclic_Shift_Gen/cyclic_shift_gen/cyclic_shift_generator.srcs/sources_1/ip/base_sequence_0/base_sequence.srcs/sources_1/new/base_sequence.v:183]
INFO: [VRFC 10-2263] Analyzing Verilog file "D:/FPGA/Vivaldo Project/PUCCH-FORMAT-0/Cyclic_Shift_Gen/cyclic_shift_gen/cyclic_shift_generator.srcs/sources_1/ip/base_sequence_0/sim/base_sequence_0.v" into library xil_defaultlib
INFO: [VRFC 10-311] analyzing module base_sequence_0
INFO: [VRFC 10-2263] Analyzing Verilog file "D:/FPGA/Vivaldo Project/PUCCH-FORMAT-0/Cyclic_Shift_Gen/cyclic_shift_gen/cyclic_shift_generator.srcs/sources_1/new/cyclic_shift_generator.v" into library xil_defaultlib
INFO: [VRFC 10-311] analyzing module cyclic_shift_generator
INFO: [VRFC 10-2458] undeclared symbol uci_nID, assumed default net type wire [D:/FPGA/Vivaldo Project/PUCCH-FORMAT-0/Cyclic_Shift_Gen/cyclic_shift_gen/cyclic_shift_generator.srcs/sources_1/new/cyclic_shift_generator.v:45]
INFO: [VRFC 10-2458] undeclared symbol base_sequence, assumed default net type wire [D:/FPGA/Vivaldo Project/PUCCH-FORMAT-0/Cyclic_Shift_Gen/cyclic_shift_gen/cyclic_shift_generator.srcs/sources_1/new/cyclic_shift_generator.v:47]
INFO: [VRFC 10-2458] undeclared symbol base_sequence_valid, assumed default net type wire [D:/FPGA/Vivaldo Project/PUCCH-FORMAT-0/Cyclic_Shift_Gen/cyclic_shift_gen/cyclic_shift_generator.srcs/sources_1/new/cyclic_shift_generator.v:48]
INFO: [VRFC 10-2458] undeclared symbol phase_valid, assumed default net type wire [D:/FPGA/Vivaldo Project/PUCCH-FORMAT-0/Cyclic_Shift_Gen/cyclic_shift_gen/cyclic_shift_generator.srcs/sources_1/new/cyclic_shift_generator.v:60]
INFO: [VRFC 10-2458] undeclared symbol phase, assumed default net type wire [D:/FPGA/Vivaldo Project/PUCCH-FORMAT-0/Cyclic_Shift_Gen/cyclic_shift_gen/cyclic_shift_generator.srcs/sources_1/new/cyclic_shift_generator.v:61]
INFO: [VRFC 10-2263] Analyzing Verilog file "D:/FPGA/Vivaldo Project/PUCCH-FORMAT-0/Cyclic_Shift_Gen/cyclic_shift_gen/cyclic_shift_generator.srcs/sim_1/new/tb.v" into library xil_defaultlib
INFO: [VRFC 10-311] analyzing module tb
INFO: [VRFC 10-2458] undeclared symbol uci_NID, assumed default net type wire [D:/FPGA/Vivaldo Project/PUCCH-FORMAT-0/Cyclic_Shift_Gen/cyclic_shift_gen/cyclic_shift_generator.srcs/sim_1/new/tb.v:40]
INFO: [VRFC 10-2263] Analyzing Verilog file "D:/FPGA/Vivaldo Project/PUCCH-FORMAT-0/Cyclic_Shift_Gen/cyclic_shift_gen/cyclic_shift_generator.sim/sim_1/behav/xsim/glbl.v" into library xil_defaultlib
INFO: [VRFC 10-311] analyzing module glbl
"xvhdl --incr --relax -prj tb_vhdl.prj"
INFO: [VRFC 10-163] Analyzing VHDL file "D:/FPGA/Vivaldo Project/PUCCH-FORMAT-0/Cyclic_Shift_Gen/cyclic_shift_gen/cyclic_shift_generator.srcs/sources_1/ip/phase_generator_0_1/phase_generator.srcs/sources_1/ip/modulo_12_1_nomalize/ip/mult_gen_1/sim/mult_gen_1.vhd" into library xil_defaultlib
INFO: [VRFC 10-3107] analyzing entity 'mult_gen_1'
INFO: [VRFC 10-163] Analyzing VHDL file "D:/FPGA/Vivaldo Project/PUCCH-FORMAT-0/Cyclic_Shift_Gen/cyclic_shift_gen/cyclic_shift_generator.srcs/sources_1/ip/phase_generator_0_1/phase_generator.srcs/sources_1/ip/modulo_12_1_nomalize/ip/mult_gen_0/sim/mult_gen_0.vhd" into library xil_defaultlib
INFO: [VRFC 10-3107] analyzing entity 'mult_gen_0'
INFO: [VRFC 10-163] Analyzing VHDL file "D:/FPGA/Vivaldo Project/PUCCH-FORMAT-0/Cyclic_Shift_Gen/cyclic_shift_gen/cyclic_shift_generator.srcs/sources_1/ip/phase_generator_0_1/phase_generator.srcs/sources_1/ip/dis_alpha_gen_0/ip/mult_gen_dis_alpha/sim/mult_gen_dis_alpha.vhd" into library xil_defaultlib
INFO: [VRFC 10-3107] analyzing entity 'mult_gen_dis_alpha'
INFO: [VRFC 10-163] Analyzing VHDL file "D:/FPGA/Vivaldo Project/PUCCH-FORMAT-0/Cyclic_Shift_Gen/cyclic_shift_gen/cyclic_shift_generator.srcs/sources_1/ip/base_sequence_0/base_sequence.srcs/sources_1/ip/modulo_30_2/modulo_n.srcs/sources_1/ip/mult_gen_1/sim/mult_gen_1.vhd" into library xil_defaultlib
INFO: [VRFC 10-3107] analyzing entity 'mult_gen_1'
WARNING: [VRFC 10-3607] overwriting existing primary unit 'mult_gen_1' [D:/FPGA/Vivaldo Project/PUCCH-FORMAT-0/Cyclic_Shift_Gen/cyclic_shift_gen/cyclic_shift_generator.srcs/sources_1/ip/base_sequence_0/base_sequence.srcs/sources_1/ip/modulo_30_2/modulo_n.srcs/sources_1/ip/mult_gen_1/sim/mult_gen_1.vhd:59]
INFO: [VRFC 10-163] Analyzing VHDL file "D:/FPGA/Vivaldo Project/PUCCH-FORMAT-0/Cyclic_Shift_Gen/cyclic_shift_gen/cyclic_shift_generator.srcs/sources_1/ip/base_sequence_0/base_sequence.srcs/sources_1/ip/modulo_30_2/modulo_n.srcs/sources_1/ip/mult_gen_0/sim/mult_gen_0.vhd" into library xil_defaultlib
INFO: [VRFC 10-3107] analyzing entity 'mult_gen_0'
WARNING: [VRFC 10-3607] overwriting existing primary unit 'mult_gen_0' [D:/FPGA/Vivaldo Project/PUCCH-FORMAT-0/Cyclic_Shift_Gen/cyclic_shift_gen/cyclic_shift_generator.srcs/sources_1/ip/base_sequence_0/base_sequence.srcs/sources_1/ip/modulo_30_2/modulo_n.srcs/sources_1/ip/mult_gen_0/sim/mult_gen_0.vhd:59]
run_program: Time (s): cpu = 00:00:00 ; elapsed = 00:00:06 . Memory (MB): peak = 1118.188 ; gain = 0.000
INFO: [USF-XSim-69] 'compile' step finished in '7' seconds
INFO: [USF-XSim-3] XSim::Elaborate design
INFO: [USF-XSim-61] Executing 'ELABORATE' step in 'D:/FPGA/Vivaldo Project/PUCCH-FORMAT-0/Cyclic_Shift_Gen/cyclic_shift_gen/cyclic_shift_generator.sim/sim_1/behav/xsim'
"xelab -wto abd24ebd72bd4eaa884be561f529c56d --incr --debug typical --relax --mt 2 -L xbip_utils_v3_0_10 -L xbip_pipe_v3_0_6 -L xbip_bram18k_v3_0_6 -L mult_gen_v12_0_16 -L xil_defaultlib -L blk_mem_gen_v8_4_4 -L unisims_ver -L unimacro_ver -L secureip -L xpm --snapshot tb_behav xil_defaultlib.tb xil_defaultlib.glbl -log elaborate.log"
Vivado Simulator 2019.2
Copyright 1986-1999, 2001-2019 Xilinx, Inc. All Rights Reserved.
Running: D:/Xilinx/Vivado/2019.2/bin/unwrapped/win64.o/xelab.exe -wto abd24ebd72bd4eaa884be561f529c56d --incr --debug typical --relax --mt 2 -L xbip_utils_v3_0_10 -L xbip_pipe_v3_0_6 -L xbip_bram18k_v3_0_6 -L mult_gen_v12_0_16 -L xil_defaultlib -L blk_mem_gen_v8_4_4 -L unisims_ver -L unimacro_ver -L secureip -L xpm --snapshot tb_behav xil_defaultlib.tb xil_defaultlib.glbl -log elaborate.log 
Using 2 slave threads.
Starting static elaboration
Pass Through NonSizing Optimizer
WARNING: [VRFC 10-3715] size mismatch in mixed language port association, vhdl port 'a' [D:/FPGA/Vivaldo Project/PUCCH-FORMAT-0/Cyclic_Shift_Gen/cyclic_shift_gen/cyclic_shift_generator.srcs/sources_1/ip/phase_generator_0_1/phase_generator.srcs/sources_1/ip/modulo_12_1_nomalize/new/modulo_12.v:45]
WARNING: [VRFC 10-3715] size mismatch in mixed language port association, vhdl port 'b' [D:/FPGA/Vivaldo Project/PUCCH-FORMAT-0/Cyclic_Shift_Gen/cyclic_shift_gen/cyclic_shift_generator.srcs/sources_1/ip/phase_generator_0_1/phase_generator.srcs/sources_1/ip/modulo_12_1_nomalize/new/modulo_12.v:52]
WARNING: [VRFC 10-3715] size mismatch in mixed language port association, vhdl port 'a' [D:/FPGA/Vivaldo Project/PUCCH-FORMAT-0/Cyclic_Shift_Gen/cyclic_shift_gen/cyclic_shift_generator.srcs/sources_1/ip/phase_generator_0_1/phase_generator.srcs/sources_1/ip/modulo_12_1_nomalize/new/modulo_12.v:45]
WARNING: [VRFC 10-3715] size mismatch in mixed language port association, vhdl port 'b' [D:/FPGA/Vivaldo Project/PUCCH-FORMAT-0/Cyclic_Shift_Gen/cyclic_shift_gen/cyclic_shift_generator.srcs/sources_1/ip/phase_generator_0_1/phase_generator.srcs/sources_1/ip/modulo_12_1_nomalize/new/modulo_12.v:52]
WARNING: [VRFC 10-3091] actual bit length 1 differs from formal bit length 11 for port 'uci_NID' [D:/FPGA/Vivaldo Project/PUCCH-FORMAT-0/Cyclic_Shift_Gen/cyclic_shift_gen/cyclic_shift_generator.srcs/sim_1/new/tb.v:40]
WARNING: [VRFC 10-3091] actual bit length 32 differs from formal bit length 33 for port 'cyclic_shift' [D:/FPGA/Vivaldo Project/PUCCH-FORMAT-0/Cyclic_Shift_Gen/cyclic_shift_gen/cyclic_shift_generator.srcs/sim_1/new/tb.v:42]
WARNING: [VRFC 10-3091] actual bit length 1 differs from formal bit length 11 for port 'uci_nID' [D:/FPGA/Vivaldo Project/PUCCH-FORMAT-0/Cyclic_Shift_Gen/cyclic_shift_gen/cyclic_shift_generator.srcs/sources_1/new/cyclic_shift_generator.v:45]
WARNING: [VRFC 10-3091] actual bit length 1 differs from formal bit length 32 for port 'base_sequence' [D:/FPGA/Vivaldo Project/PUCCH-FORMAT-0/Cyclic_Shift_Gen/cyclic_shift_gen/cyclic_shift_generator.srcs/sources_1/new/cyclic_shift_generator.v:47]
WARNING: [VRFC 10-3091] actual bit length 6 differs from formal bit length 31 for port 'ID' [D:/FPGA/Vivaldo Project/PUCCH-FORMAT-0/Cyclic_Shift_Gen/cyclic_shift_gen/cyclic_shift_generator.srcs/sources_1/ip/base_sequence_0/base_sequence.srcs/sources_1/new/base_sequence.v:107]
WARNING: [VRFC 10-3091] actual bit length 8 differs from formal bit length 31 for port 'markP' [D:/FPGA/Vivaldo Project/PUCCH-FORMAT-0/Cyclic_Shift_Gen/cyclic_shift_gen/cyclic_shift_generator.srcs/sources_1/ip/base_sequence_0/base_sequence.srcs/sources_1/new/base_sequence.v:108]
WARNING: [VRFC 10-3091] actual bit length 31 differs from formal bit length 13 for port 'ID' [D:/FPGA/Vivaldo Project/PUCCH-FORMAT-0/Cyclic_Shift_Gen/cyclic_shift_gen/cyclic_shift_generator.srcs/sources_1/ip/phase_generator_0_1/phase_generator.srcs/sources_1/ip/scramble_sequence_8bits_0/scamble_sequence.srcs/sources_1/new/scramble_sequence.v:36]
WARNING: [VRFC 10-3091] actual bit length 1 differs from formal bit length 33 for port 'phase' [D:/FPGA/Vivaldo Project/PUCCH-FORMAT-0/Cyclic_Shift_Gen/cyclic_shift_gen/cyclic_shift_generator.srcs/sources_1/new/cyclic_shift_generator.v:61]
Completed static elaboration
Starting simulation data flow analysis
Completed simulation data flow analysis
Time Resolution for simulation is 1ps
Compiling package std.standard
Compiling package std.textio
Compiling package ieee.std_logic_1164
Compiling package ieee.numeric_std
Compiling package mult_gen_v12_0_16.mult_gen_v12_0_16_viv_comp
Compiling package xbip_utils_v3_0_10.xbip_utils_v3_0_10_pkg
Compiling package mult_gen_v12_0_16.mult_gen_v12_0_16_pkg
Compiling package ieee.std_logic_arith
Compiling package ieee.std_logic_signed
Compiling package unisim.vcomponents
Compiling package ieee.std_logic_unsigned
Compiling package ieee.vital_timing
Compiling package ieee.vital_primitives
Compiling package unisim.vpkg
Compiling architecture lut2_v of entity unisim.LUT2 [\LUT2(init="1000")(0,3)\]
Compiling architecture mult_and_v of entity unisim.MULT_AND [mult_and_default]
Compiling architecture muxcy_v of entity unisim.MUXCY [muxcy_default]
Compiling architecture xorcy_v of entity unisim.XORCY [xorcy_default]
Compiling architecture xilinx of entity mult_gen_v12_0_16.op_resize [\op_resize(ai_width=11,ai_type=1...]
Compiling architecture xilinx of entity mult_gen_v12_0_16.luts [\luts(c_xdevicefamily="virtexupl...]
Compiling architecture xilinx of entity mult_gen_v12_0_16.mult_gen_v12_0_16_viv [\mult_gen_v12_0_16_viv(c_verbosi...]
Compiling architecture xilinx of entity mult_gen_v12_0_16.mult_gen_v12_0_16 [\mult_gen_v12_0_16(c_xdevicefami...]
Compiling architecture mult_gen_0_arch of entity xil_defaultlib.mult_gen_0 [mult_gen_0_default]
Compiling architecture xilinx of entity mult_gen_v12_0_16.op_resize [\op_resize(ai_width=6,bi_width=5...]
Compiling architecture xilinx of entity mult_gen_v12_0_16.luts [\luts(c_xdevicefamily="virtexupl...]
Compiling architecture xilinx of entity mult_gen_v12_0_16.mult_gen_v12_0_16_viv [\mult_gen_v12_0_16_viv(c_verbosi...]
Compiling architecture xilinx of entity mult_gen_v12_0_16.mult_gen_v12_0_16 [\mult_gen_v12_0_16(c_xdevicefami...]
Compiling architecture mult_gen_1_arch of entity xil_defaultlib.mult_gen_1 [mult_gen_1_default]
Compiling module xil_defaultlib.modulo_30
Compiling module xil_defaultlib.modulo_30_0
Compiling module xil_defaultlib.x1_x2_init
Compiling module xil_defaultlib.scramble_sequence_8bits
Compiling module xil_defaultlib.scramble_sequence_8bits_0
Compiling module xil_defaultlib.modulo_30_1
Compiling module xil_defaultlib.scramble_sequence_1bit
Compiling module xil_defaultlib.scramble_sequence_1bit_0
Compiling module xil_defaultlib.modulo_30_2
Compiling module blk_mem_gen_v8_4_4.blk_mem_gen_v8_4_4_output_stage(...
Compiling module blk_mem_gen_v8_4_4.blk_mem_gen_v8_4_4_softecc_outpu...
Compiling module blk_mem_gen_v8_4_4.blk_mem_gen_v8_4_4_mem_module(C_...
Compiling module blk_mem_gen_v8_4_4.blk_mem_gen_v8_4_4(C_FAMILY="vir...
Compiling module xil_defaultlib.blk_mem_gen_0
Compiling module xil_defaultlib.extend_valid_new(number_cycles=9...
Compiling module xil_defaultlib.phi_matrix
Compiling module xil_defaultlib.phi_matrix_0
Compiling module xil_defaultlib.base_sequence
Compiling module xil_defaultlib.base_sequence_0
Compiling module xil_defaultlib.ack_selection
Compiling module xil_defaultlib.modulo_12
Compiling module xil_defaultlib.modulo_12_0
Compiling architecture xilinx of entity mult_gen_v12_0_16.op_resize [\op_resize(ai_width=4,bi_width=4...]
Compiling architecture xilinx of entity mult_gen_v12_0_16.luts [\luts(c_xdevicefamily="virtexupl...]
Compiling architecture xilinx of entity mult_gen_v12_0_16.mult_gen_v12_0_16_viv [\mult_gen_v12_0_16_viv(c_verbosi...]
Compiling architecture xilinx of entity mult_gen_v12_0_16.mult_gen_v12_0_16 [\mult_gen_v12_0_16(c_xdevicefami...]
Compiling architecture mult_gen_dis_alpha_arch of entity xil_defaultlib.mult_gen_dis_alpha [mult_gen_dis_alpha_default]
Compiling module xil_defaultlib.dis_alpha_gen
Compiling module xil_defaultlib.dis_alpha_gen_0
Compiling module xil_defaultlib.modulo_12_1_nomalize
Compiling module xil_defaultlib.phase_generator
Compiling module xil_defaultlib.phase_generator_0
Compiling module xil_defaultlib.cyclic_shift_generator
Compiling module xil_defaultlib.tb
Compiling module xil_defaultlib.glbl
Built simulation snapshot tb_behav

****** Webtalk v2019.2 (64-bit)
  **** SW Build 2708876 on Wed Nov  6 21:40:23 MST 2019
  **** IP Build 2700528 on Thu Nov  7 00:09:20 MST 2019
    ** Copyright 1986-2019 Xilinx, Inc. All Rights Reserved.

source D:/FPGA/Vivaldo -notrace
couldn't read file "D:/FPGA/Vivaldo": permission denied
INFO: [Common 17-206] Exiting Webtalk at Wed Dec 24 22:27:55 2025...
run_program: Time (s): cpu = 00:00:01 ; elapsed = 00:00:07 . Memory (MB): peak = 1118.188 ; gain = 0.000
INFO: [USF-XSim-69] 'elaborate' step finished in '7' seconds
INFO: [USF-XSim-4] XSim::Simulate design
INFO: [USF-XSim-61] Executing 'SIMULATE' step in 'D:/FPGA/Vivaldo Project/PUCCH-FORMAT-0/Cyclic_Shift_Gen/cyclic_shift_gen/cyclic_shift_generator.sim/sim_1/behav/xsim'
INFO: [USF-XSim-98] *** Running xsim
   with args "tb_behav -key {Behavioral:sim_1:Functional:tb} -tclbatch {tb.tcl} -log {simulate.log}"
INFO: [USF-XSim-8] Loading simulator feature
Vivado Simulator 2019.2
Time resolution is 1 ps
source tb.tcl
# set curr_wave [current_wave_config]
# if { [string length $curr_wave] == 0 } {
#   if { [llength [get_objects]] > 0} {
#     add_wave /
#     set_property needs_save false [current_wave_config]
#   } else {
#      send_msg_id Add_Wave-1 WARNING "No top level signals found. Simulator will start without a wave window. If you want to open a wave window go to 'File->New Waveform Configuration' or type 'create_wave_config' in the TCL console."
#   }
# }
# run 1000ns
 Block Memory Generator module loading initial data...
 Block Memory Generator data initialization complete.
Block Memory Generator module tb.cyclic_shift_generator0.base_sequence_0.inst.phi_matrix_0.inst.blk_mem_gen_0.inst.native_mem_module.blk_mem_gen_v8_4_4_inst is using a behavioral model for simulation which will not precisely model memory collision behavior.
INFO: [USF-XSim-96] XSim completed. Design snapshot 'tb_behav' loaded.
INFO: [USF-XSim-97] XSim simulation ran for 1000ns
launch_simulation: Time (s): cpu = 00:00:07 ; elapsed = 00:00:19 . Memory (MB): peak = 1130.734 ; gain = 12.547
current_wave_config {Untitled 1}
Untitled 1
add_wave {{/tb/cyclic_shift_generator0/clk}} {{/tb/cyclic_shift_generator0/rst}} {{/tb/cyclic_shift_generator0/in_valid}} {{/tb/cyclic_shift_generator0/uci_NID}} {{/tb/cyclic_shift_generator0/uci_slot}} {{/tb/cyclic_shift_generator0/uci_first_symbol}} {{/tb/cyclic_shift_generator0/uci_sym_alloc}} {{/tb/cyclic_shift_generator0/uci_m0}} {{/tb/cyclic_shift_generator0/uci_ack}} {{/tb/cyclic_shift_generator0/uci_grouphopping}} {{/tb/cyclic_shift_generator0/uci_nhop}} {{/tb/cyclic_shift_generator0/cyclic_shift_valid}} {{/tb/cyclic_shift_generator0/cyclic_shift}} {{/tb/cyclic_shift_generator0/base_sequence}} {{/tb/cyclic_shift_generator0/base_sequence_valid}} {{/tb/cyclic_shift_generator0/phase_valid}} {{/tb/cyclic_shift_generator0/phase}} {{/tb/cyclic_shift_generator0/uci_nID}} 
save_wave_config {D:/FPGA/Vivaldo Project/PUCCH-FORMAT-0/Cyclic_Shift_Gen/cyclic_shift_gen/tb_behav.wcfg}
add_files -fileset sim_1 -norecurse {{D:/FPGA/Vivaldo Project/PUCCH-FORMAT-0/Cyclic_Shift_Gen/cyclic_shift_gen/tb_behav.wcfg}}
set_property xsim.view {{D:/FPGA/Vivaldo Project/PUCCH-FORMAT-0/Cyclic_Shift_Gen/cyclic_shift_gen/tb_behav.wcfg}} [get_filesets sim_1]
save_wave_config {D:/FPGA/Vivaldo Project/PUCCH-FORMAT-0/Cyclic_Shift_Gen/cyclic_shift_gen/tb_behav.wcfg}
relaunch_sim
Command: launch_simulation -simset sim_1 -mode behavioral
INFO: [Vivado 12-5698] Checking validity of IPs in the design for the 'XSim' simulator...
INFO: [Vivado 12-5682] Launching behavioral simulation in 'D:/FPGA/Vivaldo Project/PUCCH-FORMAT-0/Cyclic_Shift_Gen/cyclic_shift_gen/cyclic_shift_generator.sim/sim_1/behav/xsim'
INFO: [Vivado 12-4795] Using compiled simulation libraries for IPs
INFO: [SIM-utils-51] Simulation object is 'sim_1'
INFO: [USF-XSim-7] Finding pre-compiled libraries...
INFO: [USF-XSim-11] File 'D:/Xilinx/Vivado/2019.2/data/xsim/xsim.ini' copied to run dir:'D:/FPGA/Vivaldo Project/PUCCH-FORMAT-0/Cyclic_Shift_Gen/cyclic_shift_gen/cyclic_shift_generator.sim/sim_1/behav/xsim'
INFO: [SIM-utils-54] Inspecting design source files for 'tb' in fileset 'sim_1'...
INFO: [SIM-utils-43] Exported 'D:/FPGA/Vivaldo Project/PUCCH-FORMAT-0/Cyclic_Shift_Gen/cyclic_shift_gen/cyclic_shift_generator.sim/sim_1/behav/xsim/phi.coe'
INFO: [SIM-utils-43] Exported 'D:/FPGA/Vivaldo Project/PUCCH-FORMAT-0/Cyclic_Shift_Gen/cyclic_shift_gen/cyclic_shift_generator.sim/sim_1/behav/xsim/blk_mem_gen_0.mif'
INFO: [USF-XSim-97] Finding global include files...
INFO: [USF-XSim-98] Fetching design files from 'sim_1'...
INFO: [USF-XSim-2] XSim::Compile design
INFO: [USF-XSim-61] Executing 'COMPILE and ANALYZE' step in 'D:/FPGA/Vivaldo Project/PUCCH-FORMAT-0/Cyclic_Shift_Gen/cyclic_shift_gen/cyclic_shift_generator.sim/sim_1/behav/xsim'
"xvlog --incr --relax -prj tb_vlog.prj"
"xvhdl --incr --relax -prj tb_vhdl.prj"
INFO: [USF-XSim-69] 'compile' step finished in '2' seconds
Command: launch_simulation -simset sim_1 -mode behavioral
INFO: [Vivado 12-5698] Checking validity of IPs in the design for the 'XSim' simulator...
INFO: [Vivado 12-5682] Launching behavioral simulation in 'D:/FPGA/Vivaldo Project/PUCCH-FORMAT-0/Cyclic_Shift_Gen/cyclic_shift_gen/cyclic_shift_generator.sim/sim_1/behav/xsim'
INFO: [Vivado 12-4795] Using compiled simulation libraries for IPs
INFO: [USF-XSim-3] XSim::Elaborate design
INFO: [USF-XSim-61] Executing 'ELABORATE' step in 'D:/FPGA/Vivaldo Project/PUCCH-FORMAT-0/Cyclic_Shift_Gen/cyclic_shift_gen/cyclic_shift_generator.sim/sim_1/behav/xsim'
"xelab -wto abd24ebd72bd4eaa884be561f529c56d --incr --debug typical --relax --mt 2 -L xbip_utils_v3_0_10 -L xbip_pipe_v3_0_6 -L xbip_bram18k_v3_0_6 -L mult_gen_v12_0_16 -L xil_defaultlib -L blk_mem_gen_v8_4_4 -L unisims_ver -L unimacro_ver -L secureip -L xpm --snapshot tb_behav xil_defaultlib.tb xil_defaultlib.glbl -log elaborate.log"
Vivado Simulator 2019.2
Copyright 1986-1999, 2001-2019 Xilinx, Inc. All Rights Reserved.
Running: D:/Xilinx/Vivado/2019.2/bin/unwrapped/win64.o/xelab.exe -wto abd24ebd72bd4eaa884be561f529c56d --incr --debug typical --relax --mt 2 -L xbip_utils_v3_0_10 -L xbip_pipe_v3_0_6 -L xbip_bram18k_v3_0_6 -L mult_gen_v12_0_16 -L xil_defaultlib -L blk_mem_gen_v8_4_4 -L unisims_ver -L unimacro_ver -L secureip -L xpm --snapshot tb_behav xil_defaultlib.tb xil_defaultlib.glbl -log elaborate.log 
Using 2 slave threads.
Starting static elaboration
Pass Through NonSizing Optimizer
WARNING: [VRFC 10-3715] size mismatch in mixed language port association, vhdl port 'a' [D:/FPGA/Vivaldo Project/PUCCH-FORMAT-0/Cyclic_Shift_Gen/cyclic_shift_gen/cyclic_shift_generator.srcs/sources_1/ip/phase_generator_0_1/phase_generator.srcs/sources_1/ip/modulo_12_1_nomalize/new/modulo_12.v:45]
WARNING: [VRFC 10-3715] size mismatch in mixed language port association, vhdl port 'b' [D:/FPGA/Vivaldo Project/PUCCH-FORMAT-0/Cyclic_Shift_Gen/cyclic_shift_gen/cyclic_shift_generator.srcs/sources_1/ip/phase_generator_0_1/phase_generator.srcs/sources_1/ip/modulo_12_1_nomalize/new/modulo_12.v:52]
WARNING: [VRFC 10-3715] size mismatch in mixed language port association, vhdl port 'a' [D:/FPGA/Vivaldo Project/PUCCH-FORMAT-0/Cyclic_Shift_Gen/cyclic_shift_gen/cyclic_shift_generator.srcs/sources_1/ip/phase_generator_0_1/phase_generator.srcs/sources_1/ip/modulo_12_1_nomalize/new/modulo_12.v:45]
WARNING: [VRFC 10-3715] size mismatch in mixed language port association, vhdl port 'b' [D:/FPGA/Vivaldo Project/PUCCH-FORMAT-0/Cyclic_Shift_Gen/cyclic_shift_gen/cyclic_shift_generator.srcs/sources_1/ip/phase_generator_0_1/phase_generator.srcs/sources_1/ip/modulo_12_1_nomalize/new/modulo_12.v:52]
WARNING: [VRFC 10-3091] actual bit length 1 differs from formal bit length 11 for port 'uci_NID' [D:/FPGA/Vivaldo Project/PUCCH-FORMAT-0/Cyclic_Shift_Gen/cyclic_shift_gen/cyclic_shift_generator.srcs/sim_1/new/tb.v:40]
WARNING: [VRFC 10-3091] actual bit length 32 differs from formal bit length 33 for port 'cyclic_shift' [D:/FPGA/Vivaldo Project/PUCCH-FORMAT-0/Cyclic_Shift_Gen/cyclic_shift_gen/cyclic_shift_generator.srcs/sim_1/new/tb.v:42]
WARNING: [VRFC 10-3091] actual bit length 1 differs from formal bit length 11 for port 'uci_nID' [D:/FPGA/Vivaldo Project/PUCCH-FORMAT-0/Cyclic_Shift_Gen/cyclic_shift_gen/cyclic_shift_generator.srcs/sources_1/new/cyclic_shift_generator.v:45]
WARNING: [VRFC 10-3091] actual bit length 1 differs from formal bit length 32 for port 'base_sequence' [D:/FPGA/Vivaldo Project/PUCCH-FORMAT-0/Cyclic_Shift_Gen/cyclic_shift_gen/cyclic_shift_generator.srcs/sources_1/new/cyclic_shift_generator.v:47]
WARNING: [VRFC 10-3091] actual bit length 6 differs from formal bit length 31 for port 'ID' [D:/FPGA/Vivaldo Project/PUCCH-FORMAT-0/Cyclic_Shift_Gen/cyclic_shift_gen/cyclic_shift_generator.srcs/sources_1/ip/base_sequence_0/base_sequence.srcs/sources_1/new/base_sequence.v:107]
WARNING: [VRFC 10-3091] actual bit length 8 differs from formal bit length 31 for port 'markP' [D:/FPGA/Vivaldo Project/PUCCH-FORMAT-0/Cyclic_Shift_Gen/cyclic_shift_gen/cyclic_shift_generator.srcs/sources_1/ip/base_sequence_0/base_sequence.srcs/sources_1/new/base_sequence.v:108]
WARNING: [VRFC 10-3091] actual bit length 31 differs from formal bit length 13 for port 'ID' [D:/FPGA/Vivaldo Project/PUCCH-FORMAT-0/Cyclic_Shift_Gen/cyclic_shift_gen/cyclic_shift_generator.srcs/sources_1/ip/phase_generator_0_1/phase_generator.srcs/sources_1/ip/scramble_sequence_8bits_0/scamble_sequence.srcs/sources_1/new/scramble_sequence.v:36]
WARNING: [VRFC 10-3091] actual bit length 1 differs from formal bit length 33 for port 'phase' [D:/FPGA/Vivaldo Project/PUCCH-FORMAT-0/Cyclic_Shift_Gen/cyclic_shift_gen/cyclic_shift_generator.srcs/sources_1/new/cyclic_shift_generator.v:61]
Completed static elaboration
INFO: [XSIM 43-4323] No Change in HDL. Linking previously generated obj files to create kernel
INFO: [USF-XSim-69] 'elaborate' step finished in '2' seconds
Vivado Simulator 2019.2
Time resolution is 1 ps
 Block Memory Generator module loading initial data...
 Block Memory Generator data initialization complete.
Block Memory Generator module tb.cyclic_shift_generator0.base_sequence_0.inst.phi_matrix_0.inst.blk_mem_gen_0.inst.native_mem_module.blk_mem_gen_v8_4_4_inst is using a behavioral model for simulation which will not precisely model memory collision behavior.
relaunch_sim: Time (s): cpu = 00:00:03 ; elapsed = 00:00:11 . Memory (MB): peak = 1160.770 ; gain = 0.000
relaunch_sim
Command: launch_simulation -simset sim_1 -mode behavioral
INFO: [Vivado 12-5698] Checking validity of IPs in the design for the 'XSim' simulator...
INFO: [Vivado 12-5682] Launching behavioral simulation in 'D:/FPGA/Vivaldo Project/PUCCH-FORMAT-0/Cyclic_Shift_Gen/cyclic_shift_gen/cyclic_shift_generator.sim/sim_1/behav/xsim'
INFO: [Vivado 12-4795] Using compiled simulation libraries for IPs
INFO: [SIM-utils-51] Simulation object is 'sim_1'
INFO: [USF-XSim-7] Finding pre-compiled libraries...
INFO: [USF-XSim-11] File 'D:/Xilinx/Vivado/2019.2/data/xsim/xsim.ini' copied to run dir:'D:/FPGA/Vivaldo Project/PUCCH-FORMAT-0/Cyclic_Shift_Gen/cyclic_shift_gen/cyclic_shift_generator.sim/sim_1/behav/xsim'
INFO: [SIM-utils-54] Inspecting design source files for 'tb' in fileset 'sim_1'...
INFO: [SIM-utils-43] Exported 'D:/FPGA/Vivaldo Project/PUCCH-FORMAT-0/Cyclic_Shift_Gen/cyclic_shift_gen/cyclic_shift_generator.sim/sim_1/behav/xsim/phi.coe'
INFO: [SIM-utils-43] Exported 'D:/FPGA/Vivaldo Project/PUCCH-FORMAT-0/Cyclic_Shift_Gen/cyclic_shift_gen/cyclic_shift_generator.sim/sim_1/behav/xsim/blk_mem_gen_0.mif'
INFO: [USF-XSim-97] Finding global include files...
INFO: [USF-XSim-98] Fetching design files from 'sim_1'...
INFO: [USF-XSim-2] XSim::Compile design
INFO: [USF-XSim-61] Executing 'COMPILE and ANALYZE' step in 'D:/FPGA/Vivaldo Project/PUCCH-FORMAT-0/Cyclic_Shift_Gen/cyclic_shift_gen/cyclic_shift_generator.sim/sim_1/behav/xsim'
"xvlog --incr --relax -prj tb_vlog.prj"
INFO: [VRFC 10-2263] Analyzing Verilog file "D:/FPGA/Vivaldo Project/PUCCH-FORMAT-0/Cyclic_Shift_Gen/cyclic_shift_gen/cyclic_shift_generator.srcs/sources_1/ip/phase_generator_0_1/phase_generator.srcs/sources_1/ip/modulo_12_1_nomalize/new/modulo_12.v" into library xil_defaultlib
INFO: [VRFC 10-311] analyzing module modulo_12
INFO: [VRFC 10-2263] Analyzing Verilog file "D:/FPGA/Vivaldo Project/PUCCH-FORMAT-0/Cyclic_Shift_Gen/cyclic_shift_gen/cyclic_shift_generator.srcs/sources_1/ip/phase_generator_0_1/phase_generator.srcs/sources_1/ip/modulo_12_1_nomalize/sim/modulo_12_1_nomalize.v" into library xil_defaultlib
INFO: [VRFC 10-311] analyzing module modulo_12_1_nomalize
INFO: [VRFC 10-2263] Analyzing Verilog file "D:/FPGA/Vivaldo Project/PUCCH-FORMAT-0/Cyclic_Shift_Gen/cyclic_shift_gen/cyclic_shift_generator.srcs/sources_1/ip/phase_generator_0_1/phase_generator.srcs/sources_1/ip/dis_alpha_gen_0/new/dis_alpha_gen.v" into library xil_defaultlib
INFO: [VRFC 10-311] analyzing module dis_alpha_gen
INFO: [VRFC 10-2263] Analyzing Verilog file "D:/FPGA/Vivaldo Project/PUCCH-FORMAT-0/Cyclic_Shift_Gen/cyclic_shift_gen/cyclic_shift_generator.srcs/sources_1/ip/phase_generator_0_1/phase_generator.srcs/sources_1/ip/dis_alpha_gen_0/sim/dis_alpha_gen_0.v" into library xil_defaultlib
INFO: [VRFC 10-311] analyzing module dis_alpha_gen_0
INFO: [VRFC 10-2263] Analyzing Verilog file "D:/FPGA/Vivaldo Project/PUCCH-FORMAT-0/Cyclic_Shift_Gen/cyclic_shift_gen/cyclic_shift_generator.srcs/sources_1/ip/phase_generator_0_1/phase_generator.srcs/sources_1/ip/modulo_12_0/sim/modulo_12_0.v" into library xil_defaultlib
INFO: [VRFC 10-311] analyzing module modulo_12_0
INFO: [VRFC 10-2263] Analyzing Verilog file "D:/FPGA/Vivaldo Project/PUCCH-FORMAT-0/Cyclic_Shift_Gen/cyclic_shift_gen/cyclic_shift_generator.srcs/sources_1/ip/phase_generator_0_1/phase_generator.srcs/sources_1/ip/scramble_sequence_8bits_0/scamble_sequence.srcs/sources_1/new/scramble_sequence.v" into library xil_defaultlib
INFO: [VRFC 10-311] analyzing module scramble_sequence_8bits
INFO: [VRFC 10-311] analyzing module x1_x2_init
INFO: [VRFC 10-2263] Analyzing Verilog file "D:/FPGA/Vivaldo Project/PUCCH-FORMAT-0/Cyclic_Shift_Gen/cyclic_shift_gen/cyclic_shift_generator.srcs/sources_1/ip/phase_generator_0_1/phase_generator.srcs/sources_1/ip/scramble_sequence_8bits_0/sim/scramble_sequence_8bits_0.v" into library xil_defaultlib
INFO: [VRFC 10-311] analyzing module scramble_sequence_8bits_0
INFO: [VRFC 10-2263] Analyzing Verilog file "D:/FPGA/Vivaldo Project/PUCCH-FORMAT-0/Cyclic_Shift_Gen/cyclic_shift_gen/cyclic_shift_generator.srcs/sources_1/ip/phase_generator_0_1/phase_generator.srcs/sources_1/new/phase_generator.v" into library xil_defaultlib
INFO: [VRFC 10-311] analyzing module phase_generator
INFO: [VRFC 10-311] analyzing module ack_selection
INFO: [VRFC 10-2263] Analyzing Verilog file "D:/FPGA/Vivaldo Project/PUCCH-FORMAT-0/Cyclic_Shift_Gen/cyclic_shift_gen/cyclic_shift_generator.srcs/sources_1/ip/phase_generator_0_1/sim/phase_generator_0.v" into library xil_defaultlib
INFO: [VRFC 10-311] analyzing module phase_generator_0
INFO: [VRFC 10-2263] Analyzing Verilog file "D:/FPGA/Vivaldo Project/PUCCH-FORMAT-0/Cyclic_Shift_Gen/cyclic_shift_gen/cyclic_shift_generator.srcs/sources_1/ip/base_sequence_0/base_sequence.srcs/sources_1/ip/phi_matrix_0/phi_matrix.srcs/sources_1/ip/blk_mem_gen_0/sim/blk_mem_gen_0.v" into library xil_defaultlib
INFO: [VRFC 10-311] analyzing module blk_mem_gen_0
INFO: [VRFC 10-2263] Analyzing Verilog file "D:/FPGA/Vivaldo Project/PUCCH-FORMAT-0/Cyclic_Shift_Gen/cyclic_shift_gen/cyclic_shift_generator.srcs/sources_1/ip/base_sequence_0/base_sequence.srcs/sources_1/ip/phi_matrix_0/phi_matrix.srcs/sources_1/new/phi_matrix.v" into library xil_defaultlib
INFO: [VRFC 10-311] analyzing module phi_matrix
INFO: [VRFC 10-311] analyzing module extend_valid_new
INFO: [VRFC 10-2263] Analyzing Verilog file "D:/FPGA/Vivaldo Project/PUCCH-FORMAT-0/Cyclic_Shift_Gen/cyclic_shift_gen/cyclic_shift_generator.srcs/sources_1/ip/base_sequence_0/base_sequence.srcs/sources_1/ip/phi_matrix_0/sim/phi_matrix_0.v" into library xil_defaultlib
INFO: [VRFC 10-311] analyzing module phi_matrix_0
INFO: [VRFC 10-2263] Analyzing Verilog file "D:/FPGA/Vivaldo Project/PUCCH-FORMAT-0/Cyclic_Shift_Gen/cyclic_shift_gen/cyclic_shift_generator.srcs/sources_1/ip/base_sequence_0/base_sequence.srcs/sources_1/ip/modulo_30_2/modulo_n.srcs/sources_1/new/modulo_n.v" into library xil_defaultlib
INFO: [VRFC 10-311] analyzing module modulo_30
INFO: [VRFC 10-2263] Analyzing Verilog file "D:/FPGA/Vivaldo Project/PUCCH-FORMAT-0/Cyclic_Shift_Gen/cyclic_shift_gen/cyclic_shift_generator.srcs/sources_1/ip/base_sequence_0/base_sequence.srcs/sources_1/ip/modulo_30_2/sim/modulo_30_2.v" into library xil_defaultlib
INFO: [VRFC 10-311] analyzing module modulo_30_2
INFO: [VRFC 10-2263] Analyzing Verilog file "D:/FPGA/Vivaldo Project/PUCCH-FORMAT-0/Cyclic_Shift_Gen/cyclic_shift_gen/cyclic_shift_generator.srcs/sources_1/ip/base_sequence_0/base_sequence.srcs/sources_1/ip/scramble_sequence_1bit_0/scamble_sequence.srcs/sources_1/new/scramble_sequence.v" into library xil_defaultlib
INFO: [VRFC 10-311] analyzing module scramble_sequence_1bit
INFO: [VRFC 10-311] analyzing module x1_x2_init
WARNING: [VRFC 10-3609] overwriting previous definition of module 'x1_x2_init' [D:/FPGA/Vivaldo Project/PUCCH-FORMAT-0/Cyclic_Shift_Gen/cyclic_shift_gen/cyclic_shift_generator.srcs/sources_1/ip/base_sequence_0/base_sequence.srcs/sources_1/ip/scramble_sequence_1bit_0/scamble_sequence.srcs/sources_1/new/scramble_sequence.v:102]
INFO: [VRFC 10-2263] Analyzing Verilog file "D:/FPGA/Vivaldo Project/PUCCH-FORMAT-0/Cyclic_Shift_Gen/cyclic_shift_gen/cyclic_shift_generator.srcs/sources_1/ip/base_sequence_0/base_sequence.srcs/sources_1/ip/scramble_sequence_1bit_0/sim/scramble_sequence_1bit_0.v" into library xil_defaultlib
INFO: [VRFC 10-311] analyzing module scramble_sequence_1bit_0
INFO: [VRFC 10-2263] Analyzing Verilog file "D:/FPGA/Vivaldo Project/PUCCH-FORMAT-0/Cyclic_Shift_Gen/cyclic_shift_gen/cyclic_shift_generator.srcs/sources_1/ip/base_sequence_0/base_sequence.srcs/sources_1/ip/modulo_30_1/sim/modulo_30_1.v" into library xil_defaultlib
INFO: [VRFC 10-311] analyzing module modulo_30_1
INFO: [VRFC 10-2263] Analyzing Verilog file "D:/FPGA/Vivaldo Project/PUCCH-FORMAT-0/Cyclic_Shift_Gen/cyclic_shift_gen/cyclic_shift_generator.srcs/sources_1/ip/base_sequence_0/base_sequence.srcs/sources_1/ip/modulo_30_0/sim/modulo_30_0.v" into library xil_defaultlib
INFO: [VRFC 10-311] analyzing module modulo_30_0
INFO: [VRFC 10-2263] Analyzing Verilog file "D:/FPGA/Vivaldo Project/PUCCH-FORMAT-0/Cyclic_Shift_Gen/cyclic_shift_gen/cyclic_shift_generator.srcs/sources_1/ip/base_sequence_0/base_sequence.srcs/sources_1/new/base_sequence.v" into library xil_defaultlib
INFO: [VRFC 10-311] analyzing module base_sequence
WARNING: [VRFC 10-986] literal value truncated to fit in 16 bits [D:/FPGA/Vivaldo Project/PUCCH-FORMAT-0/Cyclic_Shift_Gen/cyclic_shift_gen/cyclic_shift_generator.srcs/sources_1/ip/base_sequence_0/base_sequence.srcs/sources_1/new/base_sequence.v:175]
WARNING: [VRFC 10-986] literal value truncated to fit in 16 bits [D:/FPGA/Vivaldo Project/PUCCH-FORMAT-0/Cyclic_Shift_Gen/cyclic_shift_gen/cyclic_shift_generator.srcs/sources_1/ip/base_sequence_0/base_sequence.srcs/sources_1/new/base_sequence.v:178]
WARNING: [VRFC 10-986] literal value truncated to fit in 16 bits [D:/FPGA/Vivaldo Project/PUCCH-FORMAT-0/Cyclic_Shift_Gen/cyclic_shift_gen/cyclic_shift_generator.srcs/sources_1/ip/base_sequence_0/base_sequence.srcs/sources_1/new/base_sequence.v:182]
WARNING: [VRFC 10-986] literal value truncated to fit in 16 bits [D:/FPGA/Vivaldo Project/PUCCH-FORMAT-0/Cyclic_Shift_Gen/cyclic_shift_gen/cyclic_shift_generator.srcs/sources_1/ip/base_sequence_0/base_sequence.srcs/sources_1/new/base_sequence.v:183]
INFO: [VRFC 10-2263] Analyzing Verilog file "D:/FPGA/Vivaldo Project/PUCCH-FORMAT-0/Cyclic_Shift_Gen/cyclic_shift_gen/cyclic_shift_generator.srcs/sources_1/ip/base_sequence_0/sim/base_sequence_0.v" into library xil_defaultlib
INFO: [VRFC 10-311] analyzing module base_sequence_0
INFO: [VRFC 10-2263] Analyzing Verilog file "D:/FPGA/Vivaldo Project/PUCCH-FORMAT-0/Cyclic_Shift_Gen/cyclic_shift_gen/cyclic_shift_generator.srcs/sources_1/new/cyclic_shift_generator.v" into library xil_defaultlib
INFO: [VRFC 10-311] analyzing module cyclic_shift_generator
INFO: [VRFC 10-2458] undeclared symbol uci_nID, assumed default net type wire [D:/FPGA/Vivaldo Project/PUCCH-FORMAT-0/Cyclic_Shift_Gen/cyclic_shift_gen/cyclic_shift_generator.srcs/sources_1/new/cyclic_shift_generator.v:45]
INFO: [VRFC 10-2458] undeclared symbol base_sequence, assumed default net type wire [D:/FPGA/Vivaldo Project/PUCCH-FORMAT-0/Cyclic_Shift_Gen/cyclic_shift_gen/cyclic_shift_generator.srcs/sources_1/new/cyclic_shift_generator.v:47]
INFO: [VRFC 10-2458] undeclared symbol base_sequence_valid, assumed default net type wire [D:/FPGA/Vivaldo Project/PUCCH-FORMAT-0/Cyclic_Shift_Gen/cyclic_shift_gen/cyclic_shift_generator.srcs/sources_1/new/cyclic_shift_generator.v:48]
INFO: [VRFC 10-2458] undeclared symbol phase_valid, assumed default net type wire [D:/FPGA/Vivaldo Project/PUCCH-FORMAT-0/Cyclic_Shift_Gen/cyclic_shift_gen/cyclic_shift_generator.srcs/sources_1/new/cyclic_shift_generator.v:60]
INFO: [VRFC 10-2458] undeclared symbol phase, assumed default net type wire [D:/FPGA/Vivaldo Project/PUCCH-FORMAT-0/Cyclic_Shift_Gen/cyclic_shift_gen/cyclic_shift_generator.srcs/sources_1/new/cyclic_shift_generator.v:61]
INFO: [VRFC 10-2263] Analyzing Verilog file "D:/FPGA/Vivaldo Project/PUCCH-FORMAT-0/Cyclic_Shift_Gen/cyclic_shift_gen/cyclic_shift_generator.srcs/sim_1/new/tb.v" into library xil_defaultlib
INFO: [VRFC 10-311] analyzing module tb
INFO: [VRFC 10-2458] undeclared symbol uci_NID, assumed default net type wire [D:/FPGA/Vivaldo Project/PUCCH-FORMAT-0/Cyclic_Shift_Gen/cyclic_shift_gen/cyclic_shift_generator.srcs/sim_1/new/tb.v:40]
"xvhdl --incr --relax -prj tb_vhdl.prj"
run_program: Time (s): cpu = 00:00:00 ; elapsed = 00:00:06 . Memory (MB): peak = 1160.770 ; gain = 0.000
INFO: [USF-XSim-69] 'compile' step finished in '6' seconds
launch_simulation: Time (s): cpu = 00:00:00 ; elapsed = 00:00:07 . Memory (MB): peak = 1160.770 ; gain = 0.000
Command: launch_simulation -simset sim_1 -mode behavioral
INFO: [Vivado 12-5698] Checking validity of IPs in the design for the 'XSim' simulator...
INFO: [Vivado 12-5682] Launching behavioral simulation in 'D:/FPGA/Vivaldo Project/PUCCH-FORMAT-0/Cyclic_Shift_Gen/cyclic_shift_gen/cyclic_shift_generator.sim/sim_1/behav/xsim'
INFO: [Vivado 12-4795] Using compiled simulation libraries for IPs
INFO: [USF-XSim-3] XSim::Elaborate design
INFO: [USF-XSim-61] Executing 'ELABORATE' step in 'D:/FPGA/Vivaldo Project/PUCCH-FORMAT-0/Cyclic_Shift_Gen/cyclic_shift_gen/cyclic_shift_generator.sim/sim_1/behav/xsim'
"xelab -wto abd24ebd72bd4eaa884be561f529c56d --incr --debug typical --relax --mt 2 -L xbip_utils_v3_0_10 -L xbip_pipe_v3_0_6 -L xbip_bram18k_v3_0_6 -L mult_gen_v12_0_16 -L xil_defaultlib -L blk_mem_gen_v8_4_4 -L unisims_ver -L unimacro_ver -L secureip -L xpm --snapshot tb_behav xil_defaultlib.tb xil_defaultlib.glbl -log elaborate.log"
Vivado Simulator 2019.2
Copyright 1986-1999, 2001-2019 Xilinx, Inc. All Rights Reserved.
Running: D:/Xilinx/Vivado/2019.2/bin/unwrapped/win64.o/xelab.exe -wto abd24ebd72bd4eaa884be561f529c56d --incr --debug typical --relax --mt 2 -L xbip_utils_v3_0_10 -L xbip_pipe_v3_0_6 -L xbip_bram18k_v3_0_6 -L mult_gen_v12_0_16 -L xil_defaultlib -L blk_mem_gen_v8_4_4 -L unisims_ver -L unimacro_ver -L secureip -L xpm --snapshot tb_behav xil_defaultlib.tb xil_defaultlib.glbl -log elaborate.log 
Using 2 slave threads.
Starting static elaboration
Pass Through NonSizing Optimizer
WARNING: [VRFC 10-3715] size mismatch in mixed language port association, vhdl port 'a' [D:/FPGA/Vivaldo Project/PUCCH-FORMAT-0/Cyclic_Shift_Gen/cyclic_shift_gen/cyclic_shift_generator.srcs/sources_1/ip/phase_generator_0_1/phase_generator.srcs/sources_1/ip/modulo_12_1_nomalize/new/modulo_12.v:45]
WARNING: [VRFC 10-3715] size mismatch in mixed language port association, vhdl port 'b' [D:/FPGA/Vivaldo Project/PUCCH-FORMAT-0/Cyclic_Shift_Gen/cyclic_shift_gen/cyclic_shift_generator.srcs/sources_1/ip/phase_generator_0_1/phase_generator.srcs/sources_1/ip/modulo_12_1_nomalize/new/modulo_12.v:52]
WARNING: [VRFC 10-3715] size mismatch in mixed language port association, vhdl port 'a' [D:/FPGA/Vivaldo Project/PUCCH-FORMAT-0/Cyclic_Shift_Gen/cyclic_shift_gen/cyclic_shift_generator.srcs/sources_1/ip/phase_generator_0_1/phase_generator.srcs/sources_1/ip/modulo_12_1_nomalize/new/modulo_12.v:45]
WARNING: [VRFC 10-3715] size mismatch in mixed language port association, vhdl port 'b' [D:/FPGA/Vivaldo Project/PUCCH-FORMAT-0/Cyclic_Shift_Gen/cyclic_shift_gen/cyclic_shift_generator.srcs/sources_1/ip/phase_generator_0_1/phase_generator.srcs/sources_1/ip/modulo_12_1_nomalize/new/modulo_12.v:52]
WARNING: [VRFC 10-3091] actual bit length 1 differs from formal bit length 11 for port 'uci_NID' [D:/FPGA/Vivaldo Project/PUCCH-FORMAT-0/Cyclic_Shift_Gen/cyclic_shift_gen/cyclic_shift_generator.srcs/sim_1/new/tb.v:40]
WARNING: [VRFC 10-3091] actual bit length 32 differs from formal bit length 33 for port 'cyclic_shift' [D:/FPGA/Vivaldo Project/PUCCH-FORMAT-0/Cyclic_Shift_Gen/cyclic_shift_gen/cyclic_shift_generator.srcs/sim_1/new/tb.v:42]
WARNING: [VRFC 10-3091] actual bit length 1 differs from formal bit length 11 for port 'uci_nID' [D:/FPGA/Vivaldo Project/PUCCH-FORMAT-0/Cyclic_Shift_Gen/cyclic_shift_gen/cyclic_shift_generator.srcs/sources_1/new/cyclic_shift_generator.v:45]
WARNING: [VRFC 10-3091] actual bit length 1 differs from formal bit length 32 for port 'base_sequence' [D:/FPGA/Vivaldo Project/PUCCH-FORMAT-0/Cyclic_Shift_Gen/cyclic_shift_gen/cyclic_shift_generator.srcs/sources_1/new/cyclic_shift_generator.v:47]
WARNING: [VRFC 10-3091] actual bit length 6 differs from formal bit length 31 for port 'ID' [D:/FPGA/Vivaldo Project/PUCCH-FORMAT-0/Cyclic_Shift_Gen/cyclic_shift_gen/cyclic_shift_generator.srcs/sources_1/ip/base_sequence_0/base_sequence.srcs/sources_1/new/base_sequence.v:107]
WARNING: [VRFC 10-3091] actual bit length 8 differs from formal bit length 31 for port 'markP' [D:/FPGA/Vivaldo Project/PUCCH-FORMAT-0/Cyclic_Shift_Gen/cyclic_shift_gen/cyclic_shift_generator.srcs/sources_1/ip/base_sequence_0/base_sequence.srcs/sources_1/new/base_sequence.v:108]
WARNING: [VRFC 10-3091] actual bit length 31 differs from formal bit length 13 for port 'ID' [D:/FPGA/Vivaldo Project/PUCCH-FORMAT-0/Cyclic_Shift_Gen/cyclic_shift_gen/cyclic_shift_generator.srcs/sources_1/ip/phase_generator_0_1/phase_generator.srcs/sources_1/ip/scramble_sequence_8bits_0/scamble_sequence.srcs/sources_1/new/scramble_sequence.v:36]
WARNING: [VRFC 10-3091] actual bit length 1 differs from formal bit length 33 for port 'phase' [D:/FPGA/Vivaldo Project/PUCCH-FORMAT-0/Cyclic_Shift_Gen/cyclic_shift_gen/cyclic_shift_generator.srcs/sources_1/new/cyclic_shift_generator.v:61]
Completed static elaboration
Starting simulation data flow analysis
Completed simulation data flow analysis
Time Resolution for simulation is 1ps
Compiling package std.standard
Compiling package std.textio
Compiling package ieee.std_logic_1164
Compiling package ieee.numeric_std
Compiling package mult_gen_v12_0_16.mult_gen_v12_0_16_viv_comp
Compiling package xbip_utils_v3_0_10.xbip_utils_v3_0_10_pkg
Compiling package mult_gen_v12_0_16.mult_gen_v12_0_16_pkg
Compiling package ieee.std_logic_arith
Compiling package ieee.std_logic_signed
Compiling package unisim.vcomponents
Compiling package ieee.std_logic_unsigned
Compiling package ieee.vital_timing
Compiling package ieee.vital_primitives
Compiling package unisim.vpkg
Compiling architecture lut2_v of entity unisim.LUT2 [\LUT2(init="1000")(0,3)\]
Compiling architecture mult_and_v of entity unisim.MULT_AND [mult_and_default]
Compiling architecture muxcy_v of entity unisim.MUXCY [muxcy_default]
Compiling architecture xorcy_v of entity unisim.XORCY [xorcy_default]
Compiling architecture xilinx of entity mult_gen_v12_0_16.op_resize [\op_resize(ai_width=11,ai_type=1...]
Compiling architecture xilinx of entity mult_gen_v12_0_16.luts [\luts(c_xdevicefamily="virtexupl...]
Compiling architecture xilinx of entity mult_gen_v12_0_16.mult_gen_v12_0_16_viv [\mult_gen_v12_0_16_viv(c_verbosi...]
Compiling architecture xilinx of entity mult_gen_v12_0_16.mult_gen_v12_0_16 [\mult_gen_v12_0_16(c_xdevicefami...]
Compiling architecture mult_gen_0_arch of entity xil_defaultlib.mult_gen_0 [mult_gen_0_default]
Compiling architecture xilinx of entity mult_gen_v12_0_16.op_resize [\op_resize(ai_width=6,bi_width=5...]
Compiling architecture xilinx of entity mult_gen_v12_0_16.luts [\luts(c_xdevicefamily="virtexupl...]
Compiling architecture xilinx of entity mult_gen_v12_0_16.mult_gen_v12_0_16_viv [\mult_gen_v12_0_16_viv(c_verbosi...]
Compiling architecture xilinx of entity mult_gen_v12_0_16.mult_gen_v12_0_16 [\mult_gen_v12_0_16(c_xdevicefami...]
Compiling architecture mult_gen_1_arch of entity xil_defaultlib.mult_gen_1 [mult_gen_1_default]
Compiling module xil_defaultlib.modulo_30
Compiling module xil_defaultlib.modulo_30_0
Compiling module xil_defaultlib.x1_x2_init
Compiling module xil_defaultlib.scramble_sequence_8bits
Compiling module xil_defaultlib.scramble_sequence_8bits_0
Compiling module xil_defaultlib.modulo_30_1
Compiling module xil_defaultlib.scramble_sequence_1bit
Compiling module xil_defaultlib.scramble_sequence_1bit_0
Compiling module xil_defaultlib.modulo_30_2
Compiling module blk_mem_gen_v8_4_4.blk_mem_gen_v8_4_4_output_stage(...
Compiling module blk_mem_gen_v8_4_4.blk_mem_gen_v8_4_4_softecc_outpu...
Compiling module blk_mem_gen_v8_4_4.blk_mem_gen_v8_4_4_mem_module(C_...
Compiling module blk_mem_gen_v8_4_4.blk_mem_gen_v8_4_4(C_FAMILY="vir...
Compiling module xil_defaultlib.blk_mem_gen_0
Compiling module xil_defaultlib.extend_valid_new(number_cycles=9...
Compiling module xil_defaultlib.phi_matrix
Compiling module xil_defaultlib.phi_matrix_0
Compiling module xil_defaultlib.base_sequence
Compiling module xil_defaultlib.base_sequence_0
Compiling module xil_defaultlib.ack_selection
Compiling module xil_defaultlib.modulo_12
Compiling module xil_defaultlib.modulo_12_0
Compiling architecture xilinx of entity mult_gen_v12_0_16.op_resize [\op_resize(ai_width=4,bi_width=4...]
Compiling architecture xilinx of entity mult_gen_v12_0_16.luts [\luts(c_xdevicefamily="virtexupl...]
Compiling architecture xilinx of entity mult_gen_v12_0_16.mult_gen_v12_0_16_viv [\mult_gen_v12_0_16_viv(c_verbosi...]
Compiling architecture xilinx of entity mult_gen_v12_0_16.mult_gen_v12_0_16 [\mult_gen_v12_0_16(c_xdevicefami...]
Compiling architecture mult_gen_dis_alpha_arch of entity xil_defaultlib.mult_gen_dis_alpha [mult_gen_dis_alpha_default]
Compiling module xil_defaultlib.dis_alpha_gen
Compiling module xil_defaultlib.dis_alpha_gen_0
Compiling module xil_defaultlib.modulo_12_1_nomalize
Compiling module xil_defaultlib.phase_generator
Compiling module xil_defaultlib.phase_generator_0
Compiling module xil_defaultlib.cyclic_shift_generator
Compiling module xil_defaultlib.tb
Compiling module xil_defaultlib.glbl
Built simulation snapshot tb_behav
INFO: [USF-XSim-69] 'elaborate' step finished in '4' seconds
Vivado Simulator 2019.2
Time resolution is 1 ps
 Block Memory Generator module loading initial data...
 Block Memory Generator data initialization complete.
Block Memory Generator module tb.cyclic_shift_generator0.base_sequence_0.inst.phi_matrix_0.inst.blk_mem_gen_0.inst.native_mem_module.blk_mem_gen_v8_4_4_inst is using a behavioral model for simulation which will not precisely model memory collision behavior.
relaunch_sim: Time (s): cpu = 00:00:03 ; elapsed = 00:00:16 . Memory (MB): peak = 1160.770 ; gain = 0.000
current_wave_config {tb_behav.wcfg}
tb_behav.wcfg
add_wave {{/tb/uci_nID}} 
relaunch_sim
Command: launch_simulation -simset sim_1 -mode behavioral
INFO: [Vivado 12-5698] Checking validity of IPs in the design for the 'XSim' simulator...
INFO: [Vivado 12-5682] Launching behavioral simulation in 'D:/FPGA/Vivaldo Project/PUCCH-FORMAT-0/Cyclic_Shift_Gen/cyclic_shift_gen/cyclic_shift_generator.sim/sim_1/behav/xsim'
INFO: [Vivado 12-4795] Using compiled simulation libraries for IPs
INFO: [SIM-utils-51] Simulation object is 'sim_1'
INFO: [USF-XSim-7] Finding pre-compiled libraries...
INFO: [USF-XSim-11] File 'D:/Xilinx/Vivado/2019.2/data/xsim/xsim.ini' copied to run dir:'D:/FPGA/Vivaldo Project/PUCCH-FORMAT-0/Cyclic_Shift_Gen/cyclic_shift_gen/cyclic_shift_generator.sim/sim_1/behav/xsim'
INFO: [SIM-utils-54] Inspecting design source files for 'tb' in fileset 'sim_1'...
INFO: [SIM-utils-43] Exported 'D:/FPGA/Vivaldo Project/PUCCH-FORMAT-0/Cyclic_Shift_Gen/cyclic_shift_gen/cyclic_shift_generator.sim/sim_1/behav/xsim/phi.coe'
INFO: [SIM-utils-43] Exported 'D:/FPGA/Vivaldo Project/PUCCH-FORMAT-0/Cyclic_Shift_Gen/cyclic_shift_gen/cyclic_shift_generator.sim/sim_1/behav/xsim/blk_mem_gen_0.mif'
INFO: [USF-XSim-97] Finding global include files...
INFO: [USF-XSim-98] Fetching design files from 'sim_1'...
INFO: [USF-XSim-2] XSim::Compile design
INFO: [USF-XSim-61] Executing 'COMPILE and ANALYZE' step in 'D:/FPGA/Vivaldo Project/PUCCH-FORMAT-0/Cyclic_Shift_Gen/cyclic_shift_gen/cyclic_shift_generator.sim/sim_1/behav/xsim'
"xvlog --incr --relax -prj tb_vlog.prj"
"xvhdl --incr --relax -prj tb_vhdl.prj"
INFO: [USF-XSim-69] 'compile' step finished in '2' seconds
Command: launch_simulation -simset sim_1 -mode behavioral
INFO: [Vivado 12-5698] Checking validity of IPs in the design for the 'XSim' simulator...
INFO: [Vivado 12-5682] Launching behavioral simulation in 'D:/FPGA/Vivaldo Project/PUCCH-FORMAT-0/Cyclic_Shift_Gen/cyclic_shift_gen/cyclic_shift_generator.sim/sim_1/behav/xsim'
INFO: [Vivado 12-4795] Using compiled simulation libraries for IPs
INFO: [USF-XSim-3] XSim::Elaborate design
INFO: [USF-XSim-61] Executing 'ELABORATE' step in 'D:/FPGA/Vivaldo Project/PUCCH-FORMAT-0/Cyclic_Shift_Gen/cyclic_shift_gen/cyclic_shift_generator.sim/sim_1/behav/xsim'
"xelab -wto abd24ebd72bd4eaa884be561f529c56d --incr --debug typical --relax --mt 2 -L xbip_utils_v3_0_10 -L xbip_pipe_v3_0_6 -L xbip_bram18k_v3_0_6 -L mult_gen_v12_0_16 -L xil_defaultlib -L blk_mem_gen_v8_4_4 -L unisims_ver -L unimacro_ver -L secureip -L xpm --snapshot tb_behav xil_defaultlib.tb xil_defaultlib.glbl -log elaborate.log"
Vivado Simulator 2019.2
Copyright 1986-1999, 2001-2019 Xilinx, Inc. All Rights Reserved.
Running: D:/Xilinx/Vivado/2019.2/bin/unwrapped/win64.o/xelab.exe -wto abd24ebd72bd4eaa884be561f529c56d --incr --debug typical --relax --mt 2 -L xbip_utils_v3_0_10 -L xbip_pipe_v3_0_6 -L xbip_bram18k_v3_0_6 -L mult_gen_v12_0_16 -L xil_defaultlib -L blk_mem_gen_v8_4_4 -L unisims_ver -L unimacro_ver -L secureip -L xpm --snapshot tb_behav xil_defaultlib.tb xil_defaultlib.glbl -log elaborate.log 
Using 2 slave threads.
Starting static elaboration
Pass Through NonSizing Optimizer
WARNING: [VRFC 10-3715] size mismatch in mixed language port association, vhdl port 'a' [D:/FPGA/Vivaldo Project/PUCCH-FORMAT-0/Cyclic_Shift_Gen/cyclic_shift_gen/cyclic_shift_generator.srcs/sources_1/ip/phase_generator_0_1/phase_generator.srcs/sources_1/ip/modulo_12_1_nomalize/new/modulo_12.v:45]
WARNING: [VRFC 10-3715] size mismatch in mixed language port association, vhdl port 'b' [D:/FPGA/Vivaldo Project/PUCCH-FORMAT-0/Cyclic_Shift_Gen/cyclic_shift_gen/cyclic_shift_generator.srcs/sources_1/ip/phase_generator_0_1/phase_generator.srcs/sources_1/ip/modulo_12_1_nomalize/new/modulo_12.v:52]
WARNING: [VRFC 10-3715] size mismatch in mixed language port association, vhdl port 'a' [D:/FPGA/Vivaldo Project/PUCCH-FORMAT-0/Cyclic_Shift_Gen/cyclic_shift_gen/cyclic_shift_generator.srcs/sources_1/ip/phase_generator_0_1/phase_generator.srcs/sources_1/ip/modulo_12_1_nomalize/new/modulo_12.v:45]
WARNING: [VRFC 10-3715] size mismatch in mixed language port association, vhdl port 'b' [D:/FPGA/Vivaldo Project/PUCCH-FORMAT-0/Cyclic_Shift_Gen/cyclic_shift_gen/cyclic_shift_generator.srcs/sources_1/ip/phase_generator_0_1/phase_generator.srcs/sources_1/ip/modulo_12_1_nomalize/new/modulo_12.v:52]
WARNING: [VRFC 10-3091] actual bit length 1 differs from formal bit length 11 for port 'uci_NID' [D:/FPGA/Vivaldo Project/PUCCH-FORMAT-0/Cyclic_Shift_Gen/cyclic_shift_gen/cyclic_shift_generator.srcs/sim_1/new/tb.v:40]
WARNING: [VRFC 10-3091] actual bit length 32 differs from formal bit length 33 for port 'cyclic_shift' [D:/FPGA/Vivaldo Project/PUCCH-FORMAT-0/Cyclic_Shift_Gen/cyclic_shift_gen/cyclic_shift_generator.srcs/sim_1/new/tb.v:42]
WARNING: [VRFC 10-3091] actual bit length 1 differs from formal bit length 11 for port 'uci_nID' [D:/FPGA/Vivaldo Project/PUCCH-FORMAT-0/Cyclic_Shift_Gen/cyclic_shift_gen/cyclic_shift_generator.srcs/sources_1/new/cyclic_shift_generator.v:45]
WARNING: [VRFC 10-3091] actual bit length 1 differs from formal bit length 32 for port 'base_sequence' [D:/FPGA/Vivaldo Project/PUCCH-FORMAT-0/Cyclic_Shift_Gen/cyclic_shift_gen/cyclic_shift_generator.srcs/sources_1/new/cyclic_shift_generator.v:47]
WARNING: [VRFC 10-3091] actual bit length 6 differs from formal bit length 31 for port 'ID' [D:/FPGA/Vivaldo Project/PUCCH-FORMAT-0/Cyclic_Shift_Gen/cyclic_shift_gen/cyclic_shift_generator.srcs/sources_1/ip/base_sequence_0/base_sequence.srcs/sources_1/new/base_sequence.v:107]
WARNING: [VRFC 10-3091] actual bit length 8 differs from formal bit length 31 for port 'markP' [D:/FPGA/Vivaldo Project/PUCCH-FORMAT-0/Cyclic_Shift_Gen/cyclic_shift_gen/cyclic_shift_generator.srcs/sources_1/ip/base_sequence_0/base_sequence.srcs/sources_1/new/base_sequence.v:108]
WARNING: [VRFC 10-3091] actual bit length 31 differs from formal bit length 13 for port 'ID' [D:/FPGA/Vivaldo Project/PUCCH-FORMAT-0/Cyclic_Shift_Gen/cyclic_shift_gen/cyclic_shift_generator.srcs/sources_1/ip/phase_generator_0_1/phase_generator.srcs/sources_1/ip/scramble_sequence_8bits_0/scamble_sequence.srcs/sources_1/new/scramble_sequence.v:36]
WARNING: [VRFC 10-3091] actual bit length 1 differs from formal bit length 33 for port 'phase' [D:/FPGA/Vivaldo Project/PUCCH-FORMAT-0/Cyclic_Shift_Gen/cyclic_shift_gen/cyclic_shift_generator.srcs/sources_1/new/cyclic_shift_generator.v:61]
Completed static elaboration
INFO: [XSIM 43-4323] No Change in HDL. Linking previously generated obj files to create kernel
INFO: [USF-XSim-69] 'elaborate' step finished in '2' seconds
Vivado Simulator 2019.2
Time resolution is 1 ps
 Block Memory Generator module loading initial data...
 Block Memory Generator data initialization complete.
Block Memory Generator module tb.cyclic_shift_generator0.base_sequence_0.inst.phi_matrix_0.inst.blk_mem_gen_0.inst.native_mem_module.blk_mem_gen_v8_4_4_inst is using a behavioral model for simulation which will not precisely model memory collision behavior.
relaunch_sim: Time (s): cpu = 00:00:02 ; elapsed = 00:00:09 . Memory (MB): peak = 1160.770 ; gain = 0.000
relaunch_sim
Command: launch_simulation -simset sim_1 -mode behavioral
INFO: [Vivado 12-5698] Checking validity of IPs in the design for the 'XSim' simulator...
INFO: [Vivado 12-5682] Launching behavioral simulation in 'D:/FPGA/Vivaldo Project/PUCCH-FORMAT-0/Cyclic_Shift_Gen/cyclic_shift_gen/cyclic_shift_generator.sim/sim_1/behav/xsim'
INFO: [Vivado 12-4795] Using compiled simulation libraries for IPs
INFO: [SIM-utils-51] Simulation object is 'sim_1'
INFO: [USF-XSim-7] Finding pre-compiled libraries...
INFO: [USF-XSim-11] File 'D:/Xilinx/Vivado/2019.2/data/xsim/xsim.ini' copied to run dir:'D:/FPGA/Vivaldo Project/PUCCH-FORMAT-0/Cyclic_Shift_Gen/cyclic_shift_gen/cyclic_shift_generator.sim/sim_1/behav/xsim'
INFO: [SIM-utils-54] Inspecting design source files for 'tb' in fileset 'sim_1'...
INFO: [SIM-utils-43] Exported 'D:/FPGA/Vivaldo Project/PUCCH-FORMAT-0/Cyclic_Shift_Gen/cyclic_shift_gen/cyclic_shift_generator.sim/sim_1/behav/xsim/phi.coe'
INFO: [SIM-utils-43] Exported 'D:/FPGA/Vivaldo Project/PUCCH-FORMAT-0/Cyclic_Shift_Gen/cyclic_shift_gen/cyclic_shift_generator.sim/sim_1/behav/xsim/blk_mem_gen_0.mif'
INFO: [USF-XSim-97] Finding global include files...
INFO: [USF-XSim-98] Fetching design files from 'sim_1'...
INFO: [USF-XSim-2] XSim::Compile design
INFO: [USF-XSim-61] Executing 'COMPILE and ANALYZE' step in 'D:/FPGA/Vivaldo Project/PUCCH-FORMAT-0/Cyclic_Shift_Gen/cyclic_shift_gen/cyclic_shift_generator.sim/sim_1/behav/xsim'
"xvlog --incr --relax -prj tb_vlog.prj"
INFO: [VRFC 10-2263] Analyzing Verilog file "D:/FPGA/Vivaldo Project/PUCCH-FORMAT-0/Cyclic_Shift_Gen/cyclic_shift_gen/cyclic_shift_generator.srcs/sources_1/ip/phase_generator_0_1/phase_generator.srcs/sources_1/ip/modulo_12_1_nomalize/new/modulo_12.v" into library xil_defaultlib
INFO: [VRFC 10-311] analyzing module modulo_12
INFO: [VRFC 10-2263] Analyzing Verilog file "D:/FPGA/Vivaldo Project/PUCCH-FORMAT-0/Cyclic_Shift_Gen/cyclic_shift_gen/cyclic_shift_generator.srcs/sources_1/ip/phase_generator_0_1/phase_generator.srcs/sources_1/ip/modulo_12_1_nomalize/sim/modulo_12_1_nomalize.v" into library xil_defaultlib
INFO: [VRFC 10-311] analyzing module modulo_12_1_nomalize
INFO: [VRFC 10-2263] Analyzing Verilog file "D:/FPGA/Vivaldo Project/PUCCH-FORMAT-0/Cyclic_Shift_Gen/cyclic_shift_gen/cyclic_shift_generator.srcs/sources_1/ip/phase_generator_0_1/phase_generator.srcs/sources_1/ip/dis_alpha_gen_0/new/dis_alpha_gen.v" into library xil_defaultlib
INFO: [VRFC 10-311] analyzing module dis_alpha_gen
INFO: [VRFC 10-2263] Analyzing Verilog file "D:/FPGA/Vivaldo Project/PUCCH-FORMAT-0/Cyclic_Shift_Gen/cyclic_shift_gen/cyclic_shift_generator.srcs/sources_1/ip/phase_generator_0_1/phase_generator.srcs/sources_1/ip/dis_alpha_gen_0/sim/dis_alpha_gen_0.v" into library xil_defaultlib
INFO: [VRFC 10-311] analyzing module dis_alpha_gen_0
INFO: [VRFC 10-2263] Analyzing Verilog file "D:/FPGA/Vivaldo Project/PUCCH-FORMAT-0/Cyclic_Shift_Gen/cyclic_shift_gen/cyclic_shift_generator.srcs/sources_1/ip/phase_generator_0_1/phase_generator.srcs/sources_1/ip/modulo_12_0/sim/modulo_12_0.v" into library xil_defaultlib
INFO: [VRFC 10-311] analyzing module modulo_12_0
INFO: [VRFC 10-2263] Analyzing Verilog file "D:/FPGA/Vivaldo Project/PUCCH-FORMAT-0/Cyclic_Shift_Gen/cyclic_shift_gen/cyclic_shift_generator.srcs/sources_1/ip/phase_generator_0_1/phase_generator.srcs/sources_1/ip/scramble_sequence_8bits_0/scamble_sequence.srcs/sources_1/new/scramble_sequence.v" into library xil_defaultlib
INFO: [VRFC 10-311] analyzing module scramble_sequence_8bits
INFO: [VRFC 10-311] analyzing module x1_x2_init
INFO: [VRFC 10-2263] Analyzing Verilog file "D:/FPGA/Vivaldo Project/PUCCH-FORMAT-0/Cyclic_Shift_Gen/cyclic_shift_gen/cyclic_shift_generator.srcs/sources_1/ip/phase_generator_0_1/phase_generator.srcs/sources_1/ip/scramble_sequence_8bits_0/sim/scramble_sequence_8bits_0.v" into library xil_defaultlib
INFO: [VRFC 10-311] analyzing module scramble_sequence_8bits_0
INFO: [VRFC 10-2263] Analyzing Verilog file "D:/FPGA/Vivaldo Project/PUCCH-FORMAT-0/Cyclic_Shift_Gen/cyclic_shift_gen/cyclic_shift_generator.srcs/sources_1/ip/phase_generator_0_1/phase_generator.srcs/sources_1/new/phase_generator.v" into library xil_defaultlib
INFO: [VRFC 10-311] analyzing module phase_generator
INFO: [VRFC 10-311] analyzing module ack_selection
INFO: [VRFC 10-2263] Analyzing Verilog file "D:/FPGA/Vivaldo Project/PUCCH-FORMAT-0/Cyclic_Shift_Gen/cyclic_shift_gen/cyclic_shift_generator.srcs/sources_1/ip/phase_generator_0_1/sim/phase_generator_0.v" into library xil_defaultlib
INFO: [VRFC 10-311] analyzing module phase_generator_0
INFO: [VRFC 10-2263] Analyzing Verilog file "D:/FPGA/Vivaldo Project/PUCCH-FORMAT-0/Cyclic_Shift_Gen/cyclic_shift_gen/cyclic_shift_generator.srcs/sources_1/ip/base_sequence_0/base_sequence.srcs/sources_1/ip/phi_matrix_0/phi_matrix.srcs/sources_1/ip/blk_mem_gen_0/sim/blk_mem_gen_0.v" into library xil_defaultlib
INFO: [VRFC 10-311] analyzing module blk_mem_gen_0
INFO: [VRFC 10-2263] Analyzing Verilog file "D:/FPGA/Vivaldo Project/PUCCH-FORMAT-0/Cyclic_Shift_Gen/cyclic_shift_gen/cyclic_shift_generator.srcs/sources_1/ip/base_sequence_0/base_sequence.srcs/sources_1/ip/phi_matrix_0/phi_matrix.srcs/sources_1/new/phi_matrix.v" into library xil_defaultlib
INFO: [VRFC 10-311] analyzing module phi_matrix
INFO: [VRFC 10-311] analyzing module extend_valid_new
INFO: [VRFC 10-2263] Analyzing Verilog file "D:/FPGA/Vivaldo Project/PUCCH-FORMAT-0/Cyclic_Shift_Gen/cyclic_shift_gen/cyclic_shift_generator.srcs/sources_1/ip/base_sequence_0/base_sequence.srcs/sources_1/ip/phi_matrix_0/sim/phi_matrix_0.v" into library xil_defaultlib
INFO: [VRFC 10-311] analyzing module phi_matrix_0
INFO: [VRFC 10-2263] Analyzing Verilog file "D:/FPGA/Vivaldo Project/PUCCH-FORMAT-0/Cyclic_Shift_Gen/cyclic_shift_gen/cyclic_shift_generator.srcs/sources_1/ip/base_sequence_0/base_sequence.srcs/sources_1/ip/modulo_30_2/modulo_n.srcs/sources_1/new/modulo_n.v" into library xil_defaultlib
INFO: [VRFC 10-311] analyzing module modulo_30
INFO: [VRFC 10-2263] Analyzing Verilog file "D:/FPGA/Vivaldo Project/PUCCH-FORMAT-0/Cyclic_Shift_Gen/cyclic_shift_gen/cyclic_shift_generator.srcs/sources_1/ip/base_sequence_0/base_sequence.srcs/sources_1/ip/modulo_30_2/sim/modulo_30_2.v" into library xil_defaultlib
INFO: [VRFC 10-311] analyzing module modulo_30_2
INFO: [VRFC 10-2263] Analyzing Verilog file "D:/FPGA/Vivaldo Project/PUCCH-FORMAT-0/Cyclic_Shift_Gen/cyclic_shift_gen/cyclic_shift_generator.srcs/sources_1/ip/base_sequence_0/base_sequence.srcs/sources_1/ip/scramble_sequence_1bit_0/scamble_sequence.srcs/sources_1/new/scramble_sequence.v" into library xil_defaultlib
INFO: [VRFC 10-311] analyzing module scramble_sequence_1bit
INFO: [VRFC 10-311] analyzing module x1_x2_init
WARNING: [VRFC 10-3609] overwriting previous definition of module 'x1_x2_init' [D:/FPGA/Vivaldo Project/PUCCH-FORMAT-0/Cyclic_Shift_Gen/cyclic_shift_gen/cyclic_shift_generator.srcs/sources_1/ip/base_sequence_0/base_sequence.srcs/sources_1/ip/scramble_sequence_1bit_0/scamble_sequence.srcs/sources_1/new/scramble_sequence.v:102]
INFO: [VRFC 10-2263] Analyzing Verilog file "D:/FPGA/Vivaldo Project/PUCCH-FORMAT-0/Cyclic_Shift_Gen/cyclic_shift_gen/cyclic_shift_generator.srcs/sources_1/ip/base_sequence_0/base_sequence.srcs/sources_1/ip/scramble_sequence_1bit_0/sim/scramble_sequence_1bit_0.v" into library xil_defaultlib
INFO: [VRFC 10-311] analyzing module scramble_sequence_1bit_0
INFO: [VRFC 10-2263] Analyzing Verilog file "D:/FPGA/Vivaldo Project/PUCCH-FORMAT-0/Cyclic_Shift_Gen/cyclic_shift_gen/cyclic_shift_generator.srcs/sources_1/ip/base_sequence_0/base_sequence.srcs/sources_1/ip/modulo_30_1/sim/modulo_30_1.v" into library xil_defaultlib
INFO: [VRFC 10-311] analyzing module modulo_30_1
INFO: [VRFC 10-2263] Analyzing Verilog file "D:/FPGA/Vivaldo Project/PUCCH-FORMAT-0/Cyclic_Shift_Gen/cyclic_shift_gen/cyclic_shift_generator.srcs/sources_1/ip/base_sequence_0/base_sequence.srcs/sources_1/ip/modulo_30_0/sim/modulo_30_0.v" into library xil_defaultlib
INFO: [VRFC 10-311] analyzing module modulo_30_0
INFO: [VRFC 10-2263] Analyzing Verilog file "D:/FPGA/Vivaldo Project/PUCCH-FORMAT-0/Cyclic_Shift_Gen/cyclic_shift_gen/cyclic_shift_generator.srcs/sources_1/ip/base_sequence_0/base_sequence.srcs/sources_1/new/base_sequence.v" into library xil_defaultlib
INFO: [VRFC 10-311] analyzing module base_sequence
WARNING: [VRFC 10-986] literal value truncated to fit in 16 bits [D:/FPGA/Vivaldo Project/PUCCH-FORMAT-0/Cyclic_Shift_Gen/cyclic_shift_gen/cyclic_shift_generator.srcs/sources_1/ip/base_sequence_0/base_sequence.srcs/sources_1/new/base_sequence.v:175]
WARNING: [VRFC 10-986] literal value truncated to fit in 16 bits [D:/FPGA/Vivaldo Project/PUCCH-FORMAT-0/Cyclic_Shift_Gen/cyclic_shift_gen/cyclic_shift_generator.srcs/sources_1/ip/base_sequence_0/base_sequence.srcs/sources_1/new/base_sequence.v:178]
WARNING: [VRFC 10-986] literal value truncated to fit in 16 bits [D:/FPGA/Vivaldo Project/PUCCH-FORMAT-0/Cyclic_Shift_Gen/cyclic_shift_gen/cyclic_shift_generator.srcs/sources_1/ip/base_sequence_0/base_sequence.srcs/sources_1/new/base_sequence.v:182]
WARNING: [VRFC 10-986] literal value truncated to fit in 16 bits [D:/FPGA/Vivaldo Project/PUCCH-FORMAT-0/Cyclic_Shift_Gen/cyclic_shift_gen/cyclic_shift_generator.srcs/sources_1/ip/base_sequence_0/base_sequence.srcs/sources_1/new/base_sequence.v:183]
INFO: [VRFC 10-2263] Analyzing Verilog file "D:/FPGA/Vivaldo Project/PUCCH-FORMAT-0/Cyclic_Shift_Gen/cyclic_shift_gen/cyclic_shift_generator.srcs/sources_1/ip/base_sequence_0/sim/base_sequence_0.v" into library xil_defaultlib
INFO: [VRFC 10-311] analyzing module base_sequence_0
INFO: [VRFC 10-2263] Analyzing Verilog file "D:/FPGA/Vivaldo Project/PUCCH-FORMAT-0/Cyclic_Shift_Gen/cyclic_shift_gen/cyclic_shift_generator.srcs/sources_1/new/cyclic_shift_generator.v" into library xil_defaultlib
INFO: [VRFC 10-311] analyzing module cyclic_shift_generator
INFO: [VRFC 10-2458] undeclared symbol uci_nID, assumed default net type wire [D:/FPGA/Vivaldo Project/PUCCH-FORMAT-0/Cyclic_Shift_Gen/cyclic_shift_gen/cyclic_shift_generator.srcs/sources_1/new/cyclic_shift_generator.v:45]
INFO: [VRFC 10-2458] undeclared symbol base_sequence, assumed default net type wire [D:/FPGA/Vivaldo Project/PUCCH-FORMAT-0/Cyclic_Shift_Gen/cyclic_shift_gen/cyclic_shift_generator.srcs/sources_1/new/cyclic_shift_generator.v:47]
INFO: [VRFC 10-2458] undeclared symbol base_sequence_valid, assumed default net type wire [D:/FPGA/Vivaldo Project/PUCCH-FORMAT-0/Cyclic_Shift_Gen/cyclic_shift_gen/cyclic_shift_generator.srcs/sources_1/new/cyclic_shift_generator.v:48]
INFO: [VRFC 10-2458] undeclared symbol phase_valid, assumed default net type wire [D:/FPGA/Vivaldo Project/PUCCH-FORMAT-0/Cyclic_Shift_Gen/cyclic_shift_gen/cyclic_shift_generator.srcs/sources_1/new/cyclic_shift_generator.v:60]
INFO: [VRFC 10-2458] undeclared symbol phase, assumed default net type wire [D:/FPGA/Vivaldo Project/PUCCH-FORMAT-0/Cyclic_Shift_Gen/cyclic_shift_gen/cyclic_shift_generator.srcs/sources_1/new/cyclic_shift_generator.v:61]
INFO: [VRFC 10-2263] Analyzing Verilog file "D:/FPGA/Vivaldo Project/PUCCH-FORMAT-0/Cyclic_Shift_Gen/cyclic_shift_gen/cyclic_shift_generator.srcs/sim_1/new/tb.v" into library xil_defaultlib
INFO: [VRFC 10-311] analyzing module tb
INFO: [VRFC 10-2458] undeclared symbol uci_NID, assumed default net type wire [D:/FPGA/Vivaldo Project/PUCCH-FORMAT-0/Cyclic_Shift_Gen/cyclic_shift_gen/cyclic_shift_generator.srcs/sim_1/new/tb.v:40]
"xvhdl --incr --relax -prj tb_vhdl.prj"
run_program: Time (s): cpu = 00:00:00 ; elapsed = 00:00:06 . Memory (MB): peak = 1160.770 ; gain = 0.000
INFO: [USF-XSim-69] 'compile' step finished in '7' seconds
launch_simulation: Time (s): cpu = 00:00:00 ; elapsed = 00:00:07 . Memory (MB): peak = 1160.770 ; gain = 0.000
Command: launch_simulation -simset sim_1 -mode behavioral
INFO: [Vivado 12-5698] Checking validity of IPs in the design for the 'XSim' simulator...
INFO: [Vivado 12-5682] Launching behavioral simulation in 'D:/FPGA/Vivaldo Project/PUCCH-FORMAT-0/Cyclic_Shift_Gen/cyclic_shift_gen/cyclic_shift_generator.sim/sim_1/behav/xsim'
INFO: [Vivado 12-4795] Using compiled simulation libraries for IPs
INFO: [USF-XSim-3] XSim::Elaborate design
INFO: [USF-XSim-61] Executing 'ELABORATE' step in 'D:/FPGA/Vivaldo Project/PUCCH-FORMAT-0/Cyclic_Shift_Gen/cyclic_shift_gen/cyclic_shift_generator.sim/sim_1/behav/xsim'
"xelab -wto abd24ebd72bd4eaa884be561f529c56d --incr --debug typical --relax --mt 2 -L xbip_utils_v3_0_10 -L xbip_pipe_v3_0_6 -L xbip_bram18k_v3_0_6 -L mult_gen_v12_0_16 -L xil_defaultlib -L blk_mem_gen_v8_4_4 -L unisims_ver -L unimacro_ver -L secureip -L xpm --snapshot tb_behav xil_defaultlib.tb xil_defaultlib.glbl -log elaborate.log"
Vivado Simulator 2019.2
Copyright 1986-1999, 2001-2019 Xilinx, Inc. All Rights Reserved.
Running: D:/Xilinx/Vivado/2019.2/bin/unwrapped/win64.o/xelab.exe -wto abd24ebd72bd4eaa884be561f529c56d --incr --debug typical --relax --mt 2 -L xbip_utils_v3_0_10 -L xbip_pipe_v3_0_6 -L xbip_bram18k_v3_0_6 -L mult_gen_v12_0_16 -L xil_defaultlib -L blk_mem_gen_v8_4_4 -L unisims_ver -L unimacro_ver -L secureip -L xpm --snapshot tb_behav xil_defaultlib.tb xil_defaultlib.glbl -log elaborate.log 
Using 2 slave threads.
Starting static elaboration
Pass Through NonSizing Optimizer
WARNING: [VRFC 10-3715] size mismatch in mixed language port association, vhdl port 'a' [D:/FPGA/Vivaldo Project/PUCCH-FORMAT-0/Cyclic_Shift_Gen/cyclic_shift_gen/cyclic_shift_generator.srcs/sources_1/ip/phase_generator_0_1/phase_generator.srcs/sources_1/ip/modulo_12_1_nomalize/new/modulo_12.v:45]
WARNING: [VRFC 10-3715] size mismatch in mixed language port association, vhdl port 'b' [D:/FPGA/Vivaldo Project/PUCCH-FORMAT-0/Cyclic_Shift_Gen/cyclic_shift_gen/cyclic_shift_generator.srcs/sources_1/ip/phase_generator_0_1/phase_generator.srcs/sources_1/ip/modulo_12_1_nomalize/new/modulo_12.v:52]
WARNING: [VRFC 10-3715] size mismatch in mixed language port association, vhdl port 'a' [D:/FPGA/Vivaldo Project/PUCCH-FORMAT-0/Cyclic_Shift_Gen/cyclic_shift_gen/cyclic_shift_generator.srcs/sources_1/ip/phase_generator_0_1/phase_generator.srcs/sources_1/ip/modulo_12_1_nomalize/new/modulo_12.v:45]
WARNING: [VRFC 10-3715] size mismatch in mixed language port association, vhdl port 'b' [D:/FPGA/Vivaldo Project/PUCCH-FORMAT-0/Cyclic_Shift_Gen/cyclic_shift_gen/cyclic_shift_generator.srcs/sources_1/ip/phase_generator_0_1/phase_generator.srcs/sources_1/ip/modulo_12_1_nomalize/new/modulo_12.v:52]
WARNING: [VRFC 10-3091] actual bit length 1 differs from formal bit length 11 for port 'uci_NID' [D:/FPGA/Vivaldo Project/PUCCH-FORMAT-0/Cyclic_Shift_Gen/cyclic_shift_gen/cyclic_shift_generator.srcs/sim_1/new/tb.v:40]
WARNING: [VRFC 10-3091] actual bit length 32 differs from formal bit length 33 for port 'cyclic_shift' [D:/FPGA/Vivaldo Project/PUCCH-FORMAT-0/Cyclic_Shift_Gen/cyclic_shift_gen/cyclic_shift_generator.srcs/sim_1/new/tb.v:42]
WARNING: [VRFC 10-3091] actual bit length 1 differs from formal bit length 11 for port 'uci_nID' [D:/FPGA/Vivaldo Project/PUCCH-FORMAT-0/Cyclic_Shift_Gen/cyclic_shift_gen/cyclic_shift_generator.srcs/sources_1/new/cyclic_shift_generator.v:45]
WARNING: [VRFC 10-3091] actual bit length 1 differs from formal bit length 32 for port 'base_sequence' [D:/FPGA/Vivaldo Project/PUCCH-FORMAT-0/Cyclic_Shift_Gen/cyclic_shift_gen/cyclic_shift_generator.srcs/sources_1/new/cyclic_shift_generator.v:47]
WARNING: [VRFC 10-3091] actual bit length 6 differs from formal bit length 31 for port 'ID' [D:/FPGA/Vivaldo Project/PUCCH-FORMAT-0/Cyclic_Shift_Gen/cyclic_shift_gen/cyclic_shift_generator.srcs/sources_1/ip/base_sequence_0/base_sequence.srcs/sources_1/new/base_sequence.v:107]
WARNING: [VRFC 10-3091] actual bit length 8 differs from formal bit length 31 for port 'markP' [D:/FPGA/Vivaldo Project/PUCCH-FORMAT-0/Cyclic_Shift_Gen/cyclic_shift_gen/cyclic_shift_generator.srcs/sources_1/ip/base_sequence_0/base_sequence.srcs/sources_1/new/base_sequence.v:108]
WARNING: [VRFC 10-3091] actual bit length 31 differs from formal bit length 13 for port 'ID' [D:/FPGA/Vivaldo Project/PUCCH-FORMAT-0/Cyclic_Shift_Gen/cyclic_shift_gen/cyclic_shift_generator.srcs/sources_1/ip/phase_generator_0_1/phase_generator.srcs/sources_1/ip/scramble_sequence_8bits_0/scamble_sequence.srcs/sources_1/new/scramble_sequence.v:36]
WARNING: [VRFC 10-3091] actual bit length 1 differs from formal bit length 33 for port 'phase' [D:/FPGA/Vivaldo Project/PUCCH-FORMAT-0/Cyclic_Shift_Gen/cyclic_shift_gen/cyclic_shift_generator.srcs/sources_1/new/cyclic_shift_generator.v:61]
Completed static elaboration
Starting simulation data flow analysis
Completed simulation data flow analysis
Time Resolution for simulation is 1ps
Compiling package std.standard
Compiling package std.textio
Compiling package ieee.std_logic_1164
Compiling package ieee.numeric_std
Compiling package mult_gen_v12_0_16.mult_gen_v12_0_16_viv_comp
Compiling package xbip_utils_v3_0_10.xbip_utils_v3_0_10_pkg
Compiling package mult_gen_v12_0_16.mult_gen_v12_0_16_pkg
Compiling package ieee.std_logic_arith
Compiling package ieee.std_logic_signed
Compiling package unisim.vcomponents
Compiling package ieee.std_logic_unsigned
Compiling package ieee.vital_timing
Compiling package ieee.vital_primitives
Compiling package unisim.vpkg
Compiling architecture lut2_v of entity unisim.LUT2 [\LUT2(init="1000")(0,3)\]
Compiling architecture mult_and_v of entity unisim.MULT_AND [mult_and_default]
Compiling architecture muxcy_v of entity unisim.MUXCY [muxcy_default]
Compiling architecture xorcy_v of entity unisim.XORCY [xorcy_default]
Compiling architecture xilinx of entity mult_gen_v12_0_16.op_resize [\op_resize(ai_width=11,ai_type=1...]
Compiling architecture xilinx of entity mult_gen_v12_0_16.luts [\luts(c_xdevicefamily="virtexupl...]
Compiling architecture xilinx of entity mult_gen_v12_0_16.mult_gen_v12_0_16_viv [\mult_gen_v12_0_16_viv(c_verbosi...]
Compiling architecture xilinx of entity mult_gen_v12_0_16.mult_gen_v12_0_16 [\mult_gen_v12_0_16(c_xdevicefami...]
Compiling architecture mult_gen_0_arch of entity xil_defaultlib.mult_gen_0 [mult_gen_0_default]
Compiling architecture xilinx of entity mult_gen_v12_0_16.op_resize [\op_resize(ai_width=6,bi_width=5...]
Compiling architecture xilinx of entity mult_gen_v12_0_16.luts [\luts(c_xdevicefamily="virtexupl...]
Compiling architecture xilinx of entity mult_gen_v12_0_16.mult_gen_v12_0_16_viv [\mult_gen_v12_0_16_viv(c_verbosi...]
Compiling architecture xilinx of entity mult_gen_v12_0_16.mult_gen_v12_0_16 [\mult_gen_v12_0_16(c_xdevicefami...]
Compiling architecture mult_gen_1_arch of entity xil_defaultlib.mult_gen_1 [mult_gen_1_default]
Compiling module xil_defaultlib.modulo_30
Compiling module xil_defaultlib.modulo_30_0
Compiling module xil_defaultlib.x1_x2_init
Compiling module xil_defaultlib.scramble_sequence_8bits
Compiling module xil_defaultlib.scramble_sequence_8bits_0
Compiling module xil_defaultlib.modulo_30_1
Compiling module xil_defaultlib.scramble_sequence_1bit
Compiling module xil_defaultlib.scramble_sequence_1bit_0
Compiling module xil_defaultlib.modulo_30_2
Compiling module blk_mem_gen_v8_4_4.blk_mem_gen_v8_4_4_output_stage(...
Compiling module blk_mem_gen_v8_4_4.blk_mem_gen_v8_4_4_softecc_outpu...
Compiling module blk_mem_gen_v8_4_4.blk_mem_gen_v8_4_4_mem_module(C_...
Compiling module blk_mem_gen_v8_4_4.blk_mem_gen_v8_4_4(C_FAMILY="vir...
Compiling module xil_defaultlib.blk_mem_gen_0
Compiling module xil_defaultlib.extend_valid_new(number_cycles=9...
Compiling module xil_defaultlib.phi_matrix
Compiling module xil_defaultlib.phi_matrix_0
Compiling module xil_defaultlib.base_sequence
Compiling module xil_defaultlib.base_sequence_0
Compiling module xil_defaultlib.ack_selection
Compiling module xil_defaultlib.modulo_12
Compiling module xil_defaultlib.modulo_12_0
Compiling architecture xilinx of entity mult_gen_v12_0_16.op_resize [\op_resize(ai_width=4,bi_width=4...]
Compiling architecture xilinx of entity mult_gen_v12_0_16.luts [\luts(c_xdevicefamily="virtexupl...]
Compiling architecture xilinx of entity mult_gen_v12_0_16.mult_gen_v12_0_16_viv [\mult_gen_v12_0_16_viv(c_verbosi...]
Compiling architecture xilinx of entity mult_gen_v12_0_16.mult_gen_v12_0_16 [\mult_gen_v12_0_16(c_xdevicefami...]
Compiling architecture mult_gen_dis_alpha_arch of entity xil_defaultlib.mult_gen_dis_alpha [mult_gen_dis_alpha_default]
Compiling module xil_defaultlib.dis_alpha_gen
Compiling module xil_defaultlib.dis_alpha_gen_0
Compiling module xil_defaultlib.modulo_12_1_nomalize
Compiling module xil_defaultlib.phase_generator
Compiling module xil_defaultlib.phase_generator_0
Compiling module xil_defaultlib.cyclic_shift_generator
Compiling module xil_defaultlib.tb
Compiling module xil_defaultlib.glbl
Built simulation snapshot tb_behav
INFO: [USF-XSim-69] 'elaborate' step finished in '4' seconds
Vivado Simulator 2019.2
Time resolution is 1 ps
 Block Memory Generator module loading initial data...
 Block Memory Generator data initialization complete.
Block Memory Generator module tb.cyclic_shift_generator_0.base_sequence_0.inst.phi_matrix_0.inst.blk_mem_gen_0.inst.native_mem_module.blk_mem_gen_v8_4_4_inst is using a behavioral model for simulation which will not precisely model memory collision behavior.
relaunch_sim: Time (s): cpu = 00:00:02 ; elapsed = 00:00:14 . Memory (MB): peak = 1160.770 ; gain = 0.000
current_wave_config {tb_behav.wcfg}
tb_behav.wcfg
add_wave {{/tb/cyclic_shift_generator_0/clk}} {{/tb/cyclic_shift_generator_0/rst}} {{/tb/cyclic_shift_generator_0/in_valid}} {{/tb/cyclic_shift_generator_0/uci_NID}} {{/tb/cyclic_shift_generator_0/uci_slot}} {{/tb/cyclic_shift_generator_0/uci_first_symbol}} {{/tb/cyclic_shift_generator_0/uci_sym_alloc}} {{/tb/cyclic_shift_generator_0/uci_m0}} {{/tb/cyclic_shift_generator_0/uci_ack}} {{/tb/cyclic_shift_generator_0/uci_grouphopping}} {{/tb/cyclic_shift_generator_0/uci_nhop}} {{/tb/cyclic_shift_generator_0/cyclic_shift_valid}} {{/tb/cyclic_shift_generator_0/cyclic_shift}} {{/tb/cyclic_shift_generator_0/base_sequence}} {{/tb/cyclic_shift_generator_0/base_sequence_valid}} {{/tb/cyclic_shift_generator_0/phase_valid}} {{/tb/cyclic_shift_generator_0/phase}} {{/tb/cyclic_shift_generator_0/uci_nID}} 
relaunch_sim
Command: launch_simulation -simset sim_1 -mode behavioral
INFO: [Vivado 12-5698] Checking validity of IPs in the design for the 'XSim' simulator...
INFO: [Vivado 12-5682] Launching behavioral simulation in 'D:/FPGA/Vivaldo Project/PUCCH-FORMAT-0/Cyclic_Shift_Gen/cyclic_shift_gen/cyclic_shift_generator.sim/sim_1/behav/xsim'
INFO: [Vivado 12-4795] Using compiled simulation libraries for IPs
INFO: [SIM-utils-51] Simulation object is 'sim_1'
INFO: [USF-XSim-7] Finding pre-compiled libraries...
INFO: [USF-XSim-11] File 'D:/Xilinx/Vivado/2019.2/data/xsim/xsim.ini' copied to run dir:'D:/FPGA/Vivaldo Project/PUCCH-FORMAT-0/Cyclic_Shift_Gen/cyclic_shift_gen/cyclic_shift_generator.sim/sim_1/behav/xsim'
INFO: [SIM-utils-54] Inspecting design source files for 'tb' in fileset 'sim_1'...
INFO: [SIM-utils-43] Exported 'D:/FPGA/Vivaldo Project/PUCCH-FORMAT-0/Cyclic_Shift_Gen/cyclic_shift_gen/cyclic_shift_generator.sim/sim_1/behav/xsim/phi.coe'
INFO: [SIM-utils-43] Exported 'D:/FPGA/Vivaldo Project/PUCCH-FORMAT-0/Cyclic_Shift_Gen/cyclic_shift_gen/cyclic_shift_generator.sim/sim_1/behav/xsim/blk_mem_gen_0.mif'
INFO: [USF-XSim-97] Finding global include files...
INFO: [USF-XSim-98] Fetching design files from 'sim_1'...
INFO: [USF-XSim-2] XSim::Compile design
INFO: [USF-XSim-61] Executing 'COMPILE and ANALYZE' step in 'D:/FPGA/Vivaldo Project/PUCCH-FORMAT-0/Cyclic_Shift_Gen/cyclic_shift_gen/cyclic_shift_generator.sim/sim_1/behav/xsim'
"xvlog --incr --relax -prj tb_vlog.prj"
"xvhdl --incr --relax -prj tb_vhdl.prj"
INFO: [USF-XSim-69] 'compile' step finished in '2' seconds
Command: launch_simulation -simset sim_1 -mode behavioral
INFO: [Vivado 12-5698] Checking validity of IPs in the design for the 'XSim' simulator...
INFO: [Vivado 12-5682] Launching behavioral simulation in 'D:/FPGA/Vivaldo Project/PUCCH-FORMAT-0/Cyclic_Shift_Gen/cyclic_shift_gen/cyclic_shift_generator.sim/sim_1/behav/xsim'
INFO: [Vivado 12-4795] Using compiled simulation libraries for IPs
INFO: [USF-XSim-3] XSim::Elaborate design
INFO: [USF-XSim-61] Executing 'ELABORATE' step in 'D:/FPGA/Vivaldo Project/PUCCH-FORMAT-0/Cyclic_Shift_Gen/cyclic_shift_gen/cyclic_shift_generator.sim/sim_1/behav/xsim'
"xelab -wto abd24ebd72bd4eaa884be561f529c56d --incr --debug typical --relax --mt 2 -L xbip_utils_v3_0_10 -L xbip_pipe_v3_0_6 -L xbip_bram18k_v3_0_6 -L mult_gen_v12_0_16 -L xil_defaultlib -L blk_mem_gen_v8_4_4 -L unisims_ver -L unimacro_ver -L secureip -L xpm --snapshot tb_behav xil_defaultlib.tb xil_defaultlib.glbl -log elaborate.log"
Vivado Simulator 2019.2
Copyright 1986-1999, 2001-2019 Xilinx, Inc. All Rights Reserved.
Running: D:/Xilinx/Vivado/2019.2/bin/unwrapped/win64.o/xelab.exe -wto abd24ebd72bd4eaa884be561f529c56d --incr --debug typical --relax --mt 2 -L xbip_utils_v3_0_10 -L xbip_pipe_v3_0_6 -L xbip_bram18k_v3_0_6 -L mult_gen_v12_0_16 -L xil_defaultlib -L blk_mem_gen_v8_4_4 -L unisims_ver -L unimacro_ver -L secureip -L xpm --snapshot tb_behav xil_defaultlib.tb xil_defaultlib.glbl -log elaborate.log 
Using 2 slave threads.
Starting static elaboration
Pass Through NonSizing Optimizer
WARNING: [VRFC 10-3715] size mismatch in mixed language port association, vhdl port 'a' [D:/FPGA/Vivaldo Project/PUCCH-FORMAT-0/Cyclic_Shift_Gen/cyclic_shift_gen/cyclic_shift_generator.srcs/sources_1/ip/phase_generator_0_1/phase_generator.srcs/sources_1/ip/modulo_12_1_nomalize/new/modulo_12.v:45]
WARNING: [VRFC 10-3715] size mismatch in mixed language port association, vhdl port 'b' [D:/FPGA/Vivaldo Project/PUCCH-FORMAT-0/Cyclic_Shift_Gen/cyclic_shift_gen/cyclic_shift_generator.srcs/sources_1/ip/phase_generator_0_1/phase_generator.srcs/sources_1/ip/modulo_12_1_nomalize/new/modulo_12.v:52]
WARNING: [VRFC 10-3715] size mismatch in mixed language port association, vhdl port 'a' [D:/FPGA/Vivaldo Project/PUCCH-FORMAT-0/Cyclic_Shift_Gen/cyclic_shift_gen/cyclic_shift_generator.srcs/sources_1/ip/phase_generator_0_1/phase_generator.srcs/sources_1/ip/modulo_12_1_nomalize/new/modulo_12.v:45]
WARNING: [VRFC 10-3715] size mismatch in mixed language port association, vhdl port 'b' [D:/FPGA/Vivaldo Project/PUCCH-FORMAT-0/Cyclic_Shift_Gen/cyclic_shift_gen/cyclic_shift_generator.srcs/sources_1/ip/phase_generator_0_1/phase_generator.srcs/sources_1/ip/modulo_12_1_nomalize/new/modulo_12.v:52]
WARNING: [VRFC 10-3091] actual bit length 1 differs from formal bit length 11 for port 'uci_NID' [D:/FPGA/Vivaldo Project/PUCCH-FORMAT-0/Cyclic_Shift_Gen/cyclic_shift_gen/cyclic_shift_generator.srcs/sim_1/new/tb.v:40]
WARNING: [VRFC 10-3091] actual bit length 32 differs from formal bit length 33 for port 'cyclic_shift' [D:/FPGA/Vivaldo Project/PUCCH-FORMAT-0/Cyclic_Shift_Gen/cyclic_shift_gen/cyclic_shift_generator.srcs/sim_1/new/tb.v:42]
WARNING: [VRFC 10-3091] actual bit length 1 differs from formal bit length 11 for port 'uci_nID' [D:/FPGA/Vivaldo Project/PUCCH-FORMAT-0/Cyclic_Shift_Gen/cyclic_shift_gen/cyclic_shift_generator.srcs/sources_1/new/cyclic_shift_generator.v:45]
WARNING: [VRFC 10-3091] actual bit length 1 differs from formal bit length 32 for port 'base_sequence' [D:/FPGA/Vivaldo Project/PUCCH-FORMAT-0/Cyclic_Shift_Gen/cyclic_shift_gen/cyclic_shift_generator.srcs/sources_1/new/cyclic_shift_generator.v:47]
WARNING: [VRFC 10-3091] actual bit length 6 differs from formal bit length 31 for port 'ID' [D:/FPGA/Vivaldo Project/PUCCH-FORMAT-0/Cyclic_Shift_Gen/cyclic_shift_gen/cyclic_shift_generator.srcs/sources_1/ip/base_sequence_0/base_sequence.srcs/sources_1/new/base_sequence.v:107]
WARNING: [VRFC 10-3091] actual bit length 8 differs from formal bit length 31 for port 'markP' [D:/FPGA/Vivaldo Project/PUCCH-FORMAT-0/Cyclic_Shift_Gen/cyclic_shift_gen/cyclic_shift_generator.srcs/sources_1/ip/base_sequence_0/base_sequence.srcs/sources_1/new/base_sequence.v:108]
WARNING: [VRFC 10-3091] actual bit length 31 differs from formal bit length 13 for port 'ID' [D:/FPGA/Vivaldo Project/PUCCH-FORMAT-0/Cyclic_Shift_Gen/cyclic_shift_gen/cyclic_shift_generator.srcs/sources_1/ip/phase_generator_0_1/phase_generator.srcs/sources_1/ip/scramble_sequence_8bits_0/scamble_sequence.srcs/sources_1/new/scramble_sequence.v:36]
WARNING: [VRFC 10-3091] actual bit length 1 differs from formal bit length 33 for port 'phase' [D:/FPGA/Vivaldo Project/PUCCH-FORMAT-0/Cyclic_Shift_Gen/cyclic_shift_gen/cyclic_shift_generator.srcs/sources_1/new/cyclic_shift_generator.v:61]
Completed static elaboration
INFO: [XSIM 43-4323] No Change in HDL. Linking previously generated obj files to create kernel
INFO: [USF-XSim-69] 'elaborate' step finished in '2' seconds
Vivado Simulator 2019.2
Time resolution is 1 ps
 Block Memory Generator module loading initial data...
 Block Memory Generator data initialization complete.
Block Memory Generator module tb.cyclic_shift_generator_0.base_sequence_0.inst.phi_matrix_0.inst.blk_mem_gen_0.inst.native_mem_module.blk_mem_gen_v8_4_4_inst is using a behavioral model for simulation which will not precisely model memory collision behavior.
relaunch_sim: Time (s): cpu = 00:00:02 ; elapsed = 00:00:09 . Memory (MB): peak = 1160.770 ; gain = 0.000
save_wave_config {D:/FPGA/Vivaldo Project/PUCCH-FORMAT-0/Cyclic_Shift_Gen/cyclic_shift_gen/tb_behav.wcfg}
relaunch_sim
Command: launch_simulation -simset sim_1 -mode behavioral
INFO: [Vivado 12-5698] Checking validity of IPs in the design for the 'XSim' simulator...
INFO: [Vivado 12-5682] Launching behavioral simulation in 'D:/FPGA/Vivaldo Project/PUCCH-FORMAT-0/Cyclic_Shift_Gen/cyclic_shift_gen/cyclic_shift_generator.sim/sim_1/behav/xsim'
INFO: [Vivado 12-4795] Using compiled simulation libraries for IPs
INFO: [SIM-utils-51] Simulation object is 'sim_1'
INFO: [USF-XSim-7] Finding pre-compiled libraries...
INFO: [USF-XSim-11] File 'D:/Xilinx/Vivado/2019.2/data/xsim/xsim.ini' copied to run dir:'D:/FPGA/Vivaldo Project/PUCCH-FORMAT-0/Cyclic_Shift_Gen/cyclic_shift_gen/cyclic_shift_generator.sim/sim_1/behav/xsim'
INFO: [SIM-utils-54] Inspecting design source files for 'tb' in fileset 'sim_1'...
INFO: [SIM-utils-43] Exported 'D:/FPGA/Vivaldo Project/PUCCH-FORMAT-0/Cyclic_Shift_Gen/cyclic_shift_gen/cyclic_shift_generator.sim/sim_1/behav/xsim/phi.coe'
INFO: [SIM-utils-43] Exported 'D:/FPGA/Vivaldo Project/PUCCH-FORMAT-0/Cyclic_Shift_Gen/cyclic_shift_gen/cyclic_shift_generator.sim/sim_1/behav/xsim/blk_mem_gen_0.mif'
INFO: [USF-XSim-97] Finding global include files...
INFO: [USF-XSim-98] Fetching design files from 'sim_1'...
INFO: [USF-XSim-2] XSim::Compile design
INFO: [USF-XSim-61] Executing 'COMPILE and ANALYZE' step in 'D:/FPGA/Vivaldo Project/PUCCH-FORMAT-0/Cyclic_Shift_Gen/cyclic_shift_gen/cyclic_shift_generator.sim/sim_1/behav/xsim'
"xvlog --incr --relax -prj tb_vlog.prj"
INFO: [VRFC 10-2263] Analyzing Verilog file "D:/FPGA/Vivaldo Project/PUCCH-FORMAT-0/Cyclic_Shift_Gen/cyclic_shift_gen/cyclic_shift_generator.srcs/sources_1/ip/phase_generator_0_1/phase_generator.srcs/sources_1/ip/modulo_12_1_nomalize/new/modulo_12.v" into library xil_defaultlib
INFO: [VRFC 10-311] analyzing module modulo_12
INFO: [VRFC 10-2263] Analyzing Verilog file "D:/FPGA/Vivaldo Project/PUCCH-FORMAT-0/Cyclic_Shift_Gen/cyclic_shift_gen/cyclic_shift_generator.srcs/sources_1/ip/phase_generator_0_1/phase_generator.srcs/sources_1/ip/modulo_12_1_nomalize/sim/modulo_12_1_nomalize.v" into library xil_defaultlib
INFO: [VRFC 10-311] analyzing module modulo_12_1_nomalize
INFO: [VRFC 10-2263] Analyzing Verilog file "D:/FPGA/Vivaldo Project/PUCCH-FORMAT-0/Cyclic_Shift_Gen/cyclic_shift_gen/cyclic_shift_generator.srcs/sources_1/ip/phase_generator_0_1/phase_generator.srcs/sources_1/ip/dis_alpha_gen_0/new/dis_alpha_gen.v" into library xil_defaultlib
INFO: [VRFC 10-311] analyzing module dis_alpha_gen
INFO: [VRFC 10-2263] Analyzing Verilog file "D:/FPGA/Vivaldo Project/PUCCH-FORMAT-0/Cyclic_Shift_Gen/cyclic_shift_gen/cyclic_shift_generator.srcs/sources_1/ip/phase_generator_0_1/phase_generator.srcs/sources_1/ip/dis_alpha_gen_0/sim/dis_alpha_gen_0.v" into library xil_defaultlib
INFO: [VRFC 10-311] analyzing module dis_alpha_gen_0
INFO: [VRFC 10-2263] Analyzing Verilog file "D:/FPGA/Vivaldo Project/PUCCH-FORMAT-0/Cyclic_Shift_Gen/cyclic_shift_gen/cyclic_shift_generator.srcs/sources_1/ip/phase_generator_0_1/phase_generator.srcs/sources_1/ip/modulo_12_0/sim/modulo_12_0.v" into library xil_defaultlib
INFO: [VRFC 10-311] analyzing module modulo_12_0
INFO: [VRFC 10-2263] Analyzing Verilog file "D:/FPGA/Vivaldo Project/PUCCH-FORMAT-0/Cyclic_Shift_Gen/cyclic_shift_gen/cyclic_shift_generator.srcs/sources_1/ip/phase_generator_0_1/phase_generator.srcs/sources_1/ip/scramble_sequence_8bits_0/scamble_sequence.srcs/sources_1/new/scramble_sequence.v" into library xil_defaultlib
INFO: [VRFC 10-311] analyzing module scramble_sequence_8bits
INFO: [VRFC 10-311] analyzing module x1_x2_init
INFO: [VRFC 10-2263] Analyzing Verilog file "D:/FPGA/Vivaldo Project/PUCCH-FORMAT-0/Cyclic_Shift_Gen/cyclic_shift_gen/cyclic_shift_generator.srcs/sources_1/ip/phase_generator_0_1/phase_generator.srcs/sources_1/ip/scramble_sequence_8bits_0/sim/scramble_sequence_8bits_0.v" into library xil_defaultlib
INFO: [VRFC 10-311] analyzing module scramble_sequence_8bits_0
INFO: [VRFC 10-2263] Analyzing Verilog file "D:/FPGA/Vivaldo Project/PUCCH-FORMAT-0/Cyclic_Shift_Gen/cyclic_shift_gen/cyclic_shift_generator.srcs/sources_1/ip/phase_generator_0_1/phase_generator.srcs/sources_1/new/phase_generator.v" into library xil_defaultlib
INFO: [VRFC 10-311] analyzing module phase_generator
INFO: [VRFC 10-311] analyzing module ack_selection
INFO: [VRFC 10-2263] Analyzing Verilog file "D:/FPGA/Vivaldo Project/PUCCH-FORMAT-0/Cyclic_Shift_Gen/cyclic_shift_gen/cyclic_shift_generator.srcs/sources_1/ip/phase_generator_0_1/sim/phase_generator_0.v" into library xil_defaultlib
INFO: [VRFC 10-311] analyzing module phase_generator_0
INFO: [VRFC 10-2263] Analyzing Verilog file "D:/FPGA/Vivaldo Project/PUCCH-FORMAT-0/Cyclic_Shift_Gen/cyclic_shift_gen/cyclic_shift_generator.srcs/sources_1/ip/base_sequence_0/base_sequence.srcs/sources_1/ip/phi_matrix_0/phi_matrix.srcs/sources_1/ip/blk_mem_gen_0/sim/blk_mem_gen_0.v" into library xil_defaultlib
INFO: [VRFC 10-311] analyzing module blk_mem_gen_0
INFO: [VRFC 10-2263] Analyzing Verilog file "D:/FPGA/Vivaldo Project/PUCCH-FORMAT-0/Cyclic_Shift_Gen/cyclic_shift_gen/cyclic_shift_generator.srcs/sources_1/ip/base_sequence_0/base_sequence.srcs/sources_1/ip/phi_matrix_0/phi_matrix.srcs/sources_1/new/phi_matrix.v" into library xil_defaultlib
INFO: [VRFC 10-311] analyzing module phi_matrix
INFO: [VRFC 10-311] analyzing module extend_valid_new
INFO: [VRFC 10-2263] Analyzing Verilog file "D:/FPGA/Vivaldo Project/PUCCH-FORMAT-0/Cyclic_Shift_Gen/cyclic_shift_gen/cyclic_shift_generator.srcs/sources_1/ip/base_sequence_0/base_sequence.srcs/sources_1/ip/phi_matrix_0/sim/phi_matrix_0.v" into library xil_defaultlib
INFO: [VRFC 10-311] analyzing module phi_matrix_0
INFO: [VRFC 10-2263] Analyzing Verilog file "D:/FPGA/Vivaldo Project/PUCCH-FORMAT-0/Cyclic_Shift_Gen/cyclic_shift_gen/cyclic_shift_generator.srcs/sources_1/ip/base_sequence_0/base_sequence.srcs/sources_1/ip/modulo_30_2/modulo_n.srcs/sources_1/new/modulo_n.v" into library xil_defaultlib
INFO: [VRFC 10-311] analyzing module modulo_30
INFO: [VRFC 10-2263] Analyzing Verilog file "D:/FPGA/Vivaldo Project/PUCCH-FORMAT-0/Cyclic_Shift_Gen/cyclic_shift_gen/cyclic_shift_generator.srcs/sources_1/ip/base_sequence_0/base_sequence.srcs/sources_1/ip/modulo_30_2/sim/modulo_30_2.v" into library xil_defaultlib
INFO: [VRFC 10-311] analyzing module modulo_30_2
INFO: [VRFC 10-2263] Analyzing Verilog file "D:/FPGA/Vivaldo Project/PUCCH-FORMAT-0/Cyclic_Shift_Gen/cyclic_shift_gen/cyclic_shift_generator.srcs/sources_1/ip/base_sequence_0/base_sequence.srcs/sources_1/ip/scramble_sequence_1bit_0/scamble_sequence.srcs/sources_1/new/scramble_sequence.v" into library xil_defaultlib
INFO: [VRFC 10-311] analyzing module scramble_sequence_1bit
INFO: [VRFC 10-311] analyzing module x1_x2_init
WARNING: [VRFC 10-3609] overwriting previous definition of module 'x1_x2_init' [D:/FPGA/Vivaldo Project/PUCCH-FORMAT-0/Cyclic_Shift_Gen/cyclic_shift_gen/cyclic_shift_generator.srcs/sources_1/ip/base_sequence_0/base_sequence.srcs/sources_1/ip/scramble_sequence_1bit_0/scamble_sequence.srcs/sources_1/new/scramble_sequence.v:102]
INFO: [VRFC 10-2263] Analyzing Verilog file "D:/FPGA/Vivaldo Project/PUCCH-FORMAT-0/Cyclic_Shift_Gen/cyclic_shift_gen/cyclic_shift_generator.srcs/sources_1/ip/base_sequence_0/base_sequence.srcs/sources_1/ip/scramble_sequence_1bit_0/sim/scramble_sequence_1bit_0.v" into library xil_defaultlib
INFO: [VRFC 10-311] analyzing module scramble_sequence_1bit_0
INFO: [VRFC 10-2263] Analyzing Verilog file "D:/FPGA/Vivaldo Project/PUCCH-FORMAT-0/Cyclic_Shift_Gen/cyclic_shift_gen/cyclic_shift_generator.srcs/sources_1/ip/base_sequence_0/base_sequence.srcs/sources_1/ip/modulo_30_1/sim/modulo_30_1.v" into library xil_defaultlib
INFO: [VRFC 10-311] analyzing module modulo_30_1
INFO: [VRFC 10-2263] Analyzing Verilog file "D:/FPGA/Vivaldo Project/PUCCH-FORMAT-0/Cyclic_Shift_Gen/cyclic_shift_gen/cyclic_shift_generator.srcs/sources_1/ip/base_sequence_0/base_sequence.srcs/sources_1/ip/modulo_30_0/sim/modulo_30_0.v" into library xil_defaultlib
INFO: [VRFC 10-311] analyzing module modulo_30_0
INFO: [VRFC 10-2263] Analyzing Verilog file "D:/FPGA/Vivaldo Project/PUCCH-FORMAT-0/Cyclic_Shift_Gen/cyclic_shift_gen/cyclic_shift_generator.srcs/sources_1/ip/base_sequence_0/base_sequence.srcs/sources_1/new/base_sequence.v" into library xil_defaultlib
INFO: [VRFC 10-311] analyzing module base_sequence
WARNING: [VRFC 10-986] literal value truncated to fit in 16 bits [D:/FPGA/Vivaldo Project/PUCCH-FORMAT-0/Cyclic_Shift_Gen/cyclic_shift_gen/cyclic_shift_generator.srcs/sources_1/ip/base_sequence_0/base_sequence.srcs/sources_1/new/base_sequence.v:175]
WARNING: [VRFC 10-986] literal value truncated to fit in 16 bits [D:/FPGA/Vivaldo Project/PUCCH-FORMAT-0/Cyclic_Shift_Gen/cyclic_shift_gen/cyclic_shift_generator.srcs/sources_1/ip/base_sequence_0/base_sequence.srcs/sources_1/new/base_sequence.v:178]
WARNING: [VRFC 10-986] literal value truncated to fit in 16 bits [D:/FPGA/Vivaldo Project/PUCCH-FORMAT-0/Cyclic_Shift_Gen/cyclic_shift_gen/cyclic_shift_generator.srcs/sources_1/ip/base_sequence_0/base_sequence.srcs/sources_1/new/base_sequence.v:182]
WARNING: [VRFC 10-986] literal value truncated to fit in 16 bits [D:/FPGA/Vivaldo Project/PUCCH-FORMAT-0/Cyclic_Shift_Gen/cyclic_shift_gen/cyclic_shift_generator.srcs/sources_1/ip/base_sequence_0/base_sequence.srcs/sources_1/new/base_sequence.v:183]
INFO: [VRFC 10-2263] Analyzing Verilog file "D:/FPGA/Vivaldo Project/PUCCH-FORMAT-0/Cyclic_Shift_Gen/cyclic_shift_gen/cyclic_shift_generator.srcs/sources_1/ip/base_sequence_0/sim/base_sequence_0.v" into library xil_defaultlib
INFO: [VRFC 10-311] analyzing module base_sequence_0
INFO: [VRFC 10-2263] Analyzing Verilog file "D:/FPGA/Vivaldo Project/PUCCH-FORMAT-0/Cyclic_Shift_Gen/cyclic_shift_gen/cyclic_shift_generator.srcs/sources_1/new/cyclic_shift_generator.v" into library xil_defaultlib
INFO: [VRFC 10-311] analyzing module cyclic_shift_generator
INFO: [VRFC 10-2458] undeclared symbol uci_nID, assumed default net type wire [D:/FPGA/Vivaldo Project/PUCCH-FORMAT-0/Cyclic_Shift_Gen/cyclic_shift_gen/cyclic_shift_generator.srcs/sources_1/new/cyclic_shift_generator.v:45]
INFO: [VRFC 10-2458] undeclared symbol base_sequence, assumed default net type wire [D:/FPGA/Vivaldo Project/PUCCH-FORMAT-0/Cyclic_Shift_Gen/cyclic_shift_gen/cyclic_shift_generator.srcs/sources_1/new/cyclic_shift_generator.v:47]
INFO: [VRFC 10-2458] undeclared symbol base_sequence_valid, assumed default net type wire [D:/FPGA/Vivaldo Project/PUCCH-FORMAT-0/Cyclic_Shift_Gen/cyclic_shift_gen/cyclic_shift_generator.srcs/sources_1/new/cyclic_shift_generator.v:48]
INFO: [VRFC 10-2458] undeclared symbol phase_valid, assumed default net type wire [D:/FPGA/Vivaldo Project/PUCCH-FORMAT-0/Cyclic_Shift_Gen/cyclic_shift_gen/cyclic_shift_generator.srcs/sources_1/new/cyclic_shift_generator.v:60]
INFO: [VRFC 10-2458] undeclared symbol phase, assumed default net type wire [D:/FPGA/Vivaldo Project/PUCCH-FORMAT-0/Cyclic_Shift_Gen/cyclic_shift_gen/cyclic_shift_generator.srcs/sources_1/new/cyclic_shift_generator.v:61]
INFO: [VRFC 10-2263] Analyzing Verilog file "D:/FPGA/Vivaldo Project/PUCCH-FORMAT-0/Cyclic_Shift_Gen/cyclic_shift_gen/cyclic_shift_generator.srcs/sim_1/new/tb.v" into library xil_defaultlib
INFO: [VRFC 10-311] analyzing module tb
INFO: [VRFC 10-2458] undeclared symbol uci_NID, assumed default net type wire [D:/FPGA/Vivaldo Project/PUCCH-FORMAT-0/Cyclic_Shift_Gen/cyclic_shift_gen/cyclic_shift_generator.srcs/sim_1/new/tb.v:40]
"xvhdl --incr --relax -prj tb_vhdl.prj"
run_program: Time (s): cpu = 00:00:00 ; elapsed = 00:00:06 . Memory (MB): peak = 1160.770 ; gain = 0.000
INFO: [USF-XSim-69] 'compile' step finished in '6' seconds
launch_simulation: Time (s): cpu = 00:00:00 ; elapsed = 00:00:07 . Memory (MB): peak = 1160.770 ; gain = 0.000
Command: launch_simulation -simset sim_1 -mode behavioral
INFO: [Vivado 12-5698] Checking validity of IPs in the design for the 'XSim' simulator...
INFO: [Vivado 12-5682] Launching behavioral simulation in 'D:/FPGA/Vivaldo Project/PUCCH-FORMAT-0/Cyclic_Shift_Gen/cyclic_shift_gen/cyclic_shift_generator.sim/sim_1/behav/xsim'
INFO: [Vivado 12-4795] Using compiled simulation libraries for IPs
INFO: [USF-XSim-3] XSim::Elaborate design
INFO: [USF-XSim-61] Executing 'ELABORATE' step in 'D:/FPGA/Vivaldo Project/PUCCH-FORMAT-0/Cyclic_Shift_Gen/cyclic_shift_gen/cyclic_shift_generator.sim/sim_1/behav/xsim'
"xelab -wto abd24ebd72bd4eaa884be561f529c56d --incr --debug typical --relax --mt 2 -L xbip_utils_v3_0_10 -L xbip_pipe_v3_0_6 -L xbip_bram18k_v3_0_6 -L mult_gen_v12_0_16 -L xil_defaultlib -L blk_mem_gen_v8_4_4 -L unisims_ver -L unimacro_ver -L secureip -L xpm --snapshot tb_behav xil_defaultlib.tb xil_defaultlib.glbl -log elaborate.log"
Vivado Simulator 2019.2
Copyright 1986-1999, 2001-2019 Xilinx, Inc. All Rights Reserved.
Running: D:/Xilinx/Vivado/2019.2/bin/unwrapped/win64.o/xelab.exe -wto abd24ebd72bd4eaa884be561f529c56d --incr --debug typical --relax --mt 2 -L xbip_utils_v3_0_10 -L xbip_pipe_v3_0_6 -L xbip_bram18k_v3_0_6 -L mult_gen_v12_0_16 -L xil_defaultlib -L blk_mem_gen_v8_4_4 -L unisims_ver -L unimacro_ver -L secureip -L xpm --snapshot tb_behav xil_defaultlib.tb xil_defaultlib.glbl -log elaborate.log 
Using 2 slave threads.
Starting static elaboration
Pass Through NonSizing Optimizer
WARNING: [VRFC 10-3715] size mismatch in mixed language port association, vhdl port 'a' [D:/FPGA/Vivaldo Project/PUCCH-FORMAT-0/Cyclic_Shift_Gen/cyclic_shift_gen/cyclic_shift_generator.srcs/sources_1/ip/phase_generator_0_1/phase_generator.srcs/sources_1/ip/modulo_12_1_nomalize/new/modulo_12.v:45]
WARNING: [VRFC 10-3715] size mismatch in mixed language port association, vhdl port 'b' [D:/FPGA/Vivaldo Project/PUCCH-FORMAT-0/Cyclic_Shift_Gen/cyclic_shift_gen/cyclic_shift_generator.srcs/sources_1/ip/phase_generator_0_1/phase_generator.srcs/sources_1/ip/modulo_12_1_nomalize/new/modulo_12.v:52]
WARNING: [VRFC 10-3715] size mismatch in mixed language port association, vhdl port 'a' [D:/FPGA/Vivaldo Project/PUCCH-FORMAT-0/Cyclic_Shift_Gen/cyclic_shift_gen/cyclic_shift_generator.srcs/sources_1/ip/phase_generator_0_1/phase_generator.srcs/sources_1/ip/modulo_12_1_nomalize/new/modulo_12.v:45]
WARNING: [VRFC 10-3715] size mismatch in mixed language port association, vhdl port 'b' [D:/FPGA/Vivaldo Project/PUCCH-FORMAT-0/Cyclic_Shift_Gen/cyclic_shift_gen/cyclic_shift_generator.srcs/sources_1/ip/phase_generator_0_1/phase_generator.srcs/sources_1/ip/modulo_12_1_nomalize/new/modulo_12.v:52]
WARNING: [VRFC 10-3091] actual bit length 1 differs from formal bit length 11 for port 'uci_NID' [D:/FPGA/Vivaldo Project/PUCCH-FORMAT-0/Cyclic_Shift_Gen/cyclic_shift_gen/cyclic_shift_generator.srcs/sim_1/new/tb.v:40]
WARNING: [VRFC 10-3091] actual bit length 32 differs from formal bit length 33 for port 'cyclic_shift' [D:/FPGA/Vivaldo Project/PUCCH-FORMAT-0/Cyclic_Shift_Gen/cyclic_shift_gen/cyclic_shift_generator.srcs/sim_1/new/tb.v:42]
WARNING: [VRFC 10-3091] actual bit length 1 differs from formal bit length 11 for port 'uci_nID' [D:/FPGA/Vivaldo Project/PUCCH-FORMAT-0/Cyclic_Shift_Gen/cyclic_shift_gen/cyclic_shift_generator.srcs/sources_1/new/cyclic_shift_generator.v:45]
WARNING: [VRFC 10-3091] actual bit length 1 differs from formal bit length 32 for port 'base_sequence' [D:/FPGA/Vivaldo Project/PUCCH-FORMAT-0/Cyclic_Shift_Gen/cyclic_shift_gen/cyclic_shift_generator.srcs/sources_1/new/cyclic_shift_generator.v:47]
WARNING: [VRFC 10-3091] actual bit length 6 differs from formal bit length 31 for port 'ID' [D:/FPGA/Vivaldo Project/PUCCH-FORMAT-0/Cyclic_Shift_Gen/cyclic_shift_gen/cyclic_shift_generator.srcs/sources_1/ip/base_sequence_0/base_sequence.srcs/sources_1/new/base_sequence.v:107]
WARNING: [VRFC 10-3091] actual bit length 8 differs from formal bit length 31 for port 'markP' [D:/FPGA/Vivaldo Project/PUCCH-FORMAT-0/Cyclic_Shift_Gen/cyclic_shift_gen/cyclic_shift_generator.srcs/sources_1/ip/base_sequence_0/base_sequence.srcs/sources_1/new/base_sequence.v:108]
WARNING: [VRFC 10-3091] actual bit length 31 differs from formal bit length 13 for port 'ID' [D:/FPGA/Vivaldo Project/PUCCH-FORMAT-0/Cyclic_Shift_Gen/cyclic_shift_gen/cyclic_shift_generator.srcs/sources_1/ip/phase_generator_0_1/phase_generator.srcs/sources_1/ip/scramble_sequence_8bits_0/scamble_sequence.srcs/sources_1/new/scramble_sequence.v:36]
WARNING: [VRFC 10-3091] actual bit length 1 differs from formal bit length 33 for port 'phase' [D:/FPGA/Vivaldo Project/PUCCH-FORMAT-0/Cyclic_Shift_Gen/cyclic_shift_gen/cyclic_shift_generator.srcs/sources_1/new/cyclic_shift_generator.v:61]
Completed static elaboration
Starting simulation data flow analysis
Completed simulation data flow analysis
Time Resolution for simulation is 1ps
Compiling package std.standard
Compiling package std.textio
Compiling package ieee.std_logic_1164
Compiling package ieee.numeric_std
Compiling package mult_gen_v12_0_16.mult_gen_v12_0_16_viv_comp
Compiling package xbip_utils_v3_0_10.xbip_utils_v3_0_10_pkg
Compiling package mult_gen_v12_0_16.mult_gen_v12_0_16_pkg
Compiling package ieee.std_logic_arith
Compiling package ieee.std_logic_signed
Compiling package unisim.vcomponents
Compiling package ieee.std_logic_unsigned
Compiling package ieee.vital_timing
Compiling package ieee.vital_primitives
Compiling package unisim.vpkg
Compiling architecture lut2_v of entity unisim.LUT2 [\LUT2(init="1000")(0,3)\]
Compiling architecture mult_and_v of entity unisim.MULT_AND [mult_and_default]
Compiling architecture muxcy_v of entity unisim.MUXCY [muxcy_default]
Compiling architecture xorcy_v of entity unisim.XORCY [xorcy_default]
Compiling architecture xilinx of entity mult_gen_v12_0_16.op_resize [\op_resize(ai_width=11,ai_type=1...]
Compiling architecture xilinx of entity mult_gen_v12_0_16.luts [\luts(c_xdevicefamily="virtexupl...]
Compiling architecture xilinx of entity mult_gen_v12_0_16.mult_gen_v12_0_16_viv [\mult_gen_v12_0_16_viv(c_verbosi...]
Compiling architecture xilinx of entity mult_gen_v12_0_16.mult_gen_v12_0_16 [\mult_gen_v12_0_16(c_xdevicefami...]
Compiling architecture mult_gen_0_arch of entity xil_defaultlib.mult_gen_0 [mult_gen_0_default]
Compiling architecture xilinx of entity mult_gen_v12_0_16.op_resize [\op_resize(ai_width=6,bi_width=5...]
Compiling architecture xilinx of entity mult_gen_v12_0_16.luts [\luts(c_xdevicefamily="virtexupl...]
Compiling architecture xilinx of entity mult_gen_v12_0_16.mult_gen_v12_0_16_viv [\mult_gen_v12_0_16_viv(c_verbosi...]
Compiling architecture xilinx of entity mult_gen_v12_0_16.mult_gen_v12_0_16 [\mult_gen_v12_0_16(c_xdevicefami...]
Compiling architecture mult_gen_1_arch of entity xil_defaultlib.mult_gen_1 [mult_gen_1_default]
Compiling module xil_defaultlib.modulo_30
Compiling module xil_defaultlib.modulo_30_0
Compiling module xil_defaultlib.x1_x2_init
Compiling module xil_defaultlib.scramble_sequence_8bits
Compiling module xil_defaultlib.scramble_sequence_8bits_0
Compiling module xil_defaultlib.modulo_30_1
Compiling module xil_defaultlib.scramble_sequence_1bit
Compiling module xil_defaultlib.scramble_sequence_1bit_0
Compiling module xil_defaultlib.modulo_30_2
Compiling module blk_mem_gen_v8_4_4.blk_mem_gen_v8_4_4_output_stage(...
Compiling module blk_mem_gen_v8_4_4.blk_mem_gen_v8_4_4_softecc_outpu...
Compiling module blk_mem_gen_v8_4_4.blk_mem_gen_v8_4_4_mem_module(C_...
Compiling module blk_mem_gen_v8_4_4.blk_mem_gen_v8_4_4(C_FAMILY="vir...
Compiling module xil_defaultlib.blk_mem_gen_0
Compiling module xil_defaultlib.extend_valid_new(number_cycles=9...
Compiling module xil_defaultlib.phi_matrix
Compiling module xil_defaultlib.phi_matrix_0
Compiling module xil_defaultlib.base_sequence
Compiling module xil_defaultlib.base_sequence_0
Compiling module xil_defaultlib.ack_selection
Compiling module xil_defaultlib.modulo_12
Compiling module xil_defaultlib.modulo_12_0
Compiling architecture xilinx of entity mult_gen_v12_0_16.op_resize [\op_resize(ai_width=4,bi_width=4...]
Compiling architecture xilinx of entity mult_gen_v12_0_16.luts [\luts(c_xdevicefamily="virtexupl...]
Compiling architecture xilinx of entity mult_gen_v12_0_16.mult_gen_v12_0_16_viv [\mult_gen_v12_0_16_viv(c_verbosi...]
Compiling architecture xilinx of entity mult_gen_v12_0_16.mult_gen_v12_0_16 [\mult_gen_v12_0_16(c_xdevicefami...]
Compiling architecture mult_gen_dis_alpha_arch of entity xil_defaultlib.mult_gen_dis_alpha [mult_gen_dis_alpha_default]
Compiling module xil_defaultlib.dis_alpha_gen
Compiling module xil_defaultlib.dis_alpha_gen_0
Compiling module xil_defaultlib.modulo_12_1_nomalize
Compiling module xil_defaultlib.phase_generator
Compiling module xil_defaultlib.phase_generator_0
Compiling module xil_defaultlib.cyclic_shift_generator
Compiling module xil_defaultlib.tb
Compiling module xil_defaultlib.glbl
Built simulation snapshot tb_behav
INFO: [USF-XSim-69] 'elaborate' step finished in '5' seconds
Vivado Simulator 2019.2
Time resolution is 1 ps
 Block Memory Generator module loading initial data...
 Block Memory Generator data initialization complete.
Block Memory Generator module tb.cyclic_shift_generator_0.base_sequence_0.inst.phi_matrix_0.inst.blk_mem_gen_0.inst.native_mem_module.blk_mem_gen_v8_4_4_inst is using a behavioral model for simulation which will not precisely model memory collision behavior.
relaunch_sim: Time (s): cpu = 00:00:02 ; elapsed = 00:00:15 . Memory (MB): peak = 1160.770 ; gain = 0.000
close_sim
INFO: [Simtcl 6-16] Simulation closed
exit
INFO: [Common 17-206] Exiting Vivado at Wed Dec 24 22:38:31 2025...
